income_group,population,gdp_usd,total_electricity_generation_twh,electricity_demand_twh,solar_electricity_twh,wind_electricity_twh,renewables_electricity_twh,hydro_electricity_twh,nuclear_electricity_twh,fossil_electricity_twh,solar_share_pct,wind_share_pct,renewables_share_pct,fossil_share_pct,low_carbon_share_pct,carbon_intensity_gco2_kwh,co2_saved_solar_wind_mt,solar_yoy_growth_pct,wind_yoy_growth_pct,renewables_yoy_growth_pct,difference,indicator
1,30903894.0,0.03838839616916,0.0147032823989975,0.0135003504483942,0.0,0.0,0.0002569785744113,0.0004266530137702,0.0,0.0580464033747909,0.0,0.0,0.0021718100162334,0.998024310012837,0.001975689987163,0.5448685462288727,0.0,0.375,0.375,1.0,0.0700000000000002,2
1,31331226.0,0.0425388444407162,0.0165994773806864,0.0152831443308232,0.0,0.0,0.0003597700041759,0.0005973142192783,0.0,0.0608393337697287,0.0,0.0,0.0028994214937532,0.9973624037227216,0.0026375962772785,0.5445662514559049,0.0,0.375,0.375,1.0,0.0500000000000007,2
1,31750832.0,0.0486644040883348,0.0182003633078499,0.0168071455528997,0.0,0.0,0.0003083742892936,0.0005119836165242,0.0,0.0632598734453415,0.0,0.0,0.0023922983427546,0.9978237323491655,0.0021762676508344,0.544335084864812,0.0,0.375,0.375,0.1556122448979592,0.0199999999999995,2
1,32175813.0,0.0565396585112424,0.0211845390167374,0.0196107327067196,0.0,0.0,0.001336288586939,0.0022185956716051,0.0,0.0672630736780856,0.0,0.0,0.0096904619506051,0.9911846116816432,0.0088153883183568,0.5408764770211517,0.0,0.375,0.375,1.0,-0.009999999999998,0
1,32628286.0,0.0630181958148289,0.0237956927620139,0.0220261308700106,0.0,0.0,0.0012848928720567,0.0021332650688511,0.0,0.0711964506509564,0.0,0.0,0.0088195330608465,0.9919768934531452,0.0080231065468549,0.5412943550896658,0.0,0.375,0.375,0.3341836734693877,-0.0100000000000015,0
1,33109258.0,0.0714164241161962,0.0279300195253684,0.0259511528853584,0.0,0.0,0.0028267643185249,0.0046931831514724,0.0,0.0766892137610008,0.0,0.0,0.0178816032808663,0.9837331514762516,0.0162668485237483,0.5366265681541347,0.0,0.375,0.375,1.0,-0.0800000000000054,0
1,33623505.0,0.0766793484542718,0.0299816403252285,0.0278489657279442,0.0,0.0,0.0011307057274099,0.0018772732605889,0.0,0.0805294930540403,0.0,0.0,0.0068792357874602,0.9937419768934532,0.0062580231065468,0.5424146239541934,0.0,0.375,0.375,0.0,-0.0800000000000054,0
1,34189420.0,0.0839270541329262,0.0330279863613844,0.0305662886616465,0.0,0.0,0.0011307057274099,0.0018772732605889,0.0,0.085091279365772,0.0,0.0,0.0065264544650264,0.9940629011553276,0.0059370988446726,0.5425035341815367,0.0,0.375,0.375,0.3988095238095238,-0.0100000000000051,0
1,34816963.0,0.0906256821715405,0.0377529312337895,0.0348507449274841,0.0,0.0,0.0014390800167036,0.0023892568771132,0.0,0.0920270565132009,0.0,0.0,0.0076729937629364,0.9930198973042362,0.0069801026957637,0.5419967458856791,0.0,0.375,0.375,0.8630952380952381,0.0499999999999971,2
1,35490442.0,0.0969323135835363,0.0350640645794274,0.0323922146541343,0.0,0.0,0.0015418714464681,0.0025599180826213,0.0,0.0879540330205833,0.0,0.0,0.0085880203179992,0.9921875,0.0078125,0.5412854640669315,0.0,0.375,0.375,0.5195578231292517,0.0300000000000011,2
1,36188237.0,0.10599422166168,0.0463013512332067,0.042729543698219,0.0,0.0,0.0008737271529986,0.0014506202468187,0.0,0.1050840061095352,0.0,0.0,0.0041010828732936,0.9962692554557124,0.0037307445442875,0.5434637646368461,0.0,0.375,0.375,0.0,0.0700000000000002,2
1,36903374.0,0.1147391921147841,0.0548342286508067,0.0505220782488363,0.0,0.0,0.0025697857441135,0.0042665301377022,0.0,0.1170936068077678,0.0,0.0,0.0107598303342327,0.9902118100128372,0.009788189987163,0.5402185413388101,0.0,0.375,0.375,1.0,0.1400000000000005,2
1,37646165.0,0.1193147921422082,0.0644395442137882,0.0595366892511187,0.0,0.0,0.0031865343227008,0.0052904973707508,0.0,0.1311979053022038,0.0,0.0,0.0119063696321427,0.989168806161746,0.0108311938382541,0.5396850799747495,0.0,0.375,0.375,0.8069727891156463,0.0499999999999971,2
1,38414176.0,0.1232110538619502,0.0683096470862516,0.063059144905918,0.0,0.0,0.0016960585911149,0.0028159098908834,0.0,0.1376681940504764,0.0,0.0,0.006074453395658,0.9944740853658536,0.0055259146341463,0.5425746623634116,0.0,0.375,0.375,0.0,0.0900000000000034,2
1,39205035.0,0.1286468929119044,0.075117297922151,0.0692126592743022,0.0,0.0,0.0012848928720567,0.0021332650688511,0.0,0.1480485853516619,0.0,0.0,0.0042884979508366,0.9960987644415918,0.0039012355584082,0.5434637646368461,0.0,0.375,0.375,0.0,0.1899999999999977,2
1,40019528.0,0.134140817803712,0.0822202578125759,0.0760131552935679,0.0094581280788177,0.0011831694150706,0.0011307057274099,0.0011946284385566,0.0,0.1587548185322569,0.0233870967741935,0.0037186042411322,0.0035278132243386,0.996790757381258,0.0032092426187419,0.5438371875916885,0.0032935364347468,0.375,0.375,0.1947278911564626,0.0300000000000011,2
1,40850719.0,0.1390681164617287,0.0856396258123427,0.0788598745574466,0.0141871921182266,0.0017747541226059,0.0017474543059972,0.0018772732605889,0.0,0.1635958978834824,0.0341397849462365,0.0053855647630191,0.0052806954201818,0.9951961649550708,0.0048038350449293,0.5429303032727854,0.0041169205434335,0.7083333333333334,0.8320383912248629,1.0,0.25,2
1,41689302.0,0.1412928011098081,0.0934575444663551,0.0859622953471236,0.0898522167487684,0.0005915847075353,0.0032893257524653,0.0005119836165242,0.0,0.174604698523529,0.2013440860215053,0.0016669605218868,0.0092715341302148,0.9915657092426188,0.0084342907573812,0.5409298231575577,0.0214079868258542,1.0,0.0,1.0,0.3399999999999892,2
1,42505033.0,0.1432263483679784,0.0945144400299194,0.0872993907589454,0.1087684729064039,0.0005915847075353,0.0042144486203462,0.0010239672330485,0.0,0.1757684195214198,0.2416666666666666,0.0016669605218868,0.01177407663623,0.9892891527599488,0.0107108472400513,0.5396406248610778,0.0263482914779744,0.5156666666666667,0.375,0.8767006802721089,0.0900000000000034,2
1,43294551.0,0.1448569909994824,0.1020681347930408,0.0942149057383678,0.1119211822660098,0.0005915847075353,0.0044714271947576,0.0012799590413106,0.0,0.1869634155211288,0.2338709677419354,0.001538732789434,0.0117520278035779,0.9893092105263158,0.0106907894736842,0.5397028620202181,0.0263482914779744,0.3943333333333333,0.375,0.5025510204081634,0.1400000000000005,2
1,44042094.0,0.136457580470835,0.0985865964660054,0.0911093938141365,0.1292610837438423,0.0005915847075353,0.0045228229096399,0.0004266530137702,0.0,0.1817266710306204,0.2776881720430107,0.0016669605218868,0.0122260777055984,0.9888779685494224,0.0111220314505776,0.5395606056564686,0.0304652120214079,0.4783333333333333,0.375,0.4175170068027211,0.0600000000000022,2
1,44761099.0,0.1417716083528005,0.1082696249380725,0.0984993620042053,0.1245320197044335,0.0005915847075353,0.004163052905464,8.533060275404521e-05,0.0,0.196389555604044,0.2481182795698924,0.001538732789434,0.0104290978444509,0.990512676508344,0.0094873234916559,0.5403785797480283,0.0296418279127212,0.3503333333333333,0.375,0.2627551020408163,1.1499999999999917,2
1,45477391.0,0.1465083774329458,0.1173931204647232,0.1048972916629225,0.1308374384236453,0.0005915847075353,0.0044200314798753,0.000170661205508,0.0,0.2099352680194923,0.2438172043010752,0.0014105050569811,0.0103629513464946,0.9905728498074456,0.0094271501925545,0.5404852720208404,0.0312885961300946,0.409,0.375,0.5042517006802721,2.569999999999993,2
1,46164222.0,0.1465083774329458,0.124247399046074,0.111424617651816,0.1371428571428571,0.0011831694150706,0.0046770100542867,0.000170661205508,0.0,0.2200829151210997,0.2438172043010752,0.0026927823815095,0.0104621710934291,0.9904825898587934,0.0095174101412066,0.5404497079299031,0.0329353643474681,0.407,1.0,0.4974489795918367,2.4399999999999977,2
1,46814302.0,0.1465083774329458,0.1249934429732959,0.1119997124525996,0.1560591133004926,0.0011831694150706,0.0052937586328739,0.000170661205508,0.0,0.2209207942395811,0.2760752688172042,0.0026927823815095,0.0117851010525561,0.9892791238767652,0.0107208761232349,0.539854009406702,0.0370522848909016,0.467,0.375,0.6232993197278912,2.519999999999996,2
2,37213986.0,0.1299416147555336,0.1135230175922598,0.1067663497654691,0.0,0.0017747541226059,0.1490475731585878,0.2438748626710611,0.071860465116279,0.1242621281547749,0.0,0.0043597429033964,0.3593077768988869,0.6034880455712452,0.3965119544287548,0.2931548015968277,0.0008233841086867,0.375,0.9846892138939672,0.8681972789115647,-1.2199999999999989,0
2,37624817.0,0.1239073270256071,0.1153259570830459,0.1091961252987797,0.0,0.0029579235376765,0.190112749349523,0.3121393448742973,0.0820930232558139,0.1063175503672994,0.0,0.0070525252849059,0.4523979483561218,0.5099085365853658,0.4900914634146341,0.2456945222408933,0.0016467682173734,0.375,0.9846892138939672,0.8681972789115647,-1.75,0
2,38029345.0,0.1087449879807231,0.1066998241745432,0.1072120482360764,0.0,0.0041410929527471,0.1869776107417044,0.3053128966539737,0.0676744186046511,0.0977060149829078,0.0,0.0106429017935854,0.4741270729347823,0.4996790757381258,0.5003209242618742,0.2392396397357588,0.0024701523260601,0.375,0.7406307129798904,0.3715986394557823,-5.920000000000002,0
2,38424283.0,0.1206232117928209,0.1183256753737505,0.1166867350789856,0.0,0.0047326776602824,0.1786515049307763,0.2884174373086727,0.0880232558139535,0.1148127136519019,0.0,0.0111558127233967,0.416215813973999,0.5389120667522466,0.4610879332477535,0.2584086847510068,0.0032935364347468,0.375,0.5057129798903108,0.3222789115646258,-5.030000000000001,0
2,38815915.0,0.1338014892235858,0.1310550498819735,0.1262189314019733,0.0,0.0041410929527471,0.1613825447303331,0.2599170159888217,0.0915116279069767,0.1409964361044439,0.0,0.0089759412716985,0.3452736949158148,0.6071887034659821,0.392811296534018,0.2951108265983836,0.0024701523260601,0.375,0.2607404021937842,0.233843537414966,-3.469999999999999,0
2,39216786.0,0.1479686284702075,0.1395879272995735,0.1347015797135309,0.0,0.0041410929527471,0.1809643121004786,0.2920013226243427,0.0798837209302325,0.1472339806531384,0.0,0.0084630303418871,0.3670689659924318,0.6009306803594352,0.3990693196405648,0.294657384438932,0.0024701523260601,0.375,0.375,0.6045918367346939,-3.879999999999996,0
2,39622113.0,0.1622760052798555,0.1515246301351233,0.1435580396455978,0.0,0.0041410929527471,0.2011628280492113,0.3244269516708799,0.0897674418604651,0.1539835624409048,0.0,0.0079501194120758,0.3804085097469621,0.5856867779204109,0.4143132220795892,0.2882113929565318,0.0024701523260601,0.375,0.375,0.5892857142857143,-2.3599999999999994,0
2,40016767.0,0.1797052583925488,0.1516645133714774,0.1512211778660389,0.0,0.0035495082452118,0.1662651376441489,0.2664021417981291,0.0843023255813953,0.1710902611098989,0.0,0.0067960698200003,0.3141627920436788,0.6501524390243902,0.3498475609756097,0.3221128626425897,0.0024701523260601,0.375,0.2442870201096892,0.1045918367346938,-7.600000000000008,0
2,40424151.0,0.1887599435830627,0.1647047395160428,0.1602357888683213,0.0,0.0023663388301412,0.1667790947929716,0.266231480592621,0.0859302325581395,0.1900589133755182,0.0,0.0042315151709435,0.2934479137670155,0.6722560975609756,0.3277439024390244,0.3332977692423959,0.0016467682173734,0.375,0.0706124314442413,0.4039115646258503,-5.480000000000004,0
2,40854832.0,0.1772471871694658,0.1653419853705448,0.1618029222004565,0.0,0.0023663388301412,0.184253637852944,0.2954145467345044,0.0951162790697674,0.1812611826314641,0.0,0.0042315151709435,0.3231035936841119,0.639000320924262,0.3609996790757381,0.3170627617294817,0.0016467682173734,0.375,0.375,0.5773809523809524,-6.159999999999997,0
2,41288694.0,0.1995443470455982,0.1710616554792458,0.170601872652445,0.0,0.0017747541226059,0.1787029006456586,0.2846628907874948,0.0838372093023255,0.1945974252672922,0.0,0.003077465578868,0.3042187685175743,0.6658676989730424,0.3341323010269577,0.3341601984476274,0.0008233841086867,0.375,0.1464808043875685,0.3477891156462585,-8.599999999999994,0
2,41730655.0,0.2140502565034055,0.1764860165334214,0.1771579533813777,0.0,0.0017747541226059,0.1676014262310879,0.266146149989867,0.0744186046511627,0.2096327005600408,0.0,0.0029492378464152,0.2776278763391221,0.69786986521181,0.30213013478819,0.3504218790287446,0.0008233841086867,0.375,0.375,0.2933673469387755,-9.669999999999987,0
2,42161718.0,0.2116505623208021,0.1866353224600021,0.1835846377801341,0.0015763546798029,0.0218886341788064,0.1592753204201599,0.2488240376307958,0.0744186046511627,0.2286013528256601,0.0018817204301075,0.0348779432271714,0.2511692771565826,0.7243160301668806,0.2756839698331194,0.3613222729010518,0.0139975298476739,0.375,1.0,0.3137755102040817,-7.609999999999985,0
2,42582453.0,0.2172178462618721,0.191966428023275,0.1891630573477346,0.0031527093596059,0.0266213118390889,0.1787029006456586,0.2796283852250061,0.0722093023255814,0.228228962106335,0.003763440860215,0.0414175575822661,0.2748827966739336,0.7052812098844673,0.2947187901155327,0.3525112693713157,0.0172910662824207,1.0,0.5724405850091407,0.6062925170068028,-8.060000000000002,0
2,43024071.0,0.2112606417830377,0.1905520530779169,0.1904426432794781,0.0031527093596059,0.0366782518671892,0.1775207992033664,0.2766418141286145,0.0640697674418604,0.2282755109462506,0.003763440860215,0.0574460241388706,0.2748497234249555,0.710075016046213,0.2899249839537869,0.3542094547135757,0.0238781391519143,0.375,0.7205210237659962,0.3869047619047619,-9.860000000000014,0
2,43477011.0,0.2175719243396977,0.2012453493680969,0.1990403105511924,0.0015763546798029,0.0349034977445832,0.1769554463396614,0.2759591693065822,0.081860465116279,0.2409833442432177,0.0018817204301075,0.0520604593758515,0.2610140809357525,0.7140063382541721,0.2859936617458279,0.3563610822152872,0.0222313709345409,0.0416666666666666,0.3311243144424132,0.3937074829931973,-8.960000000000008,0
2,43900312.0,0.2126338255464338,0.2039808437679104,0.2023758603957371,0.0015763546798029,0.032537158914442,0.1618451061642735,0.2538585431932845,0.0962790697674418,0.2490362935486217,0.0018817204301075,0.0479571719373607,0.2358784117123399,0.7290095474967908,0.2709904525032092,0.3611266704008962,0.0205846027171675,0.375,0.3128427787934186,0.2542517006802721,-9.519999999999982,0
2,44288898.0,0.2191871697560389,0.2015406584226222,0.201470086084503,0.0031527093596059,0.0360866671596539,0.173100767723491,0.2695593741000288,0.070813953488372,0.2453822096152448,0.003763440860215,0.0537274198977383,0.2549947496217247,0.7260811136071887,0.2739188863928113,0.3553119415326344,0.0230547550432276,1.0,0.4746343692870201,0.5178571428571429,-10.45999999999998,0
2,44654876.0,0.212931915972058,0.2033591404952255,0.2018582750750319,0.0173399014778325,0.0834134437624787,0.1810157078153609,0.2754471856900579,0.0798837209302325,0.242705651320096,0.0201612903225806,0.1232268508871756,0.264530869743765,0.7124117458279846,0.2875882541720154,0.3454517973202458,0.0559901193906957,1.0,1.0,0.4770408163265306,-9.560000000000002,0
2,44973469.0,0.2082742073928997,0.192090768677812,0.1930593246230433,0.1261083743842364,0.295792353767655,0.1787542963605409,0.2346591575736243,0.0981395348837209,0.223201687395447,0.1540322580645161,0.4594399653785123,0.2748056257596512,0.6893553433889603,0.3106446566110398,0.3306304624220924,0.2149032523672293,1.0,1.0,0.3784013605442177,-10.689999999999998,0
2,45191960.0,0.1855930679122964,0.2000330279863613,0.1918084934313391,0.211231527093596,0.5566812097907269,0.1882111078988789,0.201977536718825,0.1163953488372093,0.2271583387882755,0.2489247311827957,0.8342496273381527,0.27911617254314,0.6766788350449294,0.3233211649550706,0.3280342837836636,0.3985179086043639,0.825,1.0,0.4889455782312925,-4.710000000000008,0
2,45312282.0,0.206953720187508,0.2132597651127323,0.2008662365436803,0.3467980295566503,0.7655106115506913,0.1903697279239343,0.1676746344116988,0.1182558139534883,0.2456149538148229,0.3862903225806451,1.0,0.266625508845716,0.6908496469833121,0.3091503530166881,0.3389613507241737,0.5607245780156442,0.803,0.7177787934186473,0.4175170068027211,-2.5,0
2,45407904.0,0.2188443856394492,0.2015406584226222,0.2049494096292436,0.4634482758620689,0.8376839458699992,0.2172496868073624,0.1942977824709609,0.086860465116279,0.2221776129173031,0.542741935483871,1.0,0.3200388059454678,0.657413350449294,0.342586649550706,0.3262471882140602,0.6340057636887608,0.599,0.4609232175502742,0.6386054421768708,-12.879999999999995,0
2,45538402.0,0.2188443856394492,0.2061257200586732,0.2127275668098413,0.5170443349753694,0.8566146565111291,0.2654588673669332,0.2687060680724883,0.1041860465116279,0.2037442723107135,0.5935483870967742,1.0,0.3832858824080634,0.5908416238767651,0.4091583761232349,0.2890916042072319,0.6578839028406752,0.4523333333333333,0.3960237659963437,0.7763605442176871,-15.340000000000003,0
2,45696153.0,0.2188443856394492,0.2122650398764364,0.2095357906654925,0.6258128078817734,0.9565924720845966,0.2695191288426327,0.2531758983712521,0.1215116279069767,0.2076311004436687,0.6997311827956989,1.0,0.3790745553715091,0.5864389441591784,0.4135610558408216,0.2836947534074844,0.7459860024701523,0.515,0.4819469835466179,0.4243197278911564,-9.170000000000016,0
2,45851379.0,0.2188443856394492,0.2132597651127323,0.2106428481570009,0.8102463054187192,1.0,0.2721917060165109,0.2239928322293686,0.1251162790697674,0.2071888864644702,0.9021505376344086,1.0,0.3812243165550904,0.5827382862644416,0.4172617137355584,0.2847350030674028,0.8801976121860847,0.5716666666666667,0.5139396709323583,0.4158163265306123,-9.299999999999985,0
0,19132472.0,0.1733772159042928,0.3122349261241658,0.2888269863235268,0.0078817733990147,0.007690601197959,0.0901480839035045,0.1405395027359124,0.0,0.462881664121027,0.0061827956989247,0.0076936639471701,0.0891765036614842,0.918876363928113,0.081123636071887,0.6937042668018102,0.0065870728694936,0.375,1.0,0.3715986394557823,0.0,1
0,19365438.0,0.1794721013368504,0.3237830644142875,0.2995093722480815,0.0078817733990147,0.0171559565185239,0.0887090038868009,0.1375529316395208,0.0,0.4808262419085025,0.0059139784946236,0.0165413774864158,0.0848439080453434,0.9228177150192556,0.0771822849807445,0.6911703253225218,0.0123507616303005,0.375,1.0,0.3715986394557823,0.0,1
0,19595356.0,0.1887343357441728,0.3225862856143691,0.2984023147565732,0.0094581280788177,0.0313539894993714,0.0922553082136776,0.1372969398312587,0.0,0.4774281765946615,0.007258064516129,0.0303899725913221,0.0885481119308989,0.9194480102695765,0.0805519897304236,0.6836485200892657,0.0222313709345409,0.5083333333333333,1.0,0.4668367346938776,0.0,1
0,19819449.0,0.1963799807625627,0.3264097607413811,0.3019391477813921,0.0094581280788177,0.0414109295274717,0.0959044039703189,0.1383209070643072,0.0,0.4815012000872791,0.007258064516129,0.0397505970603792,0.0910396300205881,0.91718148267009,0.0828185173299101,0.6814257644056795,0.0279950596953478,0.375,0.668418647166362,0.4668367346938776,0.0,1
0,20046679.0,0.2062468891640073,0.3315077275773971,0.3066549251478174,0.0110344827586206,0.0473267766028248,0.0996048954418425,0.1338837157210969,0.0,0.4874594515964798,0.0083333333333333,0.0447514786260398,0.0932004156204955,0.9152158215661104,0.0847841784338896,0.6820125719061463,0.0321119802387813,0.4863333333333333,0.5057129798903108,0.4651360544217687,0.0,1
0,20294490.0,0.2147062663774502,0.3338546574317826,0.3088259080207753,0.0126108374384236,0.0769060119795903,0.1064919212360669,0.1320064424605079,0.0,0.4878551167357627,0.0094086021505376,0.0721922133709468,0.0989992586080021,0.9099406290115531,0.0900593709884467,0.6810967965645087,0.0510498147385755,0.4703333333333333,0.9462979890310786,0.5161564625850341,0.0,1
0,20590566.0,0.2221288369279911,0.3451230292491961,0.3192495012849775,0.0157635467980295,0.1277822968276269,0.1086505412611223,0.1275692511172975,0.0,0.5037515455669505,0.0112903225806451,0.1164307810671753,0.0979298902243744,0.9109134306803596,0.0890865693196405,0.6799409636090439,0.0839851790860436,0.5416666666666667,0.9801188299817184,0.4328231292517007,0.0,1
0,20954545.0,0.2345728200011773,0.3532051717940996,0.3267257336951638,0.0173399014778325,0.1686016416475634,0.1042819054961292,0.111356436594029,0.0,0.5178325696414287,0.0120967741935483,0.150282902434724,0.091976705408303,0.9163290275994864,0.0836709724005134,0.6805188800867763,0.1095100864553314,0.4416666666666666,0.6665904936014625,0.3307823129251701,0.0,1
0,21370595.0,0.2420100805628389,0.3566089972120493,0.3298743777294539,0.0220689655172413,0.2046883088072173,0.0982686068549034,0.1008607724552814,0.0,0.5256527747472545,0.0153225806451612,0.1808011027584991,0.085902252012645,0.921854942233633,0.0781450577663671,0.6808389569052127,0.1333882256072457,0.557,0.5706124314442413,0.3001700680272109,0.0,1
0,21783014.0,0.2490568697313019,0.3636342441933886,0.3363729489783082,0.0457142857142857,0.2626636101456777,0.1036137612026597,0.1078578818811131,0.0,0.5337522728925741,0.0311827956989247,0.22786068056869,0.088933966502311,0.9190969993581516,0.0809030006418485,0.6751487023552318,0.1753808151502676,1.0,0.6336837294332724,0.4906462585034014,0.0,1
0,22141583.0,0.2576346504726396,0.3652973004478206,0.3379113275704042,0.1544827586206896,0.2952007690601197,0.113892904179114,0.1173295787868121,0.0,0.5315877518364973,0.1048387096774193,0.2549167321162384,0.0973455961590933,0.9114449614890886,0.0885550385109114,0.66675557689401,0.2214903252367229,1.0,0.488345521023766,0.5671768707482994,0.0,1
0,22479779.0,0.2660511413583008,0.3735504113927124,0.345545711050806,0.3215763546798029,0.3803889669452044,0.1573222832546336,0.1669919895896664,0.0,0.5242795839697434,0.2139784946236559,0.3217233807241661,0.1316756285984384,0.8802150192554558,0.1197849807445443,0.643416642216354,0.3137093454096336,1.0,0.6391681901279707,1.0,0.0,1
0,22852648.0,0.276845277403862,0.3648154804114898,0.3374656290997969,0.3799014778325123,0.4567033942172594,0.1555748289486364,0.145403347092893,0.0,0.5119906902320169,0.2583333333333333,0.3949414159547356,0.1331308515534781,0.8788912066752248,0.1211087933247753,0.6412561236919082,0.3754631535611362,0.4956666666666667,0.5587294332723949,0.3801020408163265,0.0,1
0,23236271.0,0.2833797135480053,0.3631057964116064,0.3358841183976421,0.6068965517241379,0.5478074391776971,0.1826089749767113,0.1628961206574723,0.0,0.4971881591388465,0.4147849462365591,0.4758531151324753,0.1569546152340897,0.8572187901155328,0.1427812098844672,0.6227361233362673,0.4857966241251544,0.7736666666666667,0.5569012797074955,0.6947278911564626,0.0,1
0,23595599.0,0.2911467243882676,0.3601371632845361,0.3331380407239006,0.7802955665024631,0.5785698439695333,0.168372361954322,0.1235587127878574,0.0,0.4991897592552187,0.5373655913978495,0.5063713154562504,0.145830979161097,0.8673379332477537,0.1326620667522464,0.629866723569212,0.5459036640592836,0.5656666666666667,0.4261882998171846,0.266156462585034,0.0,1
0,23947997.0,0.298242365130052,0.3699911601565915,0.3422532933163201,0.9773399014778326,0.6998447090142719,0.1839966592785326,0.1202308192804497,0.0,0.5068703178412977,0.6561827956989247,0.5972847777653113,0.1553891481157894,0.8586428915275995,0.1413571084724005,0.6258924364069598,0.6677645121449155,0.5436666666666667,0.5669561243144424,0.5569727891156463,0.0,1
0,24329963.0,0.3068033664988192,0.3765812148470513,0.348349298204626,1.0,0.7714264586260443,0.214525713918602,0.1504378526553817,0.0,0.5029136664484691,0.7744623655913977,0.647550048886823,0.1781986654944037,0.837893132220796,0.1621068677792041,0.6114889795773207,0.7591601482091396,0.5083333333333333,0.468235831809872,0.681122448979592,0.0,1
0,24731044.0,0.3145830954495485,0.3777313659015183,0.3494132235860756,1.0,0.7814833986541447,0.2014198066236227,0.115196313717961,0.0,0.5105709506145902,0.9258064516129032,0.6540896632419178,0.1668324922622378,0.8482329107830553,0.1517670892169448,0.6155521769669164,0.8200905722519556,0.5076666666666667,0.3868829981718464,0.2950680272108844,0.0,1
0,25119700.0,0.3240040453923977,0.383419950846585,0.3546753410132452,1.0,0.9619167344524144,0.2543573929523626,0.1477072733672522,0.0,0.495116735762601,1.0,0.7938578916155092,0.2077441012482395,0.8110157252888319,0.1889842747111682,0.5891814035368487,1.0,0.6296666666666667,0.5861517367458866,0.8460884353741498,0.0,1
0,25482714.0,0.3306846194908605,0.3885023751007839,0.3593767410096508,1.0,1.0,0.2840127204394333,0.1196335050611713,0.0,0.4892981307731472,1.0,0.938883457019667,0.2291094200881402,0.7915797496790759,0.2084202503209242,0.5728930498875285,1.0,0.6976666666666667,0.555073126142596,0.5977891156462585,0.0,1
0,25743787.0,0.3241946855127876,0.3873366814644997,0.3582984382581816,1.0,1.0,0.3303716552632424,0.1230467291713331,0.0,0.4665590224743619,1.0,1.0,0.2672649249926274,0.7568697849807446,0.2431302150192554,0.5481937887315177,1.0,0.577,0.5221663619744059,0.6760204081632654,0.0,1
0,25956417.0,0.3421870663192075,0.3909114752824378,0.3616052333626872,1.0,1.0,0.3971346888953133,0.136016980789948,0.0,0.4416786675394575,1.0,1.0,0.3185064120761456,0.7102555359435173,0.2897444640564827,0.5158215749557671,1.0,0.5803333333333334,0.5441042047531992,0.7423469387755102,0.0,1
0,26200987.0,0.355461406944304,0.3994132675364036,0.3694696547634025,1.0,1.0,0.4494041309305836,0.1421607841882393,0.0,0.4307396901592843,1.0,1.0,0.3532112746705767,0.6786846116816432,0.3213153883183569,0.490882256185929,1.0,0.511,0.4856032906764168,0.6232993197278912,0.0,1
0,26451126.0,0.355461406944304,0.3997085765909289,0.3697428247937747,1.0,1.0,0.4886190613857569,0.1286785489531001,0.0,0.4134235217106699,1.0,1.0,0.3837599323100839,0.6508945763799744,0.3491054236200257,0.4720688520800548,1.0,0.507,0.4307586837294332,0.5467687074829932,0.0,1
0,26713206.0,0.355461406944304,0.412966398880934,0.3820067214204842,1.0,1.0,0.507738267321962,0.109649824538948,0.0,0.424618517710379,1.0,1.0,0.3867034514691413,0.6482168645699615,0.3517831354300385,0.4695171285552977,1.0,0.4523333333333333,0.3996800731261426,0.4651360544217687,0.0,1
0,26974024.0,0.355461406944304,0.4202714123349814,0.3887640853296911,1.0,1.0,0.5683338151681603,0.1042739965654432,0.0,0.4081169539602881,1.0,1.0,0.4257409096797132,0.6127045892169448,0.3872954107830552,0.4440443484213988,1.0,0.453,0.5559872029250457,0.6011904761904763,0.0,1
0,8012929.0,0.0584497297112328,0.0679210825408235,0.0608594072929209,0.0,0.0041410929527471,0.2232629854485882,0.3570232419229251,0.0,0.03675030911339,0.0,0.0150026446969818,0.8029854119410967,0.2695262355584082,0.7304737644415918,0.1579401278529069,0.0024701523260601,0.375,0.7671389396709323,0.3511904761904762,1.3699999999999974,2
0,8042233.0,0.0598248791519038,0.0700037885043179,0.0650719767086605,0.0015763546798029,0.0059158470753531,0.2170954996627156,0.3452476187428669,0.0,0.0426620117826751,0.0043010752688172,0.0210293481222651,0.7636502944897213,0.3053092907573813,0.6946907092426188,0.1807900562801739,0.0041169205434335,0.375,0.7671389396709323,0.3511904761904762,-0.2200000000000059,0
0,8081640.0,0.0614708965337114,0.0694597981407186,0.0652588825189152,0.0015763546798029,0.0082821859054943,0.2153480453567183,0.3432850148795238,0.0,0.0426387373627173,0.0043010752688172,0.0296206061966051,0.761875363461226,0.3069239409499358,0.6930760590500643,0.1781583135508077,0.0057636887608069,0.375,0.7406307129798904,0.3852040816326531,-0.6999999999999957,0
0,8122604.0,0.0623804499274392,0.0653254713773641,0.0684937907733228,0.0015763546798029,0.0218886341788064,0.1811184992451254,0.2833829317461841,0.0,0.0519485053458433,0.0045698924731182,0.0818092933049095,0.6701742684610743,0.3903441912708601,0.6096558087291399,0.2281792074542334,0.0139975298476739,0.375,1.0,0.1284013605442177,-5.609999999999999,0
0,8173496.0,0.0649498722520673,0.0713559931224075,0.0704347357259673,0.0031527093596059,0.0550173778007838,0.2036298223635604,0.3136752957238701,0.0,0.0507847843479525,0.0086021505376344,0.1928545096090657,0.7062020610146323,0.3575698010269577,0.6424301989730424,0.2076854000515679,0.0354055166735282,1.0,1.0,0.6096938775510204,-3.0800000000000054,0
0,8229204.0,0.0671132044991344,0.0752727237403223,0.0733964739500027,0.0031527093596059,0.0786807661021962,0.2101056824387266,0.3165765362175077,0.0,0.0537173612626372,0.0083333333333333,0.2649184952475596,0.7001386320353004,0.3630856867779204,0.6369143132220797,0.2029375939114276,0.0502264306298888,0.375,0.7680530164533821,0.4532312925170068,-2.6199999999999903,0
0,8269901.0,0.0704064383920687,0.0719155260678239,0.0756393436730586,0.0031527093596059,0.1035273238186792,0.2089749767113166,0.3042889294209251,0.0,0.0492021237908211,0.0086021505376344,0.3607046113898284,0.7205448266548339,0.3445222240051348,0.6554777759948652,0.2020573826607274,0.0658707286949362,0.375,0.6638482632541134,0.3903061224489796,-6.339999999999996,0
0,8296948.0,0.0740546087800951,0.0728791661404855,0.0760706647736462,0.0031527093596059,0.1206832803372032,0.2218753011467668,0.3161498832037375,0.0,0.0448032584187941,0.0086021505376344,0.4163554472743593,0.7574766213471287,0.3109254653401797,0.6890745346598204,0.1839908244645381,0.0765747221078633,0.375,0.5267367458866545,0.5042517006802721,-6.019999999999996,0
0,8323250.0,0.0758940512662303,0.0752882663221394,0.0766313822044102,0.0047290640394088,0.1189085262145973,0.2288651183707558,0.3270722003562553,0.0,0.0452454723979926,0.0126344086021505,0.4003269807177547,0.7625258040244633,0.3063322368421052,0.6936677631578948,0.1730726485467623,0.0757513379991766,0.7083333333333334,0.3612888482632541,0.4532312925170068,-4.859999999999999,0
0,8345073.0,0.0726070367957424,0.0781325587946727,0.0733964739500027,0.0078817733990147,0.1153590179693854,0.2424849828145578,0.3490021652640449,0.0,0.0433369699614517,0.0204301075268817,0.3776306720736027,0.7855778585622508,0.2853618421052632,0.7146381578947368,0.151271860802148,0.0741045697818032,0.8196666666666668,0.3475776965265082,0.5008503401360545,-0.7800000000000011,0
0,8365087.0,0.0747604710755368,0.0806349144672294,0.0780978739464083,0.0141871921182266,0.1218664497522738,0.2312293212553403,0.3273281921645174,0.0,0.0521812495454214,0.035752688172043,0.3894276234592637,0.7313267058217188,0.3347139762516046,0.6652860237483954,0.1787362300285402,0.0798682585426101,0.9083333333333332,0.4261882998171846,0.320578231292517,-2.440000000000012,0
0,8393272.0,0.0777983745551071,0.0718999834860068,0.0782991571266826,0.0267980295566502,0.1147674332618501,0.2102598695833734,0.2921719838298508,0.0,0.0485969888719179,0.0733870967741935,0.3999422975203963,0.725097910597496,0.340380295250321,0.6596197047496791,0.1892365278778018,0.0782214903252367,0.9676666666666668,0.3219835466179159,0.244047619047619,-8.200000000000003,0
0,8431599.0,0.0784627450998512,0.0819249487580505,0.0798087809787394,0.0535960591133004,0.1455298380536863,0.2638142044907005,0.3741746930764882,0.0,0.0393570441486653,0.1330645161290322,0.4594399653785123,0.8243066331156932,0.2501303754813864,0.7498696245186136,0.1423630560223342,0.1037463976945245,1.0,0.6199725776965266,0.832482993197279,-2.799999999999997,0
0,8481411.0,0.0784878150596841,0.0755524902130305,0.0803407436694642,0.0993103448275862,0.1863491828736226,0.259548360155472,0.358559192772498,0.0,0.0317463088224598,0.2623655913978494,0.6257513343698409,0.8624841868528325,0.215400353016688,0.784599646983312,0.1312314955589341,0.1399752984767394,0.9436666666666668,0.6309414990859232,0.3715986394557823,-7.269999999999996,0
0,8547812.0,0.0791380198960123,0.0708897156678938,0.0789030066675053,0.1245320197044335,0.2277601124010944,0.2580064887090039,0.3499408018943393,0.0,0.0254622154338497,0.3451612903225806,0.8020644664924907,0.8991513955533018,0.1820442875481386,0.8179557124518614,0.1108710534972837,0.1720872787155207,0.5443333333333333,0.5779250457038392,0.3886054421768707,-9.269999999999996,0
0,8644037.0,0.0801421048480342,0.0712471950496877,0.0803694984095034,0.1481773399014778,0.2863269984470901,0.2445922071247309,0.3170885198340319,0.0,0.0320721507018692,0.4091397849462365,1.0,0.8492218140125846,0.2274650994865212,0.772534900513479,0.1300845536262036,0.2140798682585426,0.5016666666666667,0.6099177330895795,0.310374149659864,-10.060000000000002,0
0,8737920.0,0.0821311715467955,0.0760498528311784,0.0806426684398756,0.1733990147783251,0.3093988020409672,0.2625293116186438,0.3410664192079187,0.0,0.0311411739035566,0.4559139784946236,1.0,0.86808459034647,0.2103056803594351,0.7896943196405649,0.1145786099775057,0.2346644709757101,0.4883333333333333,0.4490402193784277,0.5229591836734694,-7.159999999999997,0
0,8798779.0,0.0844341807279218,0.0795003059945795,0.0829574250130295,0.2001970443349753,0.3886711528506987,0.2623751244739969,0.3267308779452391,0.0,0.036377918394065,0.5088709677419354,1.0,0.8388698870824159,0.2368822207958922,0.7631177792041078,0.1219581588470121,0.2906545903664059,0.4783333333333333,0.6090036563071298,0.397108843537415,-6.549999999999997,0
0,8841653.0,0.0869631625039891,0.0757390011948359,0.0829286702729903,0.2301477832512315,0.356725578643792,0.257286948700652,0.3211843887662262,0.0,0.0330496763400974,0.6069892473118279,1.0,0.8533780189675084,0.2236842105263158,0.7763157894736843,0.1174770833889022,0.2774804446274187,0.475,0.3000457038391225,0.3664965986394558,-8.950000000000003,0
0,8880876.0,0.0885837456694322,0.0850956354487434,0.0832162176733821,0.2679802955665024,0.440730607113806,0.2808261861167325,0.3484048510447665,0.0,0.0364011928140228,0.6465053763440859,1.0,0.8521322599226638,0.224817474326059,0.775182525673941,0.1129426617943862,0.3392342527789214,0.4843333333333333,0.5898080438756855,0.5535714285714286,-3.1299999999999955,0
0,8921402.0,0.0815862953368495,0.0825155668671012,0.0794924788383085,0.3215763546798029,0.4016860164164755,0.2848350518775497,0.3583885315669898,0.0,0.0307222343443159,0.7943548387096774,1.0,0.8850842403212518,0.1948411424903723,0.8051588575096278,0.0956051674624132,0.3268834911486208,0.5083333333333333,0.2936471663619744,0.4226190476190476,-2.200000000000003,0
0,8967053.0,0.0862080025755054,0.0788475175582604,0.083776935104146,0.4382266009852216,0.398728092878799,0.2711123960039831,0.3306560856719251,0.0,0.0314437413630082,1.0,1.0,0.872262844134046,0.2065047336328626,0.7934952663671373,0.0973922630320165,0.3524083985179086,0.617,0.3686014625228519,0.3171768707482993,-7.539999999999992,0
0,9064678.0,0.0915070516378522,0.0754281495584935,0.0822816886221088,0.5974384236453202,0.4283073282555645,0.2590857987215315,0.2954998773372586,0.0,0.0317695832424176,1.0,1.0,0.862010136950812,0.2158315949935815,0.7841684050064185,0.1023267806495781,0.4083985179086044,0.617,0.4426416819012797,0.3239795918367347,-8.700000000000003,0
0,9130434.0,0.0915070516378522,0.08554637032144,0.0790324029976816,1.0,0.4756341048583893,0.3091966207317465,0.3470395614007018,0.0,0.0242286711760855,1.0,1.0,0.9343854301313836,0.1499919768934531,0.8500080231065469,0.076436122447165,0.5533141210374639,0.9203333333333332,0.4755484460694698,0.7270408163265307,0.0700000000000073,2
0,9120815.0,0.0915070516378522,0.0971877641024644,0.0801538378592096,1.0,0.5407084226872735,0.3477434068934502,0.3900461851887406,0.0,0.0242053967561277,1.0,1.0,0.9505692732980372,0.1352695763799743,0.8647304236200257,0.0691099197140647,0.6405928365582544,0.4956666666666667,0.5002285191956124,0.6113945578231292,6.780000000000001,2
0,9113578.0,0.0915070516378522,0.0890279086484753,0.0861204464173391,1.0,0.4916068919618427,0.314593170794385,0.3236589762460934,0.0,0.0269983271510655,1.0,1.0,0.9216081316094822,0.1616154525032092,0.8383845474967907,0.0810505632462902,0.6899958830794566,0.553,0.2918190127970749,0.2372448979591837,-2.6200000000000045,0
1,134544303.0,0.0362303133953119,0.0,0.0,0.0,0.0,0.0048311971989335,0.0080210766588802,0.0,0.0339573787184522,0.0,0.0,0.0650109830747648,0.9408596758664955,0.0591403241335045,0.5510655890747111,0.0,0.375,0.375,0.4719387755102041,0.0,1
1,136805810.0,0.0396756332627665,0.0022381317816655,0.0020703412828208,0.0,0.0,0.0050367800584626,0.0083623990698964,0.0,0.0372157975125463,0.0,0.0,0.0621666836626418,0.9434471277278564,0.0565528722721437,0.5526215180532216,0.0,0.375,0.375,0.4719387755102041,0.0,1
1,138933659.0,0.0433387188186278,0.0046783171269537,0.0043275883758963,0.0,0.0,0.0053965500626385,0.0089597132891747,0.0,0.0407069605062186,0.0,0.0,0.0610862908626881,0.944429958279846,0.055570041720154,0.5527904474851741,0.0,0.375,0.375,0.5195578231292517,0.0,1
1,140970355.0,0.0478170602878091,0.0064190862904714,0.0059378538180903,0.0,0.0,0.0057563200668144,0.009557027508453,0.0,0.0431507746017892,0.0,0.0,0.0615162430994044,0.9440388318356868,0.0559611681643132,0.5534483831675157,0.0,0.375,0.375,0.5127551020408163,0.0,1
1,142902857.0,0.0528555218562593,0.0142836326899352,0.0132128030480024,0.0,0.0,0.0062188815007548,0.0103250029332394,0.0,0.0547181613208233,0.0,0.0,0.0530825646099699,0.9517109274711169,0.0482890725288831,0.5576894010117983,0.0,0.375,0.375,0.5348639455782314,0.0,1
1,144715789.0,0.0584090177727109,0.0171279251624685,0.0158438617615872,0.0,0.0,0.0065786515049307,0.0109223171525177,0.0,0.0588144592333988,0.0,0.0,0.052343928716124,0.952382862644416,0.047617137355584,0.5591742018084339,0.0,0.375,0.375,0.4974489795918367,0.0,1
1,146405983.0,0.0648278549919936,0.0221015513439476,0.0204446201678557,0.0015763546798029,0.0,0.0071440043686357,0.0117756231800582,0.0,0.0660062550003636,0.0088709677419354,0.0,0.0508115348468019,0.953776877406932,0.046223122593068,0.5602144514683524,0.0,0.375,0.375,0.5450680272108843,0.0,1
1,147989282.0,0.0714772967770899,0.0233915856347687,0.0216379418794816,0.0031527093596059,0.0,0.0039060743310526,0.0063144646037993,0.0,0.0694043203142046,0.0174731182795698,0.0,0.0270318688314945,0.9754091784338896,0.0245908215661103,0.5755781387533007,0.0008233841086867,1.0,0.375,0.0,0.0,1
1,149474264.0,0.0777280021553424,0.0284273821435163,0.0262962097658285,0.0031527093596059,0.0,0.004933988628698,0.0080210766588802,0.0,0.0764797439813805,0.0155913978494623,0.0,0.030923487794593,0.9718689826700898,0.0281310173299101,0.5750357863665057,0.0008233841086867,0.375,0.375,0.8460884353741498,0.0,1
1,150873716.0,0.0842140529153369,0.0330901566886529,0.0306094207717053,0.0047290640394088,0.0,0.0024155985994667,0.0037545465211779,0.0,0.0846025165466579,0.021774193548387,0.0,0.0139128134034853,0.9873435494223364,0.0126564505776636,0.5834555848959305,0.0008233841086867,0.7083333333333334,0.375,0.0,0.0,1
1,152201978.0,0.0918622852288578,0.0387321138882682,0.0358284060888162,0.0110344827586206,0.0,0.0042658443352285,0.0064851258093074,0.0,0.0922132518728635,0.0459677419354838,0.0,0.022390589558224,0.979631338254172,0.0203686617458279,0.5774541445502476,0.0024701523260601,1.0,0.375,1.0,0.0,1
1,153591074.0,0.1006094962454687,0.0439544213788212,0.0406592024153981,0.0094581280788177,0.0,0.0050367800584626,0.0078504154533721,0.0,0.0996843406793221,0.0365591397849462,0.0,0.0244301065785448,0.977775994865212,0.0222240051347881,0.575071350457443,0.0024701523260601,0.2796666666666667,0.375,0.7066326530612246,0.0,1
1,155070110.0,0.1081581645578667,0.050793157378355,0.0469852452240174,0.0141871921182266,0.0,0.0046770100542867,0.0069971094258317,0.0,0.1100880064004655,0.0497311827956989,0.0,0.0206377073623808,0.9812259306803596,0.0187740693196405,0.5761827282992361,0.0032935364347468,0.7083333333333334,0.375,0.2780612244897959,0.0,1
1,156532134.0,0.1158856971188931,0.0581292559960366,0.0537713638732634,0.0204926108374384,0.0,0.005499341492403,0.0080210766588802,0.0,0.1207011419012292,0.0655913978494623,0.0,0.0221149791500726,0.9798820603337612,0.0201179396662387,0.5761738372765018,0.0049403046521202,0.671,0.375,0.6981292517006803,0.0,1
1,157964931.0,0.1244451961630083,0.0623412956684767,0.0609312941430189,0.0252216748768472,0.0,0.0040088657608171,0.0052904973707508,0.0,0.1276834678885737,0.0766129032258064,0.0,0.0153459875258729,0.9860397946084724,0.0139602053915275,0.5786188685284467,0.0057636887608069,0.529,0.375,0.0,-2.270000000000003,0
1,159383179.0,0.1343035797027559,0.0673770921772242,0.0671854501015401,0.0315270935960591,0.0005915847075353,0.0041116571905817,0.0050345055624886,0.0,0.1351778311149902,0.0905913978494623,0.0021798714516982,0.0148719376238524,0.9864710365853658,0.0135289634146341,0.5779876059143083,0.0074104569781803,0.5416666666666667,0.375,0.4430272108843537,-3.3800000000000026,0
1,160811934.0,0.1448646759423487,0.0826088223580039,0.0819078770015994,0.034679802955665,0.0005915847075353,0.0063730686454016,0.0086183908781585,0.0,0.1569626881955051,0.0854838709677419,0.0017951882543397,0.0197888273052743,0.9819981546854942,0.0180018453145057,0.5751158055711147,0.008233841086867,0.4416666666666666,0.375,1.0,-3.819999999999993,0
1,162186146.0,0.1563184128668377,0.0893853880302691,0.0893841094117858,0.0394088669950738,0.0005915847075353,0.006630047219813,0.0087890520836666,0.0,0.1669939631973235,0.0913978494623656,0.0017951882543397,0.019358875068558,0.9823892811296536,0.0176107188703465,0.5747246005708035,0.0098806093042404,0.4656666666666667,0.375,0.4668367346938776,-4.659999999999997,0
1,163523109.0,0.1697067477292733,0.0982446596660287,0.0977517387631867,0.0488669950738916,0.0005915847075353,0.007195400083518,0.0092157050974368,0.0,0.1800043639537421,0.1053763440860215,0.0016669605218868,0.0195021924807968,0.982258905648267,0.0177410943517329,0.5754981195486916,0.0115273775216138,0.535,0.375,0.5433673469387755,-4.780000000000001,0
1,164913060.0,0.1804002681890872,0.1075080384290335,0.1092105026687993,0.0583251231527093,0.0005915847075353,0.0061160900709903,0.0069117788230776,0.0,0.194364681067714,0.1169354838709677,0.001538732789434,0.0154121340238292,0.9859796213093712,0.014020378690629,0.5774630355729818,0.0139975298476739,0.5043333333333333,0.375,0.1437074829931973,-6.790000000000006,0
1,166298024.0,0.1907703620046783,0.1080520287926328,0.1095411821792498,0.0725123152709359,0.0005915847075353,0.0064244643602839,0.0066557870148155,0.0,0.1950396392464906,0.1446236559139785,0.001538732789434,0.016128721085023,0.9853277439024392,0.0146722560975609,0.5807260409164865,0.0172910662824207,0.537,0.375,0.483843537414966,-6.670000000000002,0
1,167658855.0,0.205553372968893,0.1238899196642802,0.1262476861420124,0.0961576354679803,0.0005915847075353,0.0069384215091066,0.0062291340010453,0.0,0.2185235289839261,0.171505376344086,0.0012822773245283,0.015555451436068,0.9858492458279846,0.0141507541720154,0.580841624212033,0.0230547550432276,0.5923333333333334,0.375,0.5348639455782314,-8.099999999999994,0
1,169384891.0,0.2197460351876861,0.1341480236635808,0.1351760329241773,0.1371428571428571,0.0005915847075353,0.0081719186662811,0.0060584727955372,0.0,0.2333260600770965,0.228763440860215,0.0012822773245283,0.0171429673870204,0.9844050866495508,0.0155949133504492,0.5785655223920407,0.0329353643474681,0.659,0.375,0.7015306122448981,-7.709999999999994,0
1,171466986.0,0.2197460351876861,0.1317855512273782,0.136901317326528,0.1686699507389162,0.0,0.0088400629597507,0.0055464891790129,0.0,0.2294857807840571,0.2854838709677419,0.0,0.0188297030849073,0.9828706675224648,0.0171293324775353,0.584113520578272,0.0395224372169617,0.5283333333333333,0.0,0.5382653061224489,-10.429999999999993,0
1,173562366.0,0.2197460351876861,0.1333553519909076,0.1377352047876642,0.1923152709359606,0.0,0.0098679772573961,0.0059731421927831,0.0,0.23137100880064,0.3223118279569892,0.0,0.0208030736072717,0.981075497432606,0.018924502567394,0.595654068087452,0.0452861259777686,0.4683333333333333,0.0,0.5960884353741497,-10.0,0
1,175686904.0,0.2197460351876861,0.1359354205725498,0.1468217026400446,0.2459113300492611,0.0,0.011358452988982,0.0055464891790129,0.0,0.2345596043348607,0.4056451612903225,0.0,0.0235591776887862,0.9785682766367138,0.0214317233632862,0.5960363820650288,0.0576368876080691,0.5609999999999999,0.0,0.6556122448979592,-14.659999999999997,0
0,10251719.0,0.0766797830139612,0.1039021594474612,0.1023381197994357,0.0,0.0011831694150706,0.0053965500626385,0.003925207726686,0.5599999999999999,0.0772012510000727,0.0,0.003077465578868,0.0139789599014417,0.4038831835686778,0.5961168164313222,0.216807589377006,0.0008233841086867,0.375,1.0,0.4481292517006803,-4.329999999999998,0
0,10287005.0,0.0776034357408425,0.0974364454115384,0.1032295167406502,0.0,0.0023663388301412,0.0055507372072853,0.0037545465211779,0.538953488372093,0.0716619390501127,0.0,0.0065396143550946,0.0151475480320038,0.3950577663671374,0.6049422336328627,0.2018973442515092,0.0016467682173734,0.375,1.0,0.4481292517006803,-9.11,0
0,10332975.0,0.0794712908956023,0.1010267818112936,0.1043653289721977,0.0,0.0035495082452118,0.0058591114965789,0.0030719016991456,0.5506976744186046,0.0745479671248818,0.0,0.0094888522015098,0.0155223781870898,0.3990592907573813,0.6009407092426188,0.1992211464084713,0.0024701523260601,0.375,0.8320383912248629,0.494047619047619,-7.590000000000003,0
0,10376262.0,0.0803735009575016,0.1051144808291967,0.1064500476250382,0.0,0.0053242623678177,0.0061674857858726,0.0021332650688511,0.5509302325581396,0.0804829442141246,0.0,0.0138485951049063,0.0158310618442194,0.4170109916559692,0.5829890083440309,0.1986076658398015,0.0032935364347468,0.375,0.8320383912248629,0.4889455782312925,-6.410000000000011,0
0,10421298.0,0.0841598723066492,0.1040886704292666,0.107470840896429,0.0,0.0082821859054943,0.0077093572323407,0.0027305792881294,0.5501162790697675,0.0784115208378791,0.0,0.0216704867845293,0.0199431691338391,0.4095896181001284,0.5904103818998717,0.1972651214069154,0.0049403046521202,0.375,0.8832266910420475,0.8239795918367347,-7.780000000000001,0
0,10478883.0,0.0864885467240805,0.1063734299563836,0.1074564635264094,0.0,0.0136064482733121,0.0108444958401593,0.0024745874798673,0.5534883720930233,0.0797381627754746,0.0,0.0350061709596243,0.0275720652314714,0.4091784338896021,0.5908215661103979,0.1914237194704507,0.008233841086867,0.375,0.9627513711151736,1.0,-6.300000000000011,0
0,10548445.0,0.0892901696606181,0.1047570014474029,0.1115108818719335,0.0,0.0218886341788064,0.0152131316051524,0.0030719016991456,0.5424418604651162,0.0775503672994399,0.0,0.0569331132090593,0.0391587267901585,0.4030106707317073,0.5969893292682927,0.1830039209410258,0.0139975298476739,0.375,0.931672760511883,1.0,-10.159999999999997,0
0,10625488.0,0.0931560869108487,0.1101502773379443,0.1116402782021099,0.0015763546798029,0.0289876506692301,0.0179371044939128,0.0033278935074077,0.560813953488372,0.0807156884137028,0.0032258064516129,0.0723204411033996,0.0443181536307537,0.4024991976893453,0.5975008023106547,0.1765134743449539,0.0181144503911074,0.375,0.6711608775137111,0.7032312925170068,-6.780000000000001,0
0,10709711.0,0.0941523926438139,0.1043218091565235,0.111740919792247,0.0063054187192118,0.0378614212822598,0.022716905977964,0.0034985547129158,0.5298837209302325,0.0760142555822241,0.0129032258064516,0.0988635817211367,0.0586609192709553,0.3964116655969191,0.6035883344030809,0.1711788607043468,0.0255249073692877,1.0,0.6547074954296161,0.8511904761904763,-10.599999999999994,0
0,10812936.0,0.0916953707768769,0.1147353389739953,0.1034883094010028,0.0267980295566502,0.0585668860459957,0.0279592688959557,0.0028159098908834,0.5490697674418604,0.0853938468252236,0.0508064516129032,0.1414351888954783,0.0668189873522383,0.4116254813863929,0.5883745186136072,0.1699607905897415,0.0428159736517085,1.0,0.875,0.7916666666666667,1.8400000000000036,2
0,10936619.0,0.0949818963345258,0.1198333058100113,0.1116402782021099,0.0914285714285714,0.0769060119795903,0.0337669846776524,0.0026452486853754,0.5574418604651162,0.0887220888791912,0.1674731182795698,0.1791341422366122,0.0778434036782965,0.4124277920410783,0.5875722079589217,0.16631547126866,0.0699876492383697,1.0,0.6611060329067642,0.7525510204081634,-0.5499999999999972,0
0,11038624.0,0.0976823589795553,0.1139892950467734,0.1090954837086426,0.1907389162561576,0.1372476521481919,0.0429668176415791,0.0017066120550809,0.560813953488372,0.0751298276238272,0.3642473118279569,0.3332638766449214,0.1032326344772084,0.3643192394094994,0.6356807605905006,0.1485956629591102,0.1309180732811856,1.0,1.0,0.8613945578231292,-2.539999999999992,0
0,11107522.0,0.0985510829407416,0.1019127089748695,0.1085635210179178,0.3389162561576354,0.1632773792797456,0.0540168963412675,0.0030719016991456,0.4684883720930232,0.0705214924721798,0.7091397849462365,0.4341791020853036,0.1421488241081936,0.3749598844672658,0.6250401155327343,0.1573088652387684,0.1819678880197612,0.893,0.5486745886654479,0.8358843537414966,-9.939999999999998,0
0,11160277.0,0.0990947761478234,0.1025965825748229,0.108764804198192,0.4161576354679803,0.2171115876654588,0.0602357778420224,0.0032425629046537,0.4958139534883721,0.0632598734453415,0.8658602150537634,0.5742037859238007,0.1576601778789574,0.3347540917843389,0.6652459082156611,0.1409316013621046,0.2338410868670234,0.527,0.6766453382084094,0.5943877551020409,-9.64,0
0,11210113.0,0.1009721586475597,0.0858883071214167,0.1047535179627266,0.4555665024630542,0.2733121348813133,0.0627541678712537,0.0024745874798673,0.3918604651162791,0.057906756855044,1.0,0.8320697558864544,0.189057715575571,0.3533376123234917,0.6466623876765084,0.145937247161541,0.2783038287361054,0.4383333333333333,0.6117458866544789,0.4702380952380953,-17.599999999999994,0
0,11275332.0,0.1034384427431447,0.0815830119580739,0.1056592922739608,0.4823645320197045,0.3295126820971678,0.0742154122900003,0.0027305792881294,0.3034883720930232,0.0639581060440759,1.0,1.0,0.2326372333124788,0.4058588735558408,0.5941411264441592,0.1687516114978706,0.3194730341704405,0.4143333333333333,0.5632998171846435,0.7100340136054422,-21.0,0
0,11332707.0,0.1049999541077526,0.1062646318836637,0.1071832934960372,0.4886699507389163,0.3206389114841381,0.0732388937072371,0.0031572323018996,0.506046511627907,0.0608160593497709,0.9884408602150536,0.8243760919392843,0.1863346847430347,0.3128108953786906,0.6871891046213094,0.1182061472531185,0.315356113627007,0.3836666666666666,0.3503199268738574,0.3767006802721088,-6.179999999999993,0
0,11376583.0,0.1070217994951898,0.1078655178108273,0.1084341246877415,0.5217733990147784,0.3857132293130221,0.0812052295139892,0.0023039262743592,0.4910465116279069,0.0626081896865226,1.0,0.979659875939669,0.2041060438606403,0.3180459724005134,0.6819540275994865,0.1188996470263974,0.3639357760395224,0.4203333333333333,0.5605575868372943,0.5841836734693878,-6.019999999999996,0
0,11428608.0,0.1092963084013015,0.0900381764665883,0.1082040867674281,0.6147783251231527,0.4478296236042298,0.0881950467379782,0.0024745874798673,0.3325581395348837,0.0644701432831478,1.0,1.0,0.2560971912543305,0.3787407734274711,0.621259226572529,0.1433232864776435,0.4248662000823384,0.4936666666666667,0.5221663619744059,0.5450680272108843,-17.33,0
0,11490623.0,0.1121900131530015,0.1192893154464121,0.1076865014467228,0.6699507389162561,0.5767950898469274,0.0999646654460184,0.0025599180826213,0.506046511627907,0.0682173248963561,1.0,1.0,0.231336352186004,0.3186777920410783,0.6813222079589218,0.1162856863424999,0.5187319884726225,0.435,0.6382541133455211,0.625,1.8499999999999943,2
0,11540102.0,0.105111504227039,0.1124505794468783,0.1035458188810811,0.8055172413793104,0.7578200103527323,0.1205229513989271,0.0023039262743592,0.4003488372093023,0.0698232598734453,1.0,1.0,0.2928084976201042,0.3425365051347882,0.6574634948652118,0.1252389462359855,0.6636475916014821,0.5096666666666667,0.6620201096892139,0.7491496598639457,0.3300000000000125,2
0,11570843.0,0.1127757035677401,0.129718387845701,0.1086641626080549,0.8859113300492611,0.7099016490423722,0.116925251357168,0.0035838853156698,0.5852325581395349,0.0603040221106989,1.0,1.0,0.2523158164544926,0.2626664794608472,0.7373335205391528,0.0942804050749957,0.652943598188555,0.4416666666666666,0.3174131627056673,0.3477891156462585,7.88000000000001,2
0,11641814.0,0.1168749003414221,0.1218382988644201,0.1018780439588088,1.0,0.730607113806108,0.1255597314573897,0.0023039262743592,0.5102325581395349,0.0596057895119645,1.0,1.0,0.2855103340122537,0.2737483953786906,0.7262516046213093,0.1010464733758324,0.7122272540139976,0.5243333333333333,0.401508226691042,0.5246598639455783,7.530000000000001,2
0,11712891.0,0.1168749003414221,0.1028763490475311,0.0975217008428733,1.0,0.9134067884345188,0.141132633066718,0.0034132241101618,0.382906976744186,0.0496443377700196,1.0,1.0,0.3686013598617539,0.2625762195121951,0.7374237804878049,0.0968410196224871,0.8620831617949773,0.467,0.6035191956124315,0.6096938775510204,-1.6400000000000006,0
0,11738761.0,0.1168749003414221,0.0933642889754524,0.1012310623079273,1.0,0.8317680987946461,0.1376377244547235,0.0046931831514724,0.3633720930232558,0.0408931558658811,1.0,1.0,0.3884122359996803,0.2343449133504493,0.7656550866495507,0.089986041094307,0.838205022643063,0.437,0.2936471663619744,0.3562925170068027,-10.33999999999999,0
0,11758601.0,0.1168749003414221,0.0885150034485103,0.1015329870783387,1.0,0.8116542187384456,0.145861038835887,0.0037545465211779,0.2803488372093023,0.0465255654956724,1.0,1.0,0.4292356496550736,0.2777900353016688,0.7222099646983313,0.11031091906502,0.8958419102511322,0.5223333333333333,0.3530621572212066,0.5008503401360545,-13.670000000000002,0
2,174018278.0,0.4658737092228588,0.5175524319283488,0.5405603579965136,0.0,0.0,1.0,1.0,0.0703488372093023,0.0703120226925594,0.0,0.0,0.986586041435269,0.0851151315789473,0.9148848684210528,0.0566358148177784,0.0,0.375,0.375,0.2066326530612245,-42.99000000000001,0
2,176301201.0,0.4786563223026665,0.4858766501850538,0.503869309706522,0.0,0.0017747541226059,1.0,1.0,0.1660465116279069,0.0859524329042112,0.0,0.0011540495920755,0.9292370277071144,0.1110899390243902,0.8889100609756099,0.0711192908520267,0.0008233841086867,0.375,0.375,0.2066326530612245,-37.849999999999966,0
2,178503485.0,0.4999386299564199,0.5125632631650526,0.5267005732976295,0.0,0.0035495082452118,1.0,1.0,0.1609302325581395,0.081576841952142,0.0,0.0021798714516982,0.9452334557962248,0.0999779364569961,0.9000220635430038,0.0636152676642394,0.0024701523260601,0.375,1.0,0.5178571428571429,-36.559999999999945,0
2,180622688.0,0.5119968647685706,0.5415812634176195,0.5558866344373956,0.0,0.0035495082452118,1.0,1.0,0.1553488372093023,0.0768055858607898,0.0,0.0020516437192453,0.9609432490608578,0.0890665115532734,0.9109334884467266,0.0577205195913685,0.0024701523260601,0.375,0.375,0.5212585034013606,-38.19,0
2,182675144.0,0.5492727080389639,0.5774846274151716,0.5879337922110599,0.0,0.0035495082452118,1.0,1.0,0.1349999999999999,0.0979620336024438,0.0,0.0019234159867925,0.948496683028738,0.1071084724005135,0.8928915275994865,0.067598445849226,0.0024701523260601,0.375,0.375,0.483843537414966,-37.38,0
2,184688101.0,0.574613649700238,0.6016999698862477,0.6127203781248316,0.0,0.0053242623678177,1.0,1.0,0.1145348837209302,0.0968681358644265,0.0,0.0028210101139623,0.9605463700731196,0.1016828465982028,0.8983171534017972,0.0650289402790002,0.0032935364347468,0.375,0.8320383912248629,0.4889455782312925,-39.04000000000002,0
2,186653099.0,0.6057684543415188,0.6271587189026937,0.6393185126610715,0.0,0.0141980329808474,1.0,1.0,0.1598837209302325,0.0963560986253546,0.0,0.0073089807498116,0.956412213950848,0.0970795892169448,0.9029204107830552,0.0624238706178371,0.0090572251955537,0.375,1.0,0.4600340136054422,-41.160000000000025,0
2,188552311.0,0.6517846557333414,0.6671031541726975,0.6729184263968515,0.0,0.0390445906973304,1.0,1.0,0.1436046511627907,0.0922830751327369,0.0,0.0189777044030197,0.9726401547828054,0.0873616014120667,0.9126383985879334,0.0579339041369928,0.024701523260601,0.375,1.0,0.5331632653061225,-38.83000000000004,0
2,190367297.0,0.6948398387592238,0.6951264291889687,0.7037003756087918,0.0,0.0698069954891665,1.0,1.0,0.1624418604651162,0.1356200450941887,0.0,0.0326980717754732,0.929523662531592,0.1241676026957638,0.8758323973042362,0.078134307789425,0.0436393577603952,0.375,1.0,0.3886054421768707,-42.20999999999998,0
2,191786219.25,0.7031389175927262,0.6997736611522882,0.7047930557302806,0.0,0.0733565037343784,1.0,1.0,0.1506976744186046,0.0877212888210051,0.0,0.0341085768324544,0.9816912005864992,0.079077743902439,0.920922256097561,0.0547864820890346,0.0461095100864553,0.375,0.421617915904936,0.5059523809523809,-39.97999999999996,0
2,191786219.25,0.7676101467464536,0.7769114947106651,0.7684848049170607,0.0,0.1289654662426976,1.0,1.0,0.1688372093023255,0.1476994690522947,0.0,0.0542403308275497,0.9348925532823824,0.1212993421052631,0.878700657894737,0.0785966409716109,0.0806916426512968,0.375,1.0,0.4906462585034014,-34.65000000000009,0
2,191786219.25,0.8089194864560989,0.8017174552907921,0.793213881350754,0.0,0.1597278710345337,1.0,1.0,0.1820930232558139,0.121096807040512,0.0,0.0651396880860408,0.9612519327179871,0.0960165275994865,0.9039834724005136,0.0658024592568883,0.1004528612597776,0.375,0.5934643510054844,0.5008503401360545,-35.889999999999986,0
2,191786219.25,0.8248413644225449,0.8339527699795033,0.8293154574699424,0.0,0.2987502773053316,1.0,1.0,0.1865116279069767,0.1859393410429849,0.0,0.1172001474618923,0.9102088851283382,0.1428714698331193,0.8571285301668806,0.0912130022316467,0.1869081926718814,0.375,1.0,0.3715986394557823,-40.25999999999999,0
2,191786219.25,0.8502224579444908,0.8624423224502882,0.8557698183059864,0.0,0.3892627375582341,1.0,1.0,0.1796511627906976,0.2709840715688414,0.0,0.1478465755181202,0.8469507842494166,0.2023828626444159,0.797617137355584,0.1263325420323099,0.2437216961712638,0.375,0.6519652650822669,0.3324829931972789,-40.32999999999993,0
2,191786219.25,0.8546071807374697,0.8930922937936527,0.8747048146217855,0.0031527093596059,0.7223249279006138,1.0,1.0,0.1788372093023255,0.3305200378209325,0.0008064516129032,0.2651749507124654,0.8078582039572143,0.238978257381258,0.761021742618742,0.1486490090955162,0.4528612597776862,0.375,1.0,0.3767006802721088,-33.780000000000086,0
2,191786219.25,0.8236014897047464,0.878591064958278,0.8622108800747624,0.0094581280788177,1.0,1.0,1.0,0.1712790697674418,0.3136693577714743,0.0026881720430107,0.4771353924570037,0.8180998867241224,0.2303634467265725,0.7696365532734275,0.1448258693197478,0.8036228900782215,1.0,1.0,0.3937074829931973,-34.41999999999996,0
2,191786219.25,0.7959710680174668,0.8749696433948885,0.8680193375626764,0.0141871921182266,1.0,1.0,1.0,0.1844186046511627,0.2252963851916503,0.0043010752688172,0.7417974322396578,0.8871127329252464,0.1655166880616174,0.8344833119383825,0.1101597716785361,1.0,0.7083333333333334,0.8759140767824497,0.5348639455782314,-40.78999999999997,0
2,191786219.25,0.806763208002565,0.8911805562301469,0.8766313822044103,0.1308374384236453,1.0,1.0,1.0,0.1830232558139534,0.2470579678522075,0.0379032258064516,0.9219573963358928,0.8736519205911294,0.178453947368421,0.8215460526315791,0.1156988788420331,1.0,1.0,0.6172303473491774,0.4039115646258503,-36.34999999999991,0
2,191786219.25,0.8215069768917256,0.9099404524834132,0.8920151681253708,0.5454187192118226,1.0,1.0,1.0,0.1822093023255813,0.2095163284602517,0.1545698924731182,1.0,0.9079488797814964,0.1479159980744544,0.8520840019255456,0.0988681728059178,1.0,1.0,0.5066270566727605,0.5025510204081634,-34.98000000000002,0
2,191786219.25,0.8317772056634002,0.9595834588073012,0.9235303632083102,1.0,1.0,1.0,1.0,0.1875581395348837,0.2358862462724562,0.282258064516129,1.0,0.8972331471125676,0.1582457477535301,0.8417542522464699,0.1032959021276217,1.0,0.9896666666666668,0.5166819012797075,0.4685374149659864,-24.959999999999923,0
2,191786219.25,0.8038724504896319,0.9524804989168764,0.916614848228888,1.0,1.0,1.0,1.0,0.1633720930232558,0.2126816495745145,0.4596774193548387,1.0,0.9168676325892772,0.1435233472400513,0.8564766527599487,0.0956762956442879,1.0,0.7863333333333333,0.3923674588665448,0.4243197278911564,-24.720000000000027,0
2,191786219.25,0.8449655020134793,0.9954401950594016,0.9540247650198588,1.0,1.0,1.0,1.0,0.1709302325581395,0.3105273110771693,0.6860215053763441,1.0,0.8529811399797703,0.2015805519897304,0.7984194480102695,0.1265370355551999,1.0,0.747,0.6190585009140768,0.3494897959183674,-23.100000000000023,0
2,191786219.25,0.8700498960644215,1.0,0.9692216451305647,1.0,1.0,1.0,1.0,0.1693023255813953,0.1589642883118772,1.0,1.0,0.966874385044277,0.0988747593068035,0.9011252406931964,0.0690299005094556,1.0,0.9076666666666668,0.4929159049360146,0.6862244897959184,-30.73625000000004,0
2,191786219.25,0.8700498960644215,1.0,1.0,1.0,1.0,1.0,1.0,0.1686046511627907,0.1466753945741508,1.0,1.0,0.9811179309375442,0.0869504172015404,0.9130495827984596,0.0626906012998675,1.0,0.8283333333333334,0.5340493601462523,0.5025510204081634,-52.14374999999996,0
2,191786219.25,0.8700498960644215,1.0,1.0,1.0,1.0,1.0,1.0,0.1834883720930232,0.1821688850098189,1.0,1.0,0.9627953510036354,0.1029264281129653,0.8970735718870346,0.0714038035795257,1.0,0.6476666666666666,0.4956581352833638,0.4549319727891157,-52.14374999999996,0
2,191786219.25,0.8700498960644215,1.0,1.0,1.0,1.0,1.0,1.0,0.1845348837209302,0.1961568114044658,1.0,1.0,0.954725478252961,0.1102775994865211,0.8897224005134788,0.074862411423186,1.0,0.537,0.4517824497257769,0.3954081632653061,-52.14374999999996,0
0,30891800.0,0.297789503780691,0.913717299864974,0.7937027119314201,0.0031527093596059,0.015381202395918,1.0,1.0,0.8405813953488372,0.3844003200232745,0.0008064516129032,0.0055137924954719,0.6681568002734056,0.2721036585365854,0.7278963414634146,0.1955491540191868,0.0107039934129271,0.375,0.6208866544789762,0.2848639455782313,35.83000000000004,2
0,31213578.0,0.3044282139164637,0.8887559134666758,0.790065237316464,0.0031527093596059,0.0195222953486652,1.0,1.0,0.8855813953488372,0.3948505345843335,0.0008064516129032,0.0071807530173588,0.6406178082909124,0.2872873876765084,0.7127126123234917,0.2044046126625945,0.0131741457389872,0.375,0.6208866544789762,0.2848639455782313,22.299999999999955,2
0,31535579.0,0.315150627424082,0.9074536393926736,0.8087845730819692,0.0031527093596059,0.0242549730089477,1.0,1.0,0.872093023255814,0.3831667757655103,0.0008064516129032,0.0087194858067928,0.6612334668206411,0.273066431322208,0.726933568677792,0.1950423657233291,0.0156442980650473,0.375,0.5962065813528337,0.4889455782312925,21.309999999999945,2
0,31836483.0,0.3220493970199785,0.889548585139349,0.8146074079399027,0.0031527093596059,0.0408193448199364,1.0,1.0,0.8647674418604652,0.3891948505345844,0.0008064516129032,0.0150026446969818,0.6489191937844342,0.2828847079589217,0.7171152920410783,0.2008393125461221,0.0263482914779744,0.375,0.9993144424131628,0.3358843537414966,5.740000000000009,2
0,32132680.0,0.3335914645301724,0.9054486463382648,0.8224286972305592,0.0015763546798029,0.0556089625083191,1.0,1.0,1.0,0.3704822168885011,0.0005376344086021,0.0201317539950952,0.6431423996295798,0.264531851732991,0.7354681482670089,0.1863469454891396,0.0354055166735282,0.0416666666666666,0.7058957952468008,0.4124149659863946,10.529999999999973,2
0,32440172.0,0.3459205469619263,0.9396423263359336,0.8349082544075626,0.0031527093596059,0.0928787990830437,1.0,1.0,1.0,0.3630344025020002,0.0008064516129032,0.0324416163105675,0.6621925910410082,0.2498796534017971,0.7501203465982029,0.1771625190045611,0.0592836558254425,1.0,0.9874314442413162,0.5127551020408163,23.850000000000023,2
0,32759174.0,0.3565898706415166,0.9208824300826672,0.8243696421832039,0.0031527093596059,0.1461214227612216,1.0,1.0,1.0,0.340784057022329,0.0008064516129032,0.0520604593758515,0.6601310251880353,0.2391387195121951,0.760861280487805,0.1696051496803677,0.0922190201729106,0.375,0.8987659963436928,0.3596938775510204,19.1099999999999,2
0,33092171.0,0.3654212664357973,0.9609201208435738,0.8443829412504719,0.0047290640394088,0.1780669969681283,1.0,1.0,1.0,0.3754163939195579,0.0013440860215053,0.0609081729150972,0.6599656589431444,0.2528381739409499,0.7471618260590501,0.179607550256506,0.1128036228900782,0.7083333333333334,0.57518281535649,0.4702380952380953,30.950000000000045,2
0,33449088.0,0.3704502499736364,0.962350038370749,0.8439659975199039,0.0063054187192118,0.2242106041558825,1.0,1.0,1.0,0.3492326714670158,0.0016129032258064,0.0765519562743432,0.6757526231220597,0.2346959242618742,0.7653040757381259,0.1669111697918611,0.1416220666941128,0.597,0.6117458866544789,0.4413265306122449,32.15999999999997,2
0,33826370.0,0.3600084309390605,0.9293375945911816,0.8113293675754364,0.0173399014778325,0.3928122458034459,1.0,1.0,1.0,0.3249574514510147,0.0048387096774193,0.1387424065139688,0.6903048526724564,0.2258805359435173,0.7741194640564827,0.1587758839899353,0.2503087690407575,1.0,1.0,0.3767006802721088,33.620000000000005,2
0,34196900.0,0.3728000728572698,0.91870646862827,0.8138597846988841,0.0409852216748768,0.5158618649707905,1.0,1.0,1.0,0.3396203360244382,0.0115591397849462,0.1842632515347257,0.6731839341180882,0.2388679396662388,0.7611320603337614,0.168067002747326,0.3326471799094277,1.0,0.6611060329067642,0.3375850340136054,25.019999999999985,2
0,34555449.0,0.3861636847829687,0.9672614942249594,0.8420106751972397,0.0898522167487684,0.602824816978481,1.0,1.0,1.0,0.3449967270346935,0.0239247311827956,0.2047796887271795,0.6851784990808395,0.2306643132220796,0.7693356867779205,0.1604207231957892,0.3985179086043639,1.0,0.5294789762340036,0.5178571428571429,36.67999999999995,2
0,34922513.0,0.393313174334464,0.9645726275705974,0.8250453785741244,0.1387192118226601,0.6690823042224358,1.0,1.0,1.0,0.3224903629354863,0.0370967741935483,0.22786068056869,0.6986062381659782,0.2160622593068036,0.7839377406931965,0.1490491051185618,0.4520378756689996,0.7376666666666667,0.4755484460694698,0.4277210884353741,46.75,2
0,35293421.0,0.4029359350781905,0.9943366717503862,0.8452024513415883,0.2364532019704433,0.6596169489018708,1.0,1.0,1.0,0.3190457487817297,0.0615591397849462,0.2179871451698216,0.698562140500674,0.2074073331193838,0.7925926668806162,0.1433321775003778,0.4685055578427337,0.845,0.3622029250457038,0.4498299319727891,51.88000000000011,2
0,35634265.0,0.4150697172810024,0.990109089496129,0.8503064176985426,0.3341871921182266,0.7584115950602676,1.0,1.0,1.0,0.3230024001745582,0.0873655913978494,0.2517110388049176,0.6875597730072679,0.2108873555840821,0.7891126444159179,0.1450214718199034,0.5533141210374639,0.6503333333333333,0.5121115173674589,0.364795918367347,45.610000000000014,2
0,35962236.0,0.4179365078161136,1.0,0.8419531657171613,0.4555665024630542,1.0,1.0,1.0,1.0,0.3200930976798313,0.1174731182795698,0.5231691484075719,0.7038097626718777,0.2063743581514762,0.7936256418485238,0.1410294026121825,1.0,0.617,1.0,0.4600340136054422,57.783750000000055,2
0,36353345.0,0.4223203707467489,1.0,0.8445123375806483,0.4744827586206896,1.0,1.0,1.0,1.0,0.3148330787693651,0.1212365591397849,0.5944637676513489,0.7117914400919437,0.201079107830552,0.7989208921694481,0.137926435677896,1.0,0.403,0.5093692870201096,0.4345238095238095,56.00374999999997,2
0,36808498.0,0.4357614468576433,1.0,0.8499469834480529,0.5217733990147784,1.0,1.0,1.0,1.0,0.2974005382209616,0.1330645161290322,0.6036961643879531,0.7256160581648207,0.1891748234916559,0.8108251765083441,0.1300845536262036,1.0,0.4416666666666666,0.3923674588665448,0.4379251700680272,52.22375,2
0,37294996.0,0.4484135843592928,1.0,0.8584152543895909,0.5501477832512316,1.0,1.0,1.0,1.0,0.2964462870026911,0.1419354838709677,0.6490887816762572,0.7226063925078069,0.1909198491655969,0.8090801508344031,0.1290176308980822,1.0,0.411,0.431672760511883,0.3715986394557823,46.33375000000001,2
0,37782934.0,0.4572552292362798,0.9943522143322032,0.8521179663210109,0.5911330049261084,1.0,1.0,1.0,1.0,0.2934671612480908,0.153763440860215,0.642933850518521,0.7207983882303333,0.1905888960205391,0.8094111039794608,0.1282441119201942,1.0,0.4243333333333333,0.3585466179159049,0.3801020408163265,47.08000000000004,2
0,38171903.0,0.4330457984371024,0.9946475233867286,0.8372086336106969,0.641576354679803,1.0,1.0,1.0,1.0,0.2820394210488036,0.1669354838709677,0.6990975973328633,0.7341710052338418,0.1830271181001283,0.8169728818998717,0.1208645630506877,1.0,0.4316666666666666,0.4554387568555759,0.4311224489795918,57.63999999999999,2
0,38454058.0,0.4557434400013525,0.989223162332553,0.8470715094441351,0.8055172413793104,1.0,1.0,1.0,1.0,0.290045821514292,0.2104838709677419,0.7330779464328648,0.735736472352142,0.1893152278562259,0.810684772143774,0.1241364594169267,1.0,0.5456666666666667,0.4143053016453382,0.3937074829931973,47.28999999999997,2
0,38821259.0,0.4718951208445471,1.0,0.8583721222795322,0.9048275862068966,1.0,1.0,1.0,1.0,0.2899294494145029,0.232258064516129,0.7623138694321115,0.7511486063759714,0.1858552631578947,0.8141447368421053,0.119895441572644,1.0,0.457,0.4280164533820841,0.4651360544217687,46.36374999999998,2
0,39299098.0,0.4718951208445471,0.9721107797519016,0.859321028700825,1.0,1.0,1.0,1.0,1.0,0.3097825296385192,0.3521505376344085,0.8098863581721137,0.7209637544752242,0.2058729139922978,0.7941270860077022,0.1321383798778373,1.0,0.6836666666666666,0.3987659963436928,0.2746598639455782,27.75999999999999,2
0,39742429.0,0.4718951208445471,0.9649611921160254,0.8747479467318442,1.0,1.0,1.0,1.0,0.9938372093023256,0.3296356098625355,0.3975806451612903,0.9429867444581578,0.7085612861084087,0.2208159499358151,0.7791840500641849,0.1419007228401483,1.0,0.4556666666666666,0.5175959780621572,0.3579931972789116,12.42999999999995,2
0,40126728.0,0.4718951208445471,0.9892853326598215,0.90534299013353,1.0,1.0,1.0,1.0,0.9920930232558138,0.3486508109680705,0.4190860215053763,1.0,0.704460203235115,0.2280066591784338,0.7719933408215662,0.1466752020484916,1.0,0.4283333333333333,0.4654936014625228,0.4311224489795918,6.800000000000068,2
0,15503638.0,0.045308451788004,0.0391362210155134,0.0379131247416566,0.0,0.0,0.1053098197937746,0.1668213283841584,0.0,0.0470608771547021,0.0,0.0,0.549346665527477,0.5002607509627729,0.4997392490372272,0.3221928818471988,0.0,0.375,0.375,0.5960884353741497,-1.1900000000000048,0
0,15683852.0,0.0470679736439051,0.041001330833568,0.0399259565443991,0.0,0.0005915847075353,0.1175419999357553,0.1774023231256599,0.0,0.0443144955996799,0.0,0.003077465578868,0.5957704826765079,0.4580291238767651,0.5419708761232349,0.2762707494243063,0.0,0.375,0.375,0.5960884353741497,-1.3900000000000006,0
0,15857926.0,0.0480859003430096,0.0427420999970857,0.0421400715274158,0.0,0.0005915847075353,0.1232983200025697,0.1880686484699156,0.0,0.0443144955996799,0.0,0.0029492378464152,0.6088344160228868,0.4461448973042362,0.5538551026957638,0.2706071679425284,0.0,0.375,0.375,0.4821428571428572,-1.8100000000000025,0
0,16024755.0,0.0501614653825028,0.0477001835967477,0.046927735743939,0.0,0.0005915847075353,0.1196492242459285,0.183119473510181,0.0,0.0533915193832278,0.0,0.0026927823815095,0.5503939850784526,0.4993080070603338,0.5006919929396663,0.2930481093240155,0.0,0.375,0.375,0.3477891156462585,-1.949999999999996,0
0,16187324.0,0.0539089911286265,0.05449229185083,0.0531387595924015,0.0,0.0005915847075353,0.1223218014198066,0.1856793915928024,0.0,0.0623521710669867,0.0,0.0025645546490567,0.5144764366881552,0.5319821084724006,0.4680178915275995,0.3254292141225005,0.0,0.375,0.375,0.4362244897959184,-1.8999999999999984,0
0,16348780.0,0.0577770380458351,0.0563884868325189,0.0552522329852811,0.0,0.0005915847075353,0.1440107931001252,0.2237368404211065,0.0,0.0553698450796421,0.0,0.0024363269166038,0.5915481312236277,0.4618701861360719,0.5381298138639281,0.286130893636695,0.0,0.375,0.375,0.6998299319727892,-2.1499999999999986,0
0,16509195.0,0.0620367870251461,0.0607714949049474,0.0595079345110795,0.0,0.0005915847075353,0.1556262246635186,0.2460934583426663,0.0,0.0566732125972798,0.0,0.002308099184151,0.6065082641780886,0.4482609916559692,0.5517390083440309,0.2930747823922185,0.0,0.375,0.375,0.5365646258503401,-2.289999999999999,0
0,16671571.0,0.0655129880789096,0.0658072914136949,0.0632172959761335,0.0,0.0005915847075353,0.1316244258134978,0.1954070803067635,0.0,0.0750832787839115,0.0,0.0021798714516982,0.4844459266159728,0.5593007862644417,0.4406992137355584,0.3833631182594934,0.0,0.375,0.375,0.1369047619047619,-1.6299999999999957,0
0,16838987.0,0.0678366416121729,0.0676413160681153,0.0642237118775048,0.0,0.0023663388301412,0.1391282001863094,0.2043667935959382,0.0,0.0744315950250927,0.0,0.00859125807434,0.5018975776601229,0.5434250641848524,0.4565749358151477,0.3811314715531728,0.0016467682173734,0.375,1.0,0.4957482993197279,-1.1499999999999986,0
0,17009730.0,0.0657784145713229,0.0690556910134734,0.0658195999496792,0.0,0.0047326776602824,0.1510520060389965,0.2136678292961291,0.0,0.0711499018110408,0.0,0.0170542884162272,0.5367016600014884,0.5117638799743262,0.4882361200256739,0.3647364256310403,0.0032935364347468,0.375,1.0,0.5450680272108843,-1.3500000000000014,0
0,17181463.0,0.0699096244168169,0.068869180031668,0.0650863540786801,0.0,0.0195222953486652,0.124480421444862,0.1846554243597538,0.0,0.0829034838897374,0.0,0.0702687973841542,0.4431705118912111,0.5968489249037228,0.4031510750962773,0.4053506174815289,0.0123507616303005,0.375,1.0,0.0994897959183673,-0.9600000000000009,0
0,17351810.0,0.0747260240372255,0.0772621742129139,0.0725194543788077,0.0,0.0201138800562005,0.133371880119495,0.1786822821669706,0.0,0.0914451960142556,0.0,0.0664219654105691,0.4357731285364261,0.6035783055198973,0.3964216944801027,0.4154952744214166,0.0123507616303005,0.375,0.4024223034734918,0.5195578231292517,-0.7299999999999898,0
0,17519116.0,0.0805464016122663,0.0833548662852258,0.0771058354150567,0.0,0.0242549730089477,0.1297227843628537,0.1704905443025823,0.0,0.102221252454724,0.0,0.0755261344147205,0.3999658243093893,0.6361521181001284,0.3638478818998716,0.4495834555848959,0.0148209139563606,0.375,0.5632998171846435,0.352891156462585,0.0,1
0,17687006.0,0.0838680930507771,0.0884372905394247,0.0818072354114623,0.0015763546798029,0.032537158914442,0.1336288586939064,0.1679306262199609,0.0,0.1080631318641356,0.003763440860215,0.0968119380018913,0.3935165407586453,0.6420190147625162,0.3579809852374839,0.4676766868492882,0.0205846027171675,0.375,0.6867001828153565,0.4498299319727891,0.0,1
0,17864192.0,0.0857275404855241,0.0842874211942531,0.077968477616232,0.0756650246305418,0.0851881978850846,0.1544955189361087,0.1946391048819771,0.0,0.092399447232526,0.1838709677419354,0.26312330699322,0.4722749709920046,0.5703726732991015,0.4296273267008986,0.416019844762743,0.0708110333470564,1.0,1.0,0.6641156462585034,0.0,1
0,18047630.0,0.0879992914735749,0.091654604975569,0.0847833510055173,0.1954679802955665,0.1248243732899504,0.1663165333590311,0.1996736104444657,0.0,0.0980784057022329,0.4448924731182795,0.3612175223196397,0.4762437608693855,0.5667622753530167,0.4332377246469833,0.4140015826020466,0.124331000411692,1.0,0.8000457038391224,0.5297619047619048,0.0,1
0,18267225.0,0.0898896696449101,0.0977472970478808,0.0904192800531962,0.4082758620689655,0.1449382533461509,0.1737689120169606,0.1946391048819771,0.0,0.1038271874318132,0.8833333333333333,0.3985317924634151,0.4728372162246336,0.5698612002567395,0.4301387997432606,0.4184470939692192,0.1869081926718814,1.0,0.5221663619744059,0.4753401360544218,0.0,1
0,18558868.0,0.0913797697156176,0.0979027228660521,0.0905055442733138,0.6053201970443349,0.2082378170524291,0.1766470720503677,0.1782556291532004,0.0,0.1027565641137537,1.0,0.5718956867396496,0.4800582089182016,0.5632922817715019,0.4367077182284981,0.4103384812354965,0.2725401399752984,0.6970000000000001,0.7744515539305302,0.4277210884353741,0.0400000000000062,2
0,18893185.0,0.0958173319790091,0.1023012735202976,0.0946318494689359,0.8070935960591133,0.211787325297641,0.1927339308085188,0.1954070803067635,0.0,0.1020583315150193,1.0,0.5615092404109698,0.5056458792109826,0.540015243902439,0.459984756097561,0.3952326336098441,0.3227665706051873,0.597,0.3905393053016453,0.5535714285714286,0.0,1
0,19197748.0,0.096676648739849,0.1057517266836987,0.0978236256132847,0.993103448275862,0.2892849219847666,0.1994667694580964,0.1879833178671616,0.0,0.1041763037311804,1.0,0.7466700860728656,0.5094713516761248,0.5365352214377407,0.4634647785622593,0.3830163683728539,0.414985590778098,0.5283333333333333,0.7095521023765996,0.4583333333333333,0.0,1
0,19370621.0,0.0895168675440013,0.1051300234110138,0.0972485308125011,1.0,0.3283295126820971,0.208101249558318,0.1871300118396211,0.0,0.0993352243799549,1.0,0.8514321434868327,0.5340778489158866,0.5141507541720154,0.4858492458279846,0.3654921625634596,0.4849732400164676,0.505,0.498400365630713,0.4719387755102041,0.0,1
0,19456323.0,0.1023517643016276,0.112155270392353,0.1037471020613554,1.0,0.4507875471419063,0.2213613439979441,0.1617868228216697,0.0,0.103850461851771,1.0,1.0,0.5389616653483303,0.5097079589216945,0.4902920410783055,0.3602998052866021,0.6735282009057225,0.643,0.7159506398537476,0.5076530612244898,0.0,1
0,19553033.0,0.105333189428238,0.1167247894465869,0.1079740488471146,1.0,0.5253272202913555,0.2588802158620025,0.1764636864953654,0.0,0.0937028147501636,1.0,1.0,0.6099478820718186,0.4451319801026958,0.5548680198973043,0.3085629439954478,0.9114862083161795,0.7003333333333333,0.5258226691042047,0.6862244897959184,0.0,1
0,19658833.0,0.105333189428238,0.1139115821376878,0.105371744873569,1.0,0.5596391333284034,0.2895634576467187,0.1988203044169253,0.0,0.0755953160229835,1.0,1.0,0.6960816468273109,0.3667763157894737,0.6332236842105263,0.247232669173935,1.0,0.4696666666666667,0.4344149908592322,0.6011904761904763,0.0,1
0,19764774.0,0.105333189428238,0.1129634846468434,0.104494725302374,1.0,0.6170228499593284,0.3190132022742604,0.2218595671605175,0.0,0.0608393337697287,1.0,1.0,0.7721611438934382,0.2975669929396662,0.7024330070603337,0.2081566242564882,1.0,0.4583333333333333,0.4691499085923217,0.5722789115646258,0.0,1
0,19859919.0,0.105333189428238,0.1127769736650379,0.104322196862139,1.0,0.6850550913258892,0.3018984292184639,0.1679306262199609,0.0,0.0683104225761873,1.0,1.0,0.7317235848094569,0.3343529364569962,0.665647063543004,0.2344918335956184,1.0,0.441,0.4755484460694698,0.3069727891156463,0.0,1
2,191786219.25,1.0,1.0,1.0,0.0031527093596059,0.0349034977445832,1.0,1.0,0.1946511627906976,1.0,0.000268817204301,0.0056420202279247,0.1834352632492813,0.8207437419768936,0.1792562580231065,0.6737261387177366,0.0222313709345409,0.7083333333333334,0.5760968921389397,0.8154761904761905,-52.14374999999996,0
2,191786219.25,1.0,1.0,1.0,0.0047290640394088,0.0425940989425423,1.0,1.0,0.2031395348837209,1.0,0.0005376344086021,0.0062831588901889,0.2090008847094102,0.7980383504492939,0.201961649550706,0.6553839588167826,0.0279950596953478,0.7083333333333334,0.5760968921389397,0.8154761904761905,-52.14374999999996,0
2,191786219.25,1.0,1.0,1.0,0.0078817733990147,0.049693115432966,1.0,1.0,0.2922093023255814,1.0,0.0008064516129032,0.0065396143550946,0.1942281668324922,0.8080672336328626,0.1919327663671373,0.6646484045059702,0.0329353643474681,0.8196666666666668,0.5276508226691042,0.4634353741496599,-52.14374999999996,0
2,191786219.25,1.0,1.0,1.0,0.0094581280788177,0.059158470753531,1.0,1.0,0.5039534883720931,1.0,0.0008064516129032,0.0066678420875474,0.1657631238786101,0.8264501765083441,0.1735498234916559,0.6803143865638863,0.0395224372169617,0.5083333333333333,0.5486745886654479,0.375,-52.14374999999996,0
2,191786219.25,1.0,1.0,1.0,0.0126108374384236,0.0757228425645197,1.0,1.0,0.5868604651162791,1.0,0.0010752688172043,0.0074372084822645,0.1788380816413151,0.814335285622593,0.1856647143774069,0.6692717363278297,0.0502264306298888,0.597,0.6309414990859232,0.8137755102040817,-52.14374999999996,0
2,191786219.25,1.0,1.0,1.0,0.0126108374384236,0.1153590179693854,1.0,1.0,0.6173255813953489,1.0,0.0008064516129032,0.0100017631313212,0.1782978852413382,0.8165115532734275,0.1834884467265725,0.6724547224667253,0.0749279538904899,0.375,0.8530621572212065,0.6215986394557824,-52.14374999999996,0
2,191786219.25,1.0,1.0,1.0,0.0141871921182266,0.2194779264956,1.0,1.0,0.6376744186046512,1.0,0.0008064516129032,0.0165413774864158,0.1718486016905942,0.824474486521181,0.175525513478819,0.6765090288335867,0.1407986825854261,0.4583333333333333,1.0,0.5773809523809524,-52.14374999999996,0
2,191786219.25,1.0,1.0,1.0,0.0173399014778325,0.32418841972935,1.0,1.0,0.7224418604651163,1.0,0.0008064516129032,0.0214140313196236,0.1682105443029951,0.82798459563543,0.1720154043645699,0.6752642856507783,0.207492795389049,0.523,0.8110146252285193,0.6045918367346939,-52.14374999999996,0
2,191786219.25,1.0,1.0,1.0,0.0236453201970443,0.7749759668712562,1.0,1.0,0.7952325581395349,1.0,0.0010752688172043,0.0480853996698135,0.2097395206032561,0.7895739730423621,0.210426026957638,0.6413183608510485,0.4907369287772746,0.6176666666666667,1.0,0.9566326530612244,-52.14374999999996,0
2,191786219.25,1.0,1.0,1.0,0.0441379310344827,1.0,1.0,1.0,0.8145348837209302,1.0,0.0021505376344086,0.0952732052124573,0.1971827104078758,0.8017189505776637,0.1982810494223363,0.6467152116507962,1.0,0.953,1.0,0.397108843537415,-52.14374999999996,0
2,191786219.25,1.0,1.0,1.0,0.1103448275862069,1.0,1.0,1.0,0.8690697674418604,1.0,0.0045698924731182,0.1505393578996297,0.2060573655503526,0.7947288189987163,0.2052711810012837,0.6357081255056768,1.0,1.0,1.0,0.7117346938775511,-52.14374999999996,0
2,191786219.25,1.0,1.0,1.0,0.4114285714285714,1.0,1.0,1.0,1.0,1.0,0.0147849462365591,0.2015739954158586,0.1853535116900155,0.8128309531450578,0.1871690468549422,0.6460306029002515,1.0,1.0,0.8320383912248629,0.4124149659863946,-52.14374999999996,0
2,191786219.25,1.0,1.0,1.0,0.5659113300492611,1.0,1.0,1.0,1.0,1.0,0.0193548387096774,0.2649184952475596,0.2209403275905311,0.7792442233632864,0.2207557766367137,0.6175082019684723,1.0,0.625,0.7324040219378428,0.842687074829932,-52.14374999999996,0
2,191786219.25,1.0,1.0,1.0,1.0,1.0,1.0,1.0,1.0,1.0,0.0413978494623655,0.3263395790924682,0.2219215006435503,0.7775393132220796,0.2224606867779204,0.6150453886710587,1.0,1.0,0.6876142595978063,0.5586734693877551,-52.14374999999996,0
2,191786219.25,1.0,1.0,1.0,1.0,1.0,1.0,1.0,1.0,1.0,0.1091397849462365,0.3535238583724696,0.2452822388384675,0.7538109756097562,0.2461890243902439,0.5940092288815982,1.0,1.0,0.5175959780621572,0.7032312925170068,-52.14374999999996,0
2,191786219.25,1.0,1.0,1.0,1.0,1.0,1.0,1.0,1.0,1.0,0.1825268817204301,0.4093029219894533,0.2642332105029615,0.7300625802310655,0.2699374197689345,0.5708925697723009,1.0,0.8276666666666668,0.5230804387568555,0.5365646258503401,-52.14374999999996,0
2,191786219.25,1.0,1.0,1.0,1.0,1.0,1.0,1.0,1.0,1.0,0.2916666666666666,0.503550305342288,0.2737252329596975,0.7161324614890886,0.2838675385109114,0.5565869141927395,1.0,0.8316666666666668,0.6473948811700183,0.5569727891156463,-52.14374999999996,0
2,191786219.25,1.0,1.0,1.0,1.0,1.0,1.0,1.0,1.0,1.0,0.4795698924731182,0.5913863020724808,0.2782783169023595,0.7091824454428755,0.2908175545571245,0.549874192028309,1.0,0.889,0.6172303473491774,0.560374149659864,-52.14374999999996,0
2,191786219.25,1.0,1.0,1.0,1.0,1.0,1.0,1.0,1.0,1.0,0.6637096774193547,0.6546025741717291,0.282357350943001,0.7018513318356868,0.2981486681643132,0.5433659633867682,1.0,0.7096666666666667,0.5587294332723949,0.5705782312925171,-52.14374999999996,0
2,191786219.25,1.0,1.0,1.0,1.0,1.0,1.0,1.0,1.0,1.0,0.8024193548387096,0.6926862107102214,0.296005578354661,0.6841202663671374,0.3158797336328626,0.5280200581472886,1.0,0.5523333333333333,0.4737202925045704,0.5654761904761905,-52.14374999999996,0
2,191786219.25,1.0,1.0,1.0,1.0,1.0,1.0,1.0,1.0,1.0,0.9021505376344086,0.768981711519659,0.309653805766321,0.6710927471116817,0.3289072528883183,0.5161594338196721,1.0,0.4856666666666667,0.5130255941499086,0.5433673469387755,-52.14374999999996,0
2,191786219.25,1.0,1.0,1.0,1.0,1.0,1.0,1.0,1.0,1.0,1.0,0.9853018961675938,0.3163346020599122,0.66434330872914,0.3356566912708601,0.5097223333600063,1.0,0.543,0.7461151736745887,0.6045918367346939,-52.14374999999996,0
2,191786219.25,1.0,1.0,1.0,1.0,1.0,1.0,1.0,1.0,1.0,1.0,1.0,0.3327279091367607,0.6499618902439024,0.3500381097560975,0.4987863753967619,1.0,0.5796666666666667,0.5239945155393053,0.5535714285714286,-52.14374999999996,0
2,191786219.25,1.0,1.0,1.0,1.0,1.0,1.0,1.0,1.0,1.0,1.0,1.0,0.3374132860753354,0.6469532252888318,0.3530467747111682,0.4954878059623198,1.0,0.6196666666666667,0.5230804387568555,0.5416666666666667,-52.14374999999996,0
2,191786219.25,1.0,1.0,1.0,1.0,1.0,1.0,1.0,1.0,1.0,1.0,1.0,0.371478732522855,0.6172476732991015,0.3827523267008986,0.4709130191245899,1.0,0.6656666666666666,0.4892595978062157,0.6947278911564626,-52.14374999999996,0
2,191786219.25,1.0,1.0,1.0,1.0,1.0,1.0,1.0,1.0,1.0,1.0,1.0,0.4083884783824977,0.582286986521181,0.417713013478819,0.4441866047851484,1.0,0.6416666666666666,0.5020566727605119,0.6590136054421769,-52.14374999999996,0
2,39089939.0,0.0724664887416436,0.041762917342607,0.0386895027227144,0.0015763546798029,0.0,0.1658025762102084,0.2709246637440935,0.0,0.0236002618372245,0.0061827956989247,0.0,0.8307559166664371,0.2442634788189987,0.7557365211810012,0.1453326576156055,0.0,0.375,0.375,0.3852040816326531,-0.0399999999999991,0
2,39709263.0,0.0739967359798735,0.0422758225425721,0.0388620311629495,0.0015763546798029,0.0,0.1644148919083871,0.2686207374697343,0.0,0.0249967270346934,0.0061827956989247,0.0,0.8175045682425153,0.2563181964056483,0.7436818035943518,0.1529078089852675,0.0,0.375,0.375,0.3852040816326531,0.1700000000000017,2
2,40324684.0,0.0763477776331406,0.0447160078878602,0.0404866739751631,0.0015763546798029,0.0,0.1754135748931932,0.286966817061854,0.0,0.0236700850970979,0.0059139784946236,0.0,0.8415598446659741,0.2344351732991014,0.7655648267008986,0.140166973406951,0.0,0.375,0.375,0.5127551020408163,0.6099999999999994,2
2,40937426.0,0.0800809427180837,0.0470318525786114,0.0419100336071024,0.0015763546798029,0.0,0.1866692364524107,0.3055688884622359,0.0,0.0220408757000509,0.0059139784946236,0.0,0.8666844894730605,0.2115793485237484,0.7884206514762516,0.1301023356716723,0.0,0.375,0.375,0.5076530612244898,1.1099999999999994,2
2,41543177.0,0.0853405732248038,0.0518966806873706,0.0456625271822152,0.0015763546798029,0.0029579235376765,0.2066621695416144,0.3385918317280513,0.0,0.0202720197832569,0.0053763440860215,0.0129510009777364,0.898622223569651,0.1825256739409499,0.8174743260590501,0.1090395028140086,0.0024701523260601,0.375,0.375,0.5807823129251701,1.6299999999999957,2
2,42128978.0,0.0901838799620515,0.0528447781782151,0.0463813956831946,0.0015763546798029,0.0029579235376765,0.2053772766695576,0.3362025748509381,0.0,0.022273619899629,0.0053763440860215,0.0128227732452836,0.8821296967458682,0.1975288831835687,0.8024711168164315,0.119353089185849,0.0024701523260601,0.375,0.375,0.3886054421768707,1.7399999999999949,2
2,42691081.0,0.0975007824528386,0.0581292559960366,0.051197814639757,0.0015763546798029,0.0035495082452118,0.2205390125598278,0.3610337802523652,0.0,0.0233209687977307,0.0051075268817204,0.0143615060347176,0.8868701957660731,0.1932164634146341,0.8067835365853658,0.1184550958896801,0.0024701523260601,0.375,0.5578153564899452,0.5246598639455783,1.7900000000000065,2
2,43235374.0,0.1054429708334469,0.0603829303595193,0.0546483834444584,0.0015763546798029,0.0029579235376765,0.2291734926600494,0.3754546521177989,0.0,0.022785657138701,0.0048387096774193,0.0116687236532081,0.8972000738635895,0.1838193998716303,0.8161806001283697,0.1150409431596916,0.0024701523260601,0.375,0.2223491773308958,0.4651360544217687,0.8399999999999963,2
2,43758805.0,0.1097166112527846,0.0614553685049007,0.054835289254713,0.0015763546798029,0.0029579235376765,0.2391956570620924,0.3920087890520836,0.0,0.0198530802240162,0.0048387096774193,0.0115404959207552,0.9247941879277132,0.1587171052631579,0.8412828947368421,0.0993838521245098,0.0024701523260601,0.375,0.375,0.473639455782313,1.3999999999999986,2
2,44271543.0,0.1117512947470701,0.0634292763956752,0.0571500458278669,0.0015763546798029,0.0035495082452118,0.2120073238893707,0.3467835695924397,0.0,0.035121099716343,0.0048387096774193,0.0135921396400006,0.801331749492188,0.2710305680359435,0.7289694319640565,0.1652663305860073,0.0024701523260601,0.375,0.5578153564899452,0.2049319727891156,1.0600000000000025,2
2,44777325.0,0.1169284429481083,0.0688380948680337,0.0625415595852128,0.0015763546798029,0.0023663388301412,0.2182776011050078,0.3413224110161808,0.0,0.0403811186268092,0.0045698924731182,0.0084630303418871,0.7773646683993376,0.2928333600770218,0.7071666399229782,0.1811101330986103,0.0016467682173734,0.375,0.0706124314442413,0.4498299319727891,0.7899999999999991,2
2,45259614.0,0.1257097604961811,0.0711228543951507,0.0635911075966429,0.0015763546798029,0.0023663388301412,0.2592399858661783,0.4129147867268247,0.0,0.0252527456542294,0.0043010752688172,0.0083348026094343,0.9012460346552528,0.1801387997432605,0.8198612002567395,0.1116979186115778,0.0016467682173734,0.375,0.375,0.7185374149659864,1.5300000000000011,2
2,45715807.0,0.1314050297880691,0.0732366455222793,0.0667253742609133,0.0015763546798029,0.0029579235376765,0.2524557515017185,0.4019924695743069,0.0,0.0314902902029238,0.0043010752688172,0.010129990863774,0.8587358853019728,0.2188101732991014,0.7811898267008986,0.1362904874947765,0.0024701523260601,0.375,0.6035191956124315,0.3545918367346939,0.7100000000000009,2
2,46151583.0,0.1391698097065807,0.0894786435211719,0.0808295742501303,0.0015763546798029,0.0035495082452118,0.2615013973209983,0.4246050793041289,0.0,0.0517157611462651,0.003763440860215,0.0105146740611325,0.7630549760081141,0.305850850449294,0.6941491495507061,0.186951535035075,0.0024701523260601,0.375,0.5578153564899452,0.4600340136054422,1.3500000000000083,2
2,46565426.0,0.1463235421406023,0.0847381560669496,0.077235231745233,0.0015763546798029,0.0041410929527471,0.2501943400468985,0.4031870980128636,0.0,0.0497374354498509,0.003763440860215,0.0126945455128307,0.7616658995510308,0.3071144897304236,0.6928855102695763,0.1875827976492135,0.0032935364347468,0.375,0.5276508226691042,0.3256802721088435,0.7999999999999972,2
2,46969938.0,0.1512352598403674,0.0964106350116083,0.0885933540607084,0.0015763546798029,0.0041410929527471,0.2538434358035398,0.4090749096028927,0.0,0.0655640410211651,0.0034946236559139,0.0115404959207552,0.6983416521741528,0.3647203947368421,0.635279605263158,0.2219288184719888,0.0032935364347468,0.375,0.375,0.4243197278911564,0.4099999999999966,2
2,47437513.0,0.1548072520047193,0.0936129702845263,0.087069352838632,0.0015763546798029,0.0029579235376765,0.2568757829815938,0.4135121009461031,0.0,0.0600014546512473,0.0034946236559139,0.0084630303418871,0.7233781016506309,0.3419448010269577,0.6580551989730424,0.2078721115289891,0.0024701523260601,0.375,0.1135740402193783,0.41921768707483,-0.3299999999999983,0
2,48131076.0,0.1571806802714209,0.0971877641024644,0.0900023363226282,0.0015763546798029,0.0,0.3190132022742604,0.5174447751005301,0.0,0.0372157975125463,0.0034946236559139,0.0,0.8720313313911987,0.2067153401797175,0.7932846598202824,0.1248566322584086,0.0,0.375,0.0,0.810374149659864,-0.0700000000000073,0
2,49024463.0,0.1617194147808698,0.0967836569752192,0.0896860341821972,0.0031527093596059,0.0023663388301412,0.306832417847162,0.496538777425789,0.0,0.0421267001236453,0.0069892473118279,0.0065396143550946,0.841526771416996,0.2344652599486521,0.7655347400513479,0.1437589465916264,0.0024701523260601,1.0,0.375,0.3341836734693877,-0.1099999999999994,0
2,49907987.0,0.1675056351406664,0.0976695841387952,0.0907930916737056,0.0204926108374384,0.0035495082452118,0.2813401432655552,0.4520815333909315,0.0,0.0549974543603171,0.0443548387096774,0.0097453076664155,0.7660315684161498,0.3031430519897304,0.6968569480102697,0.1913081361749042,0.0074104569781803,1.0,0.8320383912248629,0.2576530612244898,-0.3100000000000023,0
2,50629997.0,0.153919518752334,0.0960686982116316,0.0903761479431375,0.0299507389162561,0.0005915847075353,0.2610388358870579,0.4133414397405949,0.0,0.0617935849879991,0.0655913978494623,0.0016669605218868,0.720169996499748,0.3448632060333761,0.6551367939666239,0.2182746081281729,0.0074104569781803,0.683,0.0,0.2763605442176871,-1.0499999999999972,0
2,51188174.0,0.1730605841790798,0.1063423447927494,0.0985424941142641,0.0520197044334975,0.0035495082452118,0.3254890623494266,0.5179567587170544,0.0,0.0479918539530147,0.1051075268817204,0.0091041690041513,0.8276139580135106,0.2471217105263158,0.7528782894736842,0.151218514665742,0.0148209139563606,0.8663333333333334,1.0,0.8188775510204083,-0.1200000000000045,0
2,51737944.0,0.1875202194631586,0.104010957520181,0.096831587081933,0.0993103448275862,0.0041410929527471,0.3166489993896758,0.5011466299745074,0.0,0.0485038911920867,0.2043010752688172,0.0107711295260382,0.8197094515077269,0.2543124197689346,0.7456875802310655,0.1568376410338481,0.0263482914779744,0.981,0.5276508226691042,0.352891156462585,-0.4300000000000068,0
2,52321152.0,0.1875202194631586,0.1097927979561504,0.1015617418183778,0.212807881773399,0.0130148635657768,0.2980951463171757,0.4626625281324331,0.0,0.0655640410211651,0.4190860215053763,0.0325698440430204,0.7385256496826347,0.3281651155327343,0.6718348844672657,0.2068229708463364,0.0584602717167558,1.0,1.0,0.298469387755102,0.0,1
2,52886360.0,0.1875202194631586,0.1137716989013337,0.1052423485433927,0.5406896551724139,0.0088737706130296,0.2810317689762616,0.4170959862617729,0.0,0.0792493999563604,1.0,0.0215422590520764,0.6762597462730584,0.3848082477535302,0.6151917522464698,0.2423248246245765,0.132564841498559,1.0,0.0843235831809872,0.3018707482993197,0.0,1
2,53425629.0,0.1875202194631586,0.1156678938830226,0.1087935589382312,0.7251231527093596,0.0088737706130296,0.3577141755806109,0.5333162672127826,0.0,0.0473634446141537,1.0,0.0212858035871708,0.8491556675146282,0.2275252727856226,0.7724747272143775,0.1431988121593627,0.1762041992589543,0.6023333333333334,0.375,0.8630952380952381,-1.25,0
0,10236809.0,0.0288277093492007,0.0885305460303274,0.0674873748719515,0.0,0.0,0.0117182229931579,0.0150181860847119,0.1580232558139535,0.1317797658011492,0.0,0.0,0.0344843742679098,0.78167121309371,0.2183287869062901,0.6591181883652076,0.0,0.375,0.375,0.614795918367347,10.020000000000003,2
0,10231942.0,0.0309058876840412,0.0905821668301875,0.0700753014754776,0.0,0.0,0.0132086987247438,0.0174927735645792,0.1715116279069767,0.1314771983416976,0.0,0.0,0.0381775537371393,0.7659659820282414,0.2340340179717586,0.6455504876725969,0.0,0.375,0.375,0.614795918367347,9.539999999999992,2
0,10239474.0,0.032383268789129,0.0933487463936353,0.0699746598853404,0.0,0.0,0.0153673187497992,0.0212473200857572,0.217906976744186,0.1253560258927922,0.0,0.0,0.0433700538267127,0.7132541720154044,0.2867458279845956,0.5988904003627536,0.0,0.375,0.375,0.6760204081632654,11.39,2
0,10248907.0,0.03497500321025,0.1039021594474612,0.0728070017791995,0.0,0.0,0.0096109986829848,0.0117756231800582,0.3008139534883721,0.1271714306495018,0.0,0.0,0.0249041564805653,0.6639722400513479,0.3360277599486521,0.5567024974882859,0.0,0.375,0.375,0.0,16.210000000000008,2
0,10261453.0,0.0384363475972238,0.1054564176291734,0.0749492299121183,0.0,0.0005915847075353,0.0140824258777424,0.0172367817563171,0.3061627906976744,0.1264033747908939,0.0,0.001538732789434,0.0360498413862101,0.6520579268292683,0.3479420731707317,0.5462822188436335,0.0,0.375,0.375,1.0,15.720000000000011,2
0,10280155.0,0.0430643533036965,0.1025654974111887,0.0767176464245278,0.0,0.0011831694150706,0.016086858758151,0.0203086834554627,0.2875581395348837,0.1248905374936359,0.0,0.003077465578868,0.042113270365542,0.6589678273427472,0.3410321726572529,0.5520436015754892,0.0008233841086867,0.375,1.0,0.6403061224489797,12.63000000000001,2
0,10304592.0,0.0482821597819347,0.1052543640655508,0.0792049314379167,0.0,0.0029579235376765,0.0180912916385596,0.0217593037022815,0.302906976744186,0.1249370863335515,0.0,0.0076936639471701,0.0463907439000526,0.6455291238767651,0.3544708761232349,0.5408942590666204,0.0016467682173734,0.375,1.0,0.6113945578231292,12.629999999999995,2
0,10337539.0,0.0529393642417235,0.111642365192388,0.0800531962690725,0.0,0.007690601197959,0.0175773344897369,0.0178340959755954,0.3043023255813953,0.1344563240962979,0.0,0.0189777044030197,0.0429621504226485,0.6618962612323492,0.3381037387676509,0.5570403563521911,0.0049403046521202,0.375,1.0,0.3511904761904762,16.14999999999999,2
0,10378298.0,0.0560206226141377,0.1046637459565002,0.0803263662994446,0.0015763546798029,0.0141980329808474,0.019119205936205,0.0172367817563171,0.3087209302325581,0.1224234489781075,0.0032258064516129,0.0369295869464168,0.0492460677285017,0.6354801829268293,0.3645198170731707,0.5350350750846868,0.0090572251955537,0.375,1.0,0.5484693877551021,11.47,2
0,10420985.0,0.0532874143848656,0.1021147625384922,0.0748485883219812,0.0141871921182266,0.0171559565185239,0.0239504031351386,0.0207353364692329,0.3163953488372093,0.1148825369117754,0.0295698924731182,0.0455208450207568,0.0629273683891398,0.6085024871630296,0.3914975128369705,0.5133587616583535,0.0139975298476739,1.0,0.5651279707495429,0.8290816326530612,13.64,2
0,10464035.0,0.0558872938293928,0.1076790068290219,0.0781122513164279,0.0977339901477832,0.0201138800562005,0.0303748674954225,0.0238072381683786,0.3255813953488372,0.1184667975852789,0.1956989247311827,0.0511628652486816,0.0764543272212131,0.6009407092426188,0.3990592907573812,0.5049122900607256,0.0354055166735282,1.0,0.5322212065813529,0.854591836734694,14.950000000000005,2
0,10495508.0,0.0580791333010212,0.1098860534470532,0.0771489675251154,0.3436453201970443,0.0236633883014124,0.0372104975747647,0.0167247981397928,0.3288372093023256,0.1180245836060804,0.6763440860215053,0.0592412123932103,0.0921200228205418,0.5888458761232349,0.4111541238767651,0.4959501391445057,0.0955125566076574,1.0,0.5358775137111518,0.7814625850340137,17.040000000000006,2
0,10507339.0,0.0574674856983815,0.1097927979561504,0.0769476843448412,0.3389162561576354,0.024846557716483,0.0414763419099932,0.0181754183866116,0.3525581395348837,0.1112051785584406,0.6674731182795699,0.0621904502396255,0.1027585845751879,0.5553193196405648,0.4446806803594352,0.4685835711681914,0.0955125566076574,0.3656666666666666,0.4207038391224862,0.5943877551020409,17.120000000000005,2
0,10511164.0,0.0574320054499223,0.1087514449744033,0.0763150800639793,0.3199999999999999,0.0283960659616948,0.0477980148405126,0.0232952545518543,0.3575581395348837,0.1057822387082697,0.6352150537634408,0.0716793024411354,0.1193393067295793,0.5324634948652118,0.4675365051347882,0.44613373876397,0.0930424042815973,0.3376666666666666,0.5057129798903108,0.657312925170068,16.89,2
0,10517223.0,0.0591799108950571,0.1073059848654109,0.0758262494833132,0.3341871921182266,0.0283960659616948,0.0471298705470431,0.0162981451260226,0.3526744186046511,0.1048978107498727,0.6706989247311828,0.0724486688358524,0.1189644765744933,0.5338374518613608,0.4661625481386393,0.4490677762663039,0.0963359407163441,0.4043333333333333,0.375,0.375,16.299999999999997,2
0,10524418.0,0.0634376709485535,0.1034358819929475,0.0776953075858598,0.356256157635468,0.0337203283295126,0.0483633677042176,0.015274177892974,0.3120930232558139,0.1066666666666667,0.7365591397849462,0.0886053631249098,0.1257555170313452,0.5592807284980745,0.4407192715019256,0.4689214300320965,0.1045697818032111,0.419,0.5468464351005484,0.4430272108843537,12.509999999999993,2
0,10531946.0,0.0655505920160951,0.1026742954839085,0.0792049314379167,0.3357635467980295,0.0295792353767655,0.0482605762744531,0.017066120550809,0.2802325581395349,0.1119499599970907,0.6983870967741934,0.0782189167962301,0.1262405913496917,0.5904103818998717,0.4095896181001284,0.4873614111831283,0.0971593248250308,0.3363333333333333,0.2625685557586837,0.3954081632653061,10.97,2
0,10541343.0,0.0699640605849501,0.1085183062471465,0.0816347069712273,0.3467980295566503,0.0349034977445832,0.0494940734316276,0.0159568227150064,0.3295348837209302,0.110274201760128,0.689516129032258,0.0882206799275513,0.1237931709253068,0.5559711970474969,0.4440288029525032,0.4592924524108008,0.1037463976945245,0.397,0.5395338208409506,0.4430272108843537,13.040000000000006,2
0,10548934.0,0.072855751335848,0.1101969050833956,0.0819366317416386,0.3720197044334975,0.0360866671596539,0.0484661591339822,0.0139088882489093,0.3479069767441861,0.1095759691613935,0.7306451612903225,0.090015868181891,0.1197141368846653,0.5455612163029525,0.4544387836970475,0.4506325962675486,0.1103334705640181,0.4236666666666667,0.4060786106032907,0.3630952380952381,13.909999999999997,2
0,10554872.0,0.0756642388867611,0.1084561359198779,0.0814909332710314,0.3657142857142857,0.0414109295274717,0.0517040891715653,0.017151451153563,0.3517441860465116,0.104734889810168,0.7274193548387097,0.1047620574139672,0.1293825500026183,0.528391768292683,0.4716082317073171,0.4247686111333386,0.1119802387813915,0.3636666666666667,0.5102833638025595,0.5127551020408163,13.099999999999994,2
0,10550129.0,0.070408821500014,0.0997212049386553,0.0776521754758011,0.3609852216748768,0.0414109295274717,0.0531431691882689,0.0182607489893656,0.3493023255813953,0.0914917448541712,0.7685483870967741,0.1120710381637788,0.1423141903530845,0.4944239409499358,0.5055760590500642,0.3862527006481555,0.1111568546727048,0.3663333333333333,0.375,0.4464285714285714,10.149999999999991,2
0,10530683.0,0.0736150183347581,0.1052543640655508,0.081433423790953,0.354679802955665,0.0354950824521186,0.054685040634737,0.0205646752637248,0.3573255813953488,0.0974732707833297,0.7228494623655913,0.0919392841686835,0.1402085268348074,0.5040717265725289,0.4959282734274711,0.3965751780427302,0.1053931659118979,0.3636666666666667,0.2442870201096892,0.4481292517006803,11.079999999999998,2
0,10673216.0,0.0759148034357321,0.1053631621382707,0.0780116097262908,0.4145812807881773,0.0378614212822598,0.0553531849282066,0.0178340959755954,0.3606976744186046,0.0966586660848061,0.8443548387096774,0.0979659875939669,0.1418070672020858,0.4994584403080874,0.5005415596919127,0.4113076027135401,0.1210374639769452,0.4876666666666667,0.4362431444241316,0.41921768707483,13.53,2
0,10809722.0,0.0759148034357321,0.0930378947572928,0.0728645112592779,0.4555665024630542,0.0414109295274717,0.0572548263788506,0.0201380222499546,0.3536046511627907,0.0787606371372463,1.0,0.1183541970539678,0.1620258467440764,0.450266768292683,0.549733231707317,0.3706311737039111,0.1333882256072457,0.441,0.4609232175502742,0.4566326530612245,9.179999999999993,2
0,10735857.0,0.0759148034357321,0.0883906627939733,0.0721887748683572,0.5659113300492611,0.0396361754048657,0.0632167293051941,0.022697940332576,0.3453488372093023,0.0707542366717579,1.0,0.1179695138566093,0.1862354649961001,0.4214939024390244,0.5785060975609756,0.3453984511838396,0.1580897488678468,0.5363333333333333,0.3356946983546618,0.5756802721088436,6.659999999999997,2
0,10609241.0,0.0759148034357321,0.0925716173027792,0.0749060978020595,0.6920197044334975,0.0337203283295126,0.0653753493302495,0.0145915330709417,0.3713953488372093,0.0708240599316314,1.0,0.0968119380018913,0.1857393662614275,0.4067715019255456,0.5932284980744544,0.3340446151520809,0.1836146562371346,0.5236666666666667,0.2388025594149908,0.4566326530612245,7.459999999999994,2
1,73083287.0,0.1041919166228723,0.0891833344666465,0.0822816886221088,0.0,0.0047326776602824,0.0732902894221194,0.1209987947052361,0.0,0.1365044730525856,0.0,0.0139768228373591,0.2144138731255047,0.8049482509627729,0.1950517490372272,0.4444533354671787,0.0032935364347468,0.375,1.0,0.4379251700680272,0.1499999999999914,2
1,74652035.0,0.112966438887595,0.1006693024294998,0.0928203008464676,0.0,0.0106485247356355,0.0749863480132344,0.1229613985685791,0.0,0.1529362135428031,0.0,0.0285947843369824,0.199288373926153,0.8187078786906291,0.181292121309371,0.451672845927467,0.0065870728694936,0.375,1.0,0.4379251700680272,0.2099999999999937,2
1,76239140.0,0.1202904553726567,0.1092488075925512,0.0999370990061643,0.0,0.0124232788582415,0.0729819151328257,0.1193775132529092,0.0,0.1666913957378719,0.0,0.031287566718492,0.1815500880575254,0.834844351732991,0.165155648267009,0.4598614778657989,0.0074104569781803,0.375,0.5276508226691042,0.352891156462585,0.7800000000000011,2
1,77853548.0,0.1277833524227865,0.1185121863555559,0.1083047283575651,0.0,0.0171559565185239,0.0679965307892454,0.1104177999637344,0.0,0.1828205687686377,0.0,0.0403917357226434,0.1582113986952603,0.856075497432606,0.1439245025673941,0.4714731535568536,0.0107039934129271,0.375,0.7232632541133455,0.2831632653061224,0.9200000000000016,2
1,79477441.0,0.1369539678935082,0.127930990936732,0.1173337167298672,0.0,0.0295792353767655,0.0685104879380681,0.10947916333344,0.0,0.1966921230634955,0.0,0.0652679158184936,0.1495682562956307,0.8639381418485239,0.1360618581514762,0.4749139793550451,0.0181144503911074,0.375,1.0,0.4124149659863946,0.7000000000000028,2
1,81101012.0,0.1477583932217708,0.1383289781723866,0.1268371583128156,0.0,0.0301708200843008,0.0675853650701872,0.1078578818811131,0.0,0.2126816495745145,0.0,0.0623186779720784,0.1381469609818345,0.8743280648267009,0.1256719351732991,0.4812177144736959,0.0189378344997941,0.375,0.3932815356489945,0.375,0.7800000000000011,2
1,82700404.0,0.1617475111206016,0.1487735931534927,0.1371169778768219,0.0,0.0360866671596539,0.0688188622273617,0.1090525103196697,0.0,0.2277634737071787,0.0,0.0700123419192486,0.1322048005820892,0.8797336328626444,0.1202663671373556,0.484080623794155,0.0222313709345409,0.375,0.5541590493601463,0.429421768707483,0.3499999999999943,2
1,84276224.0,0.1793526816379281,0.1615185102435328,0.1486044965224736,0.0,0.0390445906973304,0.0764768237448202,0.1213401171162522,0.0,0.2433806094988727,0.0,0.0706534805815127,0.1368571042716857,0.8755014441591785,0.1244985558408215,0.4817422848150223,0.024701523260601,0.375,0.4499542961608775,0.5875850340136055,0.5600000000000023,2
1,85864791.0,0.1966180451921427,0.17541357838804,0.1609690347393203,0.0,0.0550173778007838,0.0823873309562815,0.1288492101586082,0.0,0.2615113826460106,0.0,0.0925804228309477,0.1372098855941196,0.8751805198973043,0.1248194801026957,0.4815733553830697,0.0345821325648414,0.375,0.7488574040219378,0.5297619047619048,0.9000000000000057,2
1,87501635.0,0.2122836521621038,0.1839153706420058,0.1687759466599572,0.0,0.0615248095836722,0.0761170537406443,0.1175002399923202,0.0,0.2770819695977889,0.0,0.0993764926509481,0.1215993120764212,0.8893814184852376,0.1106185815147625,0.4896286219803864,0.038699053108275,0.375,0.4828610603290676,0.2695578231292517,0.9399999999999976,2
1,89196073.0,0.2310831634013155,0.1997066337682018,0.1826644860988804,0.0047290640394088,0.0834134437624787,0.0739584337155889,0.1105031305664885,0.0,0.3017063059131574,0.0056451612903225,0.1251502668739681,0.1098362598565172,0.9000822368421054,0.0999177631578947,0.4951855111893521,0.0535199670646356,0.375,0.7004113345521024,0.3511904761904762,1.4399999999999975,2
1,91093066.0,0.2378678288536239,0.2076799782403854,0.1898387937386553,0.0378325123152709,0.0881461214227612,0.0756544923067039,0.1108444529775047,0.0,0.3128780274929086,0.043010752688172,0.1277148215230249,0.1085023054810642,0.9012957317073172,0.0987042682926829,0.4956122802806006,0.0642239604775627,1.0,0.4271023765996343,0.4379251700680272,1.5800000000000125,2
1,93161000.0,0.2454713631228014,0.2283205268935236,0.2106284707869813,0.0788177339901477,0.0792723508097315,0.076425428029938,0.1111857753885209,0.0,0.3434373408975198,0.0825268817204301,0.1055314238086842,0.1006749698895629,0.9084162387676508,0.0915837612323491,0.4997910609657428,0.0683408810209963,1.0,0.2826782449725777,0.4158163265306123,0.4000000000000057,2
1,95333551.0,0.2550389329430592,0.231802065220559,0.2138490016713693,0.0047290640394088,0.093470383790579,0.0763226366001734,0.1129777180463558,0.0,0.3486973598079861,0.0048387096774193,0.1227139399573642,0.099175649269219,0.9097801668806162,0.0902198331193838,0.5009380028984733,0.0592836558254425,0.0,0.5386197440585009,0.397108843537415,0.4000000000000057,2
1,97528655.0,0.2693236556975876,0.2413762956199061,0.2223028952428877,0.0220689655172413,0.0609332248761369,0.075860075166233,0.1159642891427474,0.0,0.3632438722816205,0.0220430107526881,0.0770648672041545,0.0950194443142951,0.9135610558408216,0.0864389441591784,0.5033296880140122,0.0436393577603952,1.0,0.0569012797074954,0.3886054421768707,0.6800000000000068,2
1,99597334.0,0.2815771392206841,0.2578358897642385,0.237514152723613,0.0063054187192118,0.1118095097241736,0.0802287109312261,0.1167322645675338,0.0,0.3859131573205325,0.0059139784946236,0.1332286140184968,0.0946446141592091,0.913902037869063,0.0860979621309371,0.503685328923386,0.0716344174557431,0.0,1.0,0.4974489795918367,0.6900000000000261,2
1,101644583.0,0.2932938297076154,0.2677209717999281,0.2472620095968944,0.0362561576354679,0.1419803298084744,0.081359416658636,0.1126363956353396,0.0,0.400203651174631,0.0327956989247311,0.1634903588773662,0.092737390134801,0.9156370346598204,0.0843629653401797,0.5043165915375245,0.0971593248250308,1.0,0.621800731261426,0.4226190476190476,0.2700000000000102,2
1,103696055.0,0.3034791331078149,0.2755233478721234,0.2543788077565911,0.0945812807881773,0.1248243732899504,0.0796633580675211,0.1091378409224238,0.0,0.4126554658520621,0.0836021505376344,0.1400246838384972,0.0884378677676384,0.919548299101412,0.0804517008985879,0.5058458474478319,0.1004528612597776,1.0,0.2643967093235831,0.3630952380952381,0.3400000000000034,2
1,105682092.0,0.3209566495375388,0.2851286634351048,0.2629333429182467,0.0866995073891625,0.1768838275530577,0.0845973466962192,0.1102471387582264,0.0,0.4248047130700416,0.0741935483870967,0.1923415986792543,0.0910065567716099,0.9172115693196408,0.0827884306803594,0.5038186942644012,0.1309180732811856,0.3196666666666666,0.7561700182815356,0.5042517006802721,0.5699999999999932,2
1,107553159.0,0.3401066334475028,0.2869626880895252,0.2643135704401272,0.2348768472906404,0.2946091843525845,0.1006842054543702,0.1119537508133073,0.0,0.4202662011782676,0.1997311827956989,0.3183894596803924,0.1076754742566098,0.9020478979460848,0.0979521020539152,0.4949987997119309,0.2396047756278304,1.0,0.9837751371115172,0.7219387755102041,0.789999999999992,2
1,109315118.0,0.3452785001982497,0.2839007994715521,0.2605754542350341,0.7014778325123153,0.3093988020409672,0.1221162185602775,0.1201454886776956,0.0,0.4059757073241691,0.6024193548387097,0.3376236195483179,0.1318961169249596,0.8800144415917844,0.1199855584082156,0.4830759382251741,0.3589954713874022,1.0,0.4207038391224862,0.7610544217687076,1.4199999999999875,2
1,110957005.0,0.3713009137358355,0.3010908949612892,0.2764049386266017,0.7834482758620689,0.3247800044368852,0.130339532941441,0.1271425981035273,0.0,0.4279933086042622,0.6373655913978494,0.3358284312939781,0.1333513398799992,0.8786906290115533,0.1213093709884467,0.4821690539062708,0.3878139151914368,0.453,0.4207038391224862,0.5127551020408163,1.4699999999999989,2
1,112618252.0,0.3878963211613312,0.3120639577241774,0.2864115881602358,0.7881773399014779,0.349034977445833,0.1316244258134978,0.1255213166512005,0.0,0.4438431885955343,0.6201612903225806,0.3490358877366202,0.130275527725029,0.881488687419769,0.118511312580231,0.4839294764076711,0.4034582132564842,0.379,0.4435557586837294,0.4158163265306123,1.5699999999999932,2
1,114535772.0,0.3878963211613312,0.3201461002690809,0.2941466132307748,0.7771428571428571,0.3543592398136508,0.1334746715492595,0.128422557144838,0.0,0.4551080078551168,0.5973118279569892,0.346086649890205,0.1290077198475323,0.8826420089858794,0.1173579910141206,0.4850408542494642,0.4042815973651709,0.3656666666666666,0.3887111517367458,0.4226190476190476,1.3899999999999864,2
1,116538256.0,0.3878963211613312,0.3441904743401688,0.3163740272810597,0.9568472906403942,0.3632330104266804,0.1366098101570781,0.1226200761575629,0.0,0.4896937959124301,0.6873655913978494,0.3315969161230345,0.1234403896028729,0.8877065949935815,0.1122934050064184,0.487894872547189,0.4520378756689996,0.529,0.3978519195612431,0.4379251700680272,1.3999999999999773,2
1,118365995.0,0.3878963211613312,0.3571219024120144,0.3283359991373578,1.0,0.5501737780078385,0.1643634961935048,0.1285932183503461,0.0,0.4964899265401121,0.8325268817204301,0.4853419673339852,0.1434827784836466,0.8694740853658537,0.1305259146341463,0.4778746899255822,0.6265953067105805,0.5443333333333333,0.8457495429616088,0.7440476190476191,1.4000000000000057,2
0,5176197.0,0.0274039174534118,0.0839765695579106,0.0947612457991122,0.0,0.0047326776602824,0.1201631813947512,0.1250946636374302,0.2613953488372093,0.0551603753000218,0.0,0.0146179614996233,0.3683698471189067,0.3426869383825417,0.6573130616174583,0.1965538395881678,0.0032935364347468,0.375,0.2607404021937842,0.2644557823129252,-11.879999999999995,0
0,5187970.0,0.0286586401792645,0.0909396462119814,0.098441852524127,0.0,0.0041410929527471,0.1107063698564132,0.1126363956353396,0.2647674418604651,0.0691948505345843,0.0,0.0120534068505666,0.3189584131455141,0.4031209884467266,0.5968790115532734,0.2304019631378197,0.0024701523260601,0.375,0.2607404021937842,0.2644557823129252,-9.959999999999994,0
0,5200548.0,0.02950947677975,0.0916701475573861,0.1019355534388872,0.0,0.0035495082452118,0.1019177026115447,0.0919863897688607,0.2593023255813954,0.0753625718234053,0.0,0.0102582185962269,0.2917942513181068,0.4360458119383826,0.5639541880616175,0.2582397553190543,0.0024701523260601,0.375,0.2442870201096892,0.2644557823129252,-11.920000000000002,0
0,5212958.0,0.0305304588312046,0.1062180041382124,0.1052279711733731,0.0,0.0053242623678177,0.0979602325656098,0.0818320480411293,0.2643023255813953,0.097938759182486,0.0,0.0137203673724534,0.2493171752138048,0.5027178273427472,0.4972821726572529,0.3073004187671708,0.0032935364347468,0.375,0.8320383912248629,0.3324829931972789,-4.849999999999994,0
0,5228147.0,0.0325477207689616,0.1086426469016834,0.1074995956364682,0.0,0.0070990164904237,0.1317272172432623,0.1285932183503461,0.2641860465116279,0.0863015492035784,0.0,0.017951882543397,0.3291670226634439,0.4351131258023107,0.5648868741976893,0.2663928231664488,0.0041169205434335,0.375,0.6793875685557587,0.9855442176870748,-4.86999999999999,0
0,5246078.0,0.0340432772352783,0.0848935818851209,0.1029851014503172,0.0,0.0100569400281002,0.1205743471138093,0.1175855705950743,0.2705813953488372,0.054508691541203,0.0,0.0309028835211335,0.366539794008781,0.3358171534017972,0.6641828465982029,0.1823726583268873,0.0065870728694936,0.375,0.7561700182815356,0.2542517006802721,-17.00999999999999,0
0,5266248.0,0.0362701156255511,0.1031250303566051,0.1117840519023057,0.0,0.0094653553205649,0.1154347756255822,0.0980448625643979,0.2663953488372093,0.084974907265983,0.0,0.0248761800958502,0.3009004192034308,0.4470675545571245,0.5529324454428755,0.2756305957874334,0.0057636887608069,0.375,0.3210694698354662,0.3256802721088435,-11.399999999999991,0
0,5288715.0,0.0392223974787976,0.1013842611930874,0.1118415613823841,0.0,0.0112401094431708,0.1249943785936847,0.1209987947052361,0.2723255813953488,0.0768521347007055,0.0,0.0300052893939636,0.330313561961354,0.4101512355584082,0.5898487644415917,0.2519271291776693,0.0074104569781803,0.375,0.5468464351005484,0.5399659863945578,-12.560000000000002,0
0,5313379.0,0.0396927497983521,0.0954469949389467,0.1066513308053124,0.0,0.015381202395918,0.1427259002280684,0.1460006613121713,0.2669767441860465,0.0610022547094334,0.0,0.0430845181041529,0.3957985949381393,0.3422556964056483,0.6577443035943517,0.1959581410649667,0.0098806093042404,0.375,0.711380255941499,0.6403061224489797,-12.77000000000001,0
0,5338854.0,0.0348105973840958,0.0872249691576892,0.0980680409036177,0.0,0.0165643718109886,0.1115287012945295,0.1082845348948833,0.2736046511627907,0.0614910175285475,0.0,0.0498805879241533,0.3319892732429148,0.3705170892169448,0.6294829107830553,0.2226401002907364,0.0107039934129271,0.375,0.4453839122486289,0.026360544217687,-12.090000000000003,0
0,5363347.0,0.0364876518957186,0.1005605043567799,0.1081178225473105,0.0,0.0171559565185239,0.1242748385853329,0.1102471387582264,0.2651162790697674,0.0773874463597352,0.0,0.046161983683021,0.3305671235368533,0.4157272946084724,0.5842727053915276,0.2570483582726521,0.0107039934129271,0.375,0.4079067641681901,0.592687074829932,-10.5,0
0,5388236.0,0.0379780320279654,0.0894631009393547,0.1026687993098862,0.0015763546798029,0.0283960659616948,0.1242748385853329,0.1062366004287862,0.2696511627906977,0.0598618081315004,0.003763440860215,0.083732709291702,0.3626812482946607,0.3536485077021823,0.6463514922978177,0.2155272821032603,0.0181144503911074,0.375,0.9737202925045704,0.3988095238095238,-13.849999999999994,0
0,5413978.0,0.0371700328208711,0.084660443157864,0.1033876678108657,0.0015763546798029,0.0289876506692301,0.1467861617037679,0.1438673962433202,0.2673255813953488,0.0429413048221688,0.003763440860215,0.089246501787174,0.4471723750175702,0.2657453465982028,0.7342546534017972,0.1684137526339654,0.0181144503911074,0.375,0.3941956124314442,0.7066326530612246,-17.439999999999998,0
0,5439057.0,0.0366559959729234,0.0859815626123194,0.1021224592491418,0.0015763546798029,0.0455520224802188,0.1317272172432623,0.109564493936194,0.2745348837209302,0.0502960215288384,0.003763440860215,0.138614178781516,0.396515181999333,0.3070142008985879,0.6929857991014121,0.2061828172094635,0.0288184438040345,0.375,0.8969378427787934,0.2236394557823129,-15.709999999999994,0
0,5461686.0,0.036449846750283,0.0810701067581088,0.1008284959473788,0.0015763546798029,0.0656659025364194,0.1350679387106099,0.1143430076904205,0.2741860465116278,0.0414982907847843,0.0040322580645161,0.209011203898123,0.4254322260225836,0.2657252888318357,0.7342747111681642,0.1784250442328381,0.0411692054343351,0.375,0.7790219378427788,0.4413265306122449,-17.97,0
0,5479719.0,0.0367558602543776,0.081862778430782,0.0992182305051848,0.0015763546798029,0.1378392368557272,0.1569111175355754,0.1430994208185338,0.2703488372093023,0.0335617135791694,0.0040322580645161,0.4354613794098319,0.490564477676935,0.2138859916559691,0.7861140083440309,0.13895779431508,0.0864553314121037,0.375,1.0,0.6743197278911566,-16.340000000000003,0
0,5495468.0,0.0383469603512575,0.0820803745762218,0.1031720072605718,0.0031527093596059,0.1816165052133402,0.1562943689569882,0.1348223523513914,0.2697674418604651,0.0342832205978616,0.0077956989247311,0.5725368254019139,0.4876430073505296,0.2179677471116816,0.7820322528883183,0.1545348661456527,0.1144503911074516,1.0,0.6656764168190128,0.3920068027210884,-18.950000000000003,0
0,5508398.0,0.0402044375992857,0.0801686370127157,0.1035314415110616,0.0078817733990147,0.2833690749094135,0.1617423147345089,0.1260333002677247,0.2613953488372093,0.0306291366644846,0.0198924731182795,0.9096475340204204,0.5138259961249177,0.1986721758664955,0.8013278241335046,0.1426297867043646,0.1794977356937011,1.0,0.8868829981718465,0.4583333333333333,-20.430000000000007,0
0,5515730.0,0.0408887467701457,0.0843806766851558,0.1067232176554104,0.0141871921182266,0.3454854692006211,0.1651858276316212,0.1134897016628801,0.265,0.0346556113171867,0.0344086021505376,1.0,0.5045213887457247,0.2156009306803594,0.7843990693196405,0.1490313230730931,0.2198435570193495,0.9083333333333332,0.57518281535649,0.4345238095238095,-19.94,0
0,5521754.0,0.0416324879593602,0.081862778430782,0.1045378574124328,0.0236453201970443,0.3561339939362566,0.1638495390446821,0.1059806086205241,0.2775581395348837,0.0289766528474798,0.0588709677419354,1.0,0.5122605290066176,0.1850930680359435,0.8149069319640565,0.129631111466752,0.2289007822149032,0.8196666666666668,0.4033363802559415,0.3852040816326531,-20.040000000000006,0
0,5529616.0,0.0401848990285775,0.0828419610852607,0.0983412109339899,0.034679802955665,0.4886489684241661,0.1846648035720021,0.1355049971734238,0.270813953488372,0.0223667175794603,0.0854838709677419,1.0,0.572079011991809,0.1422396501925545,0.8577603498074454,0.0929289696193753,0.3145327295183203,0.6863333333333334,0.715036563071298,0.614795918367347,-15.100000000000009,0
0,5541069.0,0.0420134637350605,0.0873026820667748,0.1063062739248423,0.0472906403940886,0.5034385861125489,0.1962288394205133,0.1347370217486374,0.2744186046511628,0.0230882245981525,0.1118279569892473,1.0,0.5837097712158004,0.1407754332477535,0.8592245667522465,0.0976945578049842,0.3260601070399341,0.6176666666666667,0.4024223034734918,0.5059523809523809,-17.769999999999996,0
0,5569300.0,0.0433022988343831,0.0873959375576775,0.0988444188846755,0.0614778325123152,0.7110848184574428,0.1986958337348623,0.1151109831152069,0.2946511627906977,0.0180609498872645,0.1451612903225806,1.0,0.5905559337542824,0.1106386392811296,0.8893613607188704,0.0926622389373449,0.4594483326471799,0.575,0.751599634369287,0.4209183673469388,-12.519999999999996,0
0,5601185.0,0.0433022988343831,0.1019282515566867,0.0967597002318351,0.1134975369458128,0.8897434001331064,0.2174038739520092,0.1297025161861487,0.398953488372093,0.0104734889810168,0.2373655913978494,1.0,0.5720459387428308,0.0575156450577663,0.9424843549422336,0.049309612084678,0.583779333058872,0.939,0.6044332723948812,0.5586734693877551,-1.7199999999999989,0
0,5617311.0,0.0433022988343831,0.1035291374838502,0.1003396653667128,0.1481773399014778,1.0,0.2369856413221547,0.1220227619382846,0.3790697674418605,0.0079831260455305,0.3061827956989247,1.0,0.6157908227246295,0.0437660462130937,0.9562339537869065,0.0363465009380028,0.7937422807739811,0.579,0.7058957952468008,0.5518707482993197,-3.180000000000007,0
0,5623328.0,0.0433022988343831,0.1031405729384222,0.1032870262207285,0.1544827586206896,1.0,0.2388358870579165,0.1061512698260322,0.3816279069767442,0.0060513491890319,0.3201612903225806,1.0,0.6224826434345467,0.0337873074454428,0.9662126925545572,0.0282023241133427,0.8727871552079044,0.4036666666666667,0.4691499085923217,0.4124149659863946,-5.480000000000004,0
0,59483716.0,0.5473820751446303,0.8029608618361618,0.6428697230559101,0.0015763546798029,0.0029579235376765,0.3486171340464488,0.5527716446407048,1.0,0.1144170485126191,0.0005376344086021,0.0011540495920755,0.1404179907450025,0.0904605263157894,0.9095394736842104,0.0480293048109323,0.0024701523260601,0.375,1.0,0.6062925170068028,69.47999999999996,2
0,59905131.0,0.5602556219698505,0.8185656139805524,0.6588717358877129,0.0015763546798029,0.007690601197959,0.3910699945392052,0.6196708371998764,1.0,0.1047814386500836,0.0005376344086021,0.003077465578868,0.1545953901403133,0.0810835205391527,0.9189164794608472,0.0381247054848719,0.0049403046521202,0.375,1.0,0.6062925170068028,68.39000000000004,2
0,60327247.0,0.5685000035171417,0.8319944046705459,0.6588717358877129,0.0015763546798029,0.0159727871034533,0.3221997365969612,0.5024265890158182,1.0,0.119583969743254,0.0005376344086021,0.0062831588901889,0.1253806868762592,0.0913330391527599,0.90866696084724,0.043974998444071,0.0107039934129271,0.375,1.0,0.0994897959183673,77.03000000000003,2
0,60741119.0,0.5750955788243963,0.8442575017242552,0.6854842477939724,0.0015763546798029,0.023071803593877,0.315929459381324,0.4893710067944493,1.0,0.1307556913230053,0.0005376344086021,0.0089759412716985,0.1212024330886831,0.0986140083440308,0.9013859916559692,0.048998426288976,0.0148209139563606,0.375,0.7808500914076782,0.3664965986394558,66.40999999999997,2
0,61175244.0,0.5935060225572953,0.8554015328871317,0.7022626386068329,0.0015763546798029,0.0349034977445832,0.3208120522951398,0.4952588183844784,1.0,0.1285446214270129,0.0005376344086021,0.0133356841750949,0.1215111167458128,0.0956454589216944,0.9043545410783056,0.0457354209454713,0.0222313709345409,0.375,0.8439213893967092,0.4243197278911564,61.90999999999997,2
0,61625031.0,0.6052059353819617,0.8598156261231944,0.7086174361554913,0.0015763546798029,0.0567921319233897,0.2825736404227297,0.4278476422087827,1.0,0.1448134409775257,0.0005376344086021,0.0216704867845293,0.1064958617097216,0.1074695121951219,0.8925304878048781,0.0531505339059151,0.0362289007822149,0.375,0.948126142595978,0.1964285714285714,60.329999999999984,2
0,62049831.0,0.6214623806001075,0.8569557910688439,0.7016444116959906,0.0015763546798029,0.1289654662426976,0.3130512993479168,0.4682943479142001,1.0,0.1298479889446505,0.0005376344086021,0.0492394492618891,0.1183691580928862,0.0964678273427471,0.9035321726572528,0.0451841775359419,0.0815150267599835,0.375,1.0,0.582482993197279,63.339999999999975,2
0,62432438.0,0.6375586768800897,0.8484695413966954,0.7031827902880866,0.0031527093596059,0.2407749759668712,0.3304744466930069,0.4777660448198991,1.0,0.1335951705578588,0.0010752688172043,0.0928368782958534,0.1261744448517354,0.1002988607188703,0.8997011392811297,0.0483315995839001,0.1515026759983532,1.0,1.0,0.494047619047619,56.81000000000006,2
0,62780187.0,0.639730693272844,0.8564584284506961,0.7232535988354332,0.0063054187192118,0.3366116985875915,0.3717452057434711,0.530415026719145,1.0,0.127520546948869,0.0018817204301075,0.1287406433826476,0.1406384790715237,0.0947528883183568,0.9052471116816432,0.0447040623082873,0.2124331000411692,1.0,0.7388025594149908,0.6113945578231292,47.99000000000001,2
0,63106460.0,0.6209975073551586,0.7972256491456438,0.7001779199539925,0.0267980295566502,0.4679435036604303,0.3502617969226815,0.4734995146821968,1.0,0.117698741726671,0.0086021505376344,0.191828687749443,0.1420606287775851,0.0937800866495507,0.9062199133504494,0.0443217483307104,0.2997118155619596,1.0,0.7314899451553931,0.3001700680272109,25.930000000000007,2
0,63417366.0,0.6341577304080052,0.8492777556511857,0.741455349280233,0.0977339901477832,0.5880351992900983,0.3941023417172593,0.5222232888547567,1.0,0.1320823332606008,0.0295698924731182,0.2267066309766145,0.1503179166058027,0.0990452503209242,0.9009547496790756,0.0469534910600766,0.3911074516261836,1.0,0.6099177330895795,0.6113945578231292,30.71000000000004,2
0,63733776.0,0.6483715946747536,0.8574997814324432,0.7121111370702515,0.3672906403940887,0.7317902832211786,0.3393145096527576,0.3903021769970028,1.0,0.1369234126118263,0.1102150537634408,0.2794082290147301,0.1282139618720561,0.1017731065468549,0.898226893453145,0.0434504281027446,0.5450802799505969,1.0,0.5980347349177331,0.1624149659863945,56.40999999999997,2
0,64058465.0,0.6504639543570027,0.8573909833597234,0.7291051884334059,0.6983251231527093,0.8980255860386007,0.4381484693713661,0.5105329962774524,1.0,0.1315237471816132,0.2099462365591397,0.3430091843113369,0.1655867332173932,0.0976913510911424,0.9023086489088576,0.0460910618548451,0.7262247838616714,0.9756666666666668,0.5824954296160878,0.8937074829931974,44.520000000000095,2
0,64387736.0,0.6543271444646196,0.8716435308860243,0.736624552953651,0.8181280788177341,0.9548177179619906,0.5110275930744275,0.6136976950070931,1.0,0.1238897374354498,0.2419354838709677,0.3587811954030358,0.1900609374612423,0.0903802952503209,0.9096197047496792,0.0449352288993803,0.7904487443392342,0.4896666666666667,0.4325868372943327,0.681122448979592,48.46000000000004,2
0,64692495.0,0.6607733574333668,0.8554170754689489,0.6946857646065094,1.0,1.0,0.4832739070380006,0.5441532537625463,1.0,0.0823681722307077,0.3032258064516128,0.3921204058407732,0.1830494086778693,0.0605142811296534,0.9394857188703466,0.0235345371778115,0.8785508439687114,0.529,0.4417276051188299,0.3069727891156463,67.18999999999994,2
0,64916337.0,0.6683480145687329,0.8675869170317555,0.7104433621479792,1.0,1.0,0.4720182454787832,0.4740968289014752,1.0,0.103478071132446,0.3629032258064516,0.478417669781532,0.176346563551626,0.0754874037227214,0.9245125962772788,0.0297137979781814,1.0,0.517,0.591636197440585,0.3596938775510204,64.06,2
0,65086853.0,0.6758867518038412,0.8438067668515588,0.720881332782201,1.0,1.0,0.5088175773344897,0.519151387155611,1.0,0.1308720634227944,0.4166666666666666,0.4905993043645515,0.1952975352161199,0.0987544127086007,0.9012455872913993,0.0381158144621375,1.0,0.453,0.3731718464351005,0.5314625850340137,41.5,2
0,65284775.0,0.6918287538087569,0.8389885664882508,0.718394047768812,1.0,1.0,0.472378015482959,0.426653013770226,1.0,0.1514233762455451,0.4290322580645161,0.5677923993011589,0.1823217972003495,0.1152619544287548,0.8847380455712451,0.046731215491718,1.0,0.391,0.5130255941499086,0.2763605442176871,40.13,2
0,65519537.0,0.7051017964549658,0.8708508592133511,0.7150297431842281,1.0,1.0,0.5851402139346631,0.5555875545315884,1.0,0.1141377554731253,0.5201612903225806,0.6363942361634263,0.2178093933539306,0.083169528241335,0.9168304717586648,0.0303806246832573,1.0,0.5463333333333333,0.5230804387568555,0.8052721088435375,62.97000000000003,2
0,65729460.0,0.7184622491770939,0.8541892115053962,0.7072372086336108,1.0,1.0,0.5802576210208473,0.4856164602732712,1.0,0.1238199141755764,0.5712365591397849,0.7871900495279618,0.2200914475334247,0.0921854942233633,0.9078145057766368,0.0302650413877108,1.0,0.427,0.5706124314442413,0.3852040816326531,57.66999999999996,2
0,65905273.0,0.6609887099053611,0.79470775089127,0.6703736319033842,1.0,1.0,0.6426006231730429,0.5334869284182907,1.0,0.1116706669575969,0.6674731182795699,0.9740178557117442,0.2614330087561427,0.0891567715019255,0.9108432284980744,0.0296337787735723,1.0,0.4343333333333333,0.5157678244972578,0.5807823129251701,45.04000000000002,2
0,66083547.0,0.7073977639623874,0.8305489445615535,0.7037435077188506,1.0,1.0,0.6275416787125373,0.5080584087975851,1.0,0.1127412902756564,0.746505376344086,0.8648960553943805,0.2445987250262519,0.0861380776636713,0.9138619223363288,0.0302739324104451,1.0,0.4863333333333333,0.30827239488117,0.3596938775510204,44.88999999999993,2
0,66277412.0,0.726032422676384,0.703317369806592,0.6720701615656957,1.0,1.0,0.5826732196203142,0.38876622614743,1.0,0.1395068732271438,1.0,1.0,0.266801899506933,0.1263137836970475,0.8736862163029526,0.0469357090146079,1.0,0.5523333333333333,0.401508226691042,0.2780612244897959,-14.939999999999998,0
0,66438828.0,0.726032422676384,0.7814965563467162,0.6503459554660964,1.0,1.0,0.7169188268928078,0.4769980693951127,1.0,0.0946105171285184,1.0,1.0,0.2964465550077034,0.0764902920410783,0.9235097079589216,0.0244592035421834,1.0,0.487,0.668418647166362,0.7899659863945578,50.47000000000003,2
0,66548532.0,0.726032422676384,0.8483762859057925,0.6554067897129918,1.0,1.0,0.7846583791076418,0.6068712467867695,1.0,0.0657502363808277,1.0,1.0,0.299599538076956,0.0482790436456996,0.9517209563543004,0.0130964764876903,1.0,0.4423333333333333,0.2835923217550274,0.5586734693877551,89.97999999999996,2
0,66650804.0,0.726032422676384,0.8611212029958327,0.6623941915425122,1.0,1.0,0.7635347402910282,0.5069491109617825,1.0,0.0673561713579169,1.0,1.0,0.2873403871223793,0.0487504011553273,0.9512495988446726,0.0139500146701875,1.0,0.5609999999999999,0.3960237659963437,0.352891156462585,93.32,2
0,81797255.0,0.7391519364111668,0.8595203170686692,0.7994824146792949,0.0,0.5531317015455149,0.181992226398124,0.1854233997845402,1.0,0.8460717143064952,0.0,0.2106781644200099,0.0686159672133858,0.6386091944801028,0.3613908055198973,0.4867034755007868,0.3466447097571016,0.375,0.4837751371115174,0.5178571428571429,-3.059999999999945,0
0,81933882.0,0.7600387134377371,0.8750473563039742,0.8147080495300398,0.0157635467980295,0.6187976040819344,0.1946869679740451,0.1939564600599447,1.0,0.8596407011419014,0.0045698924731182,0.2317075125422751,0.0721327560213984,0.6376363928112966,0.3623636071887035,0.4798751700408097,0.3911074516261836,0.375,0.4837751371115174,0.5178571428571429,-3.659999999999968,0
0,82068328.0,0.7681543495218164,0.8825388807398269,0.8307531944719013,0.0315270935960591,0.938253346151002,0.2286595355112267,0.1972843535673525,1.0,0.8705098552622011,0.0091397849462365,0.3483947490743561,0.084017076820889,0.6403742779204109,0.3596257220795892,0.4835560534528286,0.5953067105804858,1.0,0.8466636197440585,0.6947278911564626,-10.0,0
0,82111619.0,0.7707324641876943,0.910935177719709,0.837941879481696,0.0488669950738916,1.0,0.2398638013555619,0.1563256642454108,1.0,0.9074463597352536,0.0137096774193548,0.4066101396079437,0.0854612753596027,0.6472942073170732,0.3527057926829268,0.483902803339468,0.7188143268834912,0.7416666666666667,0.5614716636197441,0.4821428571428572,3.269999999999982,2
0,82092706.0,0.7883070032794234,0.9227009121552704,0.8497600776377983,0.0882758620689655,1.0,0.2979409591725289,0.1770610007146438,1.0,0.8940868426794678,0.0247311827956989,0.5472759621087051,0.1048421992608129,0.6297737483953788,0.3702262516046213,0.4702995385559201,0.984767393989296,0.9123333333333332,0.7068098720292504,0.810374149659864,2.6200000000000045,2
0,82046733.0,0.8024998171519996,0.9285138377548742,0.8523336268713047,0.2065024630541872,1.0,0.3260030194982493,0.1675893038089448,1.0,0.8994399592697653,0.0575268817204301,0.5806151725464425,0.1140145136440932,0.629673459563543,0.370326540436457,0.4628221884363357,1.0,1.0,0.4362431444241316,0.5586734693877551,4.57000000000005,2
0,81701971.0,0.8418369029073494,0.954718630698542,0.8587315565300219,0.3578325123152709,1.0,0.3729273071857634,0.1709171973163525,1.0,0.9076092806749584,0.0967741935483871,0.6372918302905961,0.1269351295782334,0.6183408215661105,0.3816591784338896,0.4538511464973816,1.0,0.8636666666666667,0.4920018281535649,0.6437074829931974,16.980000000000018,2
0,81298546.0,0.8792247835193849,0.956117463062083,0.8606293693726076,0.4949753694581281,1.0,0.4596832739070379,0.1806448860303137,1.0,0.9326525565495676,0.1338709677419354,0.8230938146147558,0.1562380281728959,0.6345474967907575,0.3654525032092426,0.4677211419629599,1.0,0.6303333333333334,0.6428244972577697,0.7950680272108844,16.56000000000006,2
0,81110780.0,0.8984174844075771,0.9579670302983204,0.8572506874180043,0.710935960591133,1.0,0.4850213613439979,0.1744157520292684,1.0,0.9054214851989236,0.1916666666666666,0.8391222811713603,0.1645394136664177,0.6147905969191272,0.3852094030808728,0.4442488419442888,1.0,0.6656666666666666,0.3941956124314442,0.4923469387755102,20.09999999999991,2
0,80935276.0,0.8558362288197789,0.8890667651030183,0.8047732868465038,1.0,1.0,0.4938100285888663,0.162384137040948,1.0,0.8298261691759402,0.307258064516129,0.859766946096267,0.180149987184116,0.6059651797175867,0.3940348202824134,0.4408169071688316,1.0,0.7016666666666667,0.3320383912248629,0.429421768707483,12.269999999999982,2
0,80830916.0,0.901796441599273,0.945408624190086,0.8530381180022646,1.0,1.0,0.5417622305740258,0.1787676127697247,1.0,0.8793774092661286,0.5150537634408602,0.7919344756287167,0.1861693184981438,0.6048118581514763,0.3951881418485238,0.4364603060290025,1.0,0.895,0.354890310786106,0.5637755102040817,14.950000000000044,2
0,80857877.0,0.9483062980014824,0.9155513245193942,0.8414930898765345,1.0,1.0,0.6395168802801067,0.1507791750663979,1.0,0.866250636409921,0.8881720430107526,1.0,0.2267391705780377,0.6147605102695765,0.3852394897304236,0.4480364176291198,1.0,0.8223333333333334,0.6428244972577697,0.7049319727891157,3.769999999999982,2
0,80916391.0,0.952358005946195,0.938569888190552,0.838675125352695,1.0,1.0,0.737014551411776,0.1855940609900483,1.0,0.8763750090915705,1.0,1.0,0.2550608961196811,0.6070382702182285,0.3929617297817715,0.4520284868368407,1.0,0.6003333333333334,0.4088208409506398,0.657312925170068,20.539999999999964,2
0,81041581.0,0.9566121880588504,0.9539259590258689,0.8361303308592277,1.0,1.0,0.7809578876361182,0.1962603863343039,1.0,0.8845210560768058,1.0,1.0,0.2660301903641089,0.6030467747111682,0.3969532252888318,0.4554782036577667,1.0,0.4716666666666667,0.3941956124314442,0.5008503401360545,32.190000000000055,2
0,81376078.0,0.978187324048226,0.9369223745179373,0.8179717125244866,1.0,1.0,0.8322508110886254,0.1671626507951745,1.0,0.8362033602443816,1.0,1.0,0.2885199996692675,0.5801107188703466,0.4198892811296534,0.440932490464378,1.0,0.4803333333333333,0.4746343692870201,0.5110544217687075,33.879999999999995,2
0,82077546.0,0.9930771524756252,0.9686603265885004,0.8266268892762793,1.0,1.0,0.9669589797950594,0.1619574840271778,1.0,0.8351560113462799,1.0,1.0,0.3245036945575213,0.5607750320924262,0.4392249679075738,0.4248486303379477,1.0,0.4243333333333333,0.7205210237659962,0.6743197278911566,48.27999999999997,2
0,82760102.0,1.0,0.9723128333155242,0.8267850403464947,1.0,1.0,0.9720471555684044,0.1753543886595629,0.9840697674418604,0.8549858171503384,1.0,1.0,0.325021842124846,0.5720274390243902,0.4279725609756097,0.4201452793114792,1.0,0.3656666666666666,0.3667733089579524,0.407312925170068,50.51999999999998,2
0,83104010.0,1.0,0.9768823523697582,0.8282227773484536,1.0,1.0,1.0,0.1719411645494011,0.8874418604651162,0.8193759546148812,1.0,1.0,0.3689541411841877,0.5456013318356868,0.4543986681643132,0.3947258453139864,1.0,0.3963333333333333,0.6693327239488117,0.636904761904762,52.46000000000004,2
0,83368507.0,1.0,0.9579514877165032,0.8160595223118812,1.0,1.0,1.0,0.1509498362719059,0.8837209302325582,0.7748985380754966,1.0,1.0,0.3886988708241579,0.5258544608472401,0.47414553915276,0.3812470548487192,1.0,0.4703333333333333,0.411563071297989,0.4566326530612245,48.74000000000001,2
0,83559184.0,1.0,0.9079199168471874,0.7928832018403035,1.0,1.0,1.0,0.1683572792337312,0.8729069767441859,0.6596901592843117,1.0,1.0,0.4430602677279505,0.4714878851091143,0.5285121148908858,0.326087149804842,1.0,0.3883333333333333,0.5075411334552102,0.5382653061224489,32.67000000000007,2
0,83628711.0,1.0,0.8561009490689022,0.7645597829017129,1.0,1.0,1.0,0.1597388883555726,0.7486046511627906,0.5829543966833953,1.0,1.0,0.4891974500525039,0.4410502246469833,0.5589497753530167,0.2932792759151085,1.0,0.4383333333333333,0.4197897623400365,0.4719387755102041,19.029999999999973,2
0,83697080.0,1.0,0.8748763879039858,0.7825746275362581,1.0,1.0,1.0,0.1677599650144528,0.8038372093023255,0.6442126700123647,1.0,1.0,0.4428177305687773,0.4773948973042362,0.5226051026957638,0.3279809376472575,1.0,0.373,0.2506855575868373,0.2695578231292517,18.58000000000004,2
0,84086227.0,1.0,0.8563030026325248,0.7529141131858456,1.0,1.0,1.0,0.1503525220526276,0.4036046511627907,0.6521957960578952,1.0,1.0,0.4891864256361778,0.493581514762516,0.506418485237484,0.3502974047104638,1.0,0.523,0.4600091407678245,0.5382653061224489,27.25999999999999,2
0,84548233.0,1.0,0.7627988304207184,0.7188685009794585,1.0,1.0,1.0,0.181242200249592,0.083953488372093,0.5166688486435378,1.0,1.0,0.6028702067904894,0.4372793645699615,0.5627206354300385,0.2997786135339148,1.0,0.4143333333333333,0.4901736745886654,0.5722789115646258,-9.220000000000027,0
0,84552234.0,1.0,0.7461216401309463,0.7279549988318388,1.0,1.0,1.0,0.2033428263628897,0.0,0.4764739253763911,1.0,1.0,0.6464938221927015,0.4118862323491656,0.5881137676508345,0.2761818391969628,1.0,0.4823333333333333,0.3823126142595978,0.483843537414966,-26.269999999999985,0
0,84075075.0,1.0,0.7530847167850171,0.7250939021979406,1.0,1.0,1.0,0.1669066589869124,0.0,0.4755429485780785,1.0,1.0,0.6514548095394276,0.4073732349165597,0.5926267650834404,0.2701981808967485,1.0,0.5143333333333333,0.3393510054844607,0.4277210884353741,-19.799999999999955,0
1,191786219.25,0.7631392198402793,0.8633127070320469,0.8004600758406271,0.0015763546798029,0.093470383790579,0.4125534033599948,0.656960310603394,0.1833720930232558,1.0,0.0005376344086021,0.0355190818894356,0.1548710005484647,0.8314345314505777,0.1685654685494223,0.6350768628915383,0.0592836558254425,0.375,0.6702468007312614,0.3120748299319728,-1.3000000000000682,0
1,191786219.25,0.8011833161964903,0.8861603023032164,0.8215804323994035,0.0015763546798029,0.1236412038748798,0.3915839516880279,0.6145510010346336,0.2196511627906976,1.0,0.0005376344086021,0.0457773004856625,0.1433174122387558,0.8373014281129654,0.1626985718870346,0.641611764601282,0.07739810621655,0.375,0.6702468007312614,0.3120748299319728,-1.2899999999999636,0
1,191786219.25,0.8247018460460288,0.9227630824825388,0.8555254030156535,0.0015763546798029,0.1236412038748798,0.3740580129131733,0.5848559512762259,0.225,1.0,0.0005376344086021,0.0439821122313228,0.131609482100482,0.8484435173299103,0.1515564826700898,0.6490535506299289,0.07739810621655,0.375,0.375,0.3222789115646258,-1.3500000000000227,0
1,191786219.25,0.8878346120350397,0.9670438980795196,0.8969753607821291,0.0031527093596059,0.1538120239591806,0.3835662201663936,0.5913410770855333,0.2109302325581395,1.0,0.0008064516129032,0.0521886871083043,0.1289305489332499,0.8542000962772787,0.1457999037227214,0.6510540307451566,0.0971593248250308,1.0,0.5980347349177331,0.4413265306122449,-1.6900000000000546,0
1,191786219.25,0.9559308790069112,1.0,0.9835271283000558,0.0031527093596059,0.3093988020409672,0.5612412065144068,0.858767186116711,0.2472093023255814,1.0,0.0008064516129032,0.0960425716071743,0.1723998225068971,0.81264040436457,0.18735959563543,0.6206289509482275,0.1943186496500617,0.375,1.0,1.0,-40.68624999999997,0
1,191786219.25,1.0,1.0,0.9922254371619074,0.0031527093596059,0.3543592398136508,0.5523497478397739,0.8312907320299084,0.2061627906976744,1.0,0.0008064516129032,0.1089935725849108,0.1681664466376908,0.821776716944801,0.178223283055199,0.6297333582281969,0.2223137093454096,0.375,0.5075411334552102,0.3715986394557823,-46.73625000000004,0
1,191786219.25,1.0,1.0,1.0,0.0015763546798029,0.5525401168379797,0.6556037390382576,0.9609932482160572,0.205,1.0,0.000268817204301,0.1609258042283095,0.1889033737470062,0.8043966623876765,0.1956033376123235,0.6199621242431516,0.3466447097571016,0.0416666666666666,0.8859689213893968,0.7168367346938775,-52.14374999999996,0
1,191786219.25,1.0,1.0,1.0,0.0094581280788177,0.6909709384012422,0.7285342584562011,1.0,0.2073255813953488,1.0,0.0021505376344086,0.1881100835083108,0.1962566594364869,0.7990111521181003,0.2009888478818998,0.6153654654894952,0.4347468093865788,1.0,0.6044332723948812,0.5875850340136055,-52.14374999999996,0
1,191786219.25,1.0,1.0,1.0,0.0094581280788177,0.850698809435776,0.7139378754296359,0.9827525519183388,0.1770930232558139,1.0,0.0018817204301075,0.2226033435381237,0.1848574129553429,0.8133925706033377,0.1866074293966624,0.6288887110684341,0.5351996706463565,0.375,0.5861517367458866,0.364795918367347,-52.14374999999996,0
1,191786219.25,1.0,1.0,1.0,0.0126108374384236,0.9625083191599496,0.6848479008062702,0.9074056296865168,0.1955813953488372,1.0,0.0024193548387096,0.2374777605026527,0.1671962980009977,0.828706675224647,0.171293324775353,0.639086714144728,0.606010703993413,0.597,0.4947440585009141,0.3290816326530612,-52.14374999999996,0
1,191786219.25,1.0,1.0,1.0,0.0173399014778325,1.0,0.7274035527287912,0.9278849743474876,0.2683720930232557,1.0,0.0032258064516129,0.2664572280369937,0.1666230283520427,0.8237022625160463,0.1762977374839538,0.6345345105047432,0.7254013997529848,0.625,0.5541590493601463,0.5042517006802721,-52.14374999999996,0
1,191786219.25,1.0,1.0,1.0,0.1308374384236453,1.0,0.8836979216857793,1.0,0.3746511627906976,1.0,0.021505376344086,0.2974883392905801,0.1836226783268243,0.8016587772785623,0.1983412227214377,0.6191352591288575,0.9180732811856732,1.0,0.5861517367458866,0.7644557823129252,-52.14374999999996,0
1,191786219.25,1.0,1.0,1.0,0.3310344827586207,1.0,0.8317368539398028,0.9879577186863354,0.3853488372093023,1.0,0.0518817204301075,0.3231338857811474,0.1639110219358324,0.8203526155327343,0.1796473844672657,0.6375841313026237,1.0,1.0,0.5075411334552102,0.298469387755102,-52.14374999999996,0
1,191786219.25,1.0,1.0,1.0,0.5406896551724139,1.0,0.9404901866306896,1.0,0.3873255813953488,1.0,0.0809139784946236,0.3372389363509593,0.1767654913720162,0.8099225770218229,0.1900774229781771,0.6341433055044321,1.0,0.7969999999999999,0.4609232175502742,0.6215986394557824,-52.14374999999996,0
1,191786219.25,1.0,1.0,1.0,0.7739901477832513,1.0,1.0,1.0,0.4033720930232558,1.0,0.1048387096774193,0.3408293128596387,0.1738550454619368,0.8141948812580232,0.1858051187419769,0.6379042081210601,1.0,0.6623333333333334,0.4801188299817184,0.5433673469387755,-52.14374999999996,0
1,191786219.25,1.0,1.0,1.0,1.0,1.0,0.9851016671485012,1.0,0.4454651162790697,1.0,0.1454301075268817,0.3203128756671849,0.1612320887686003,0.8240131578947368,0.1759868421052631,0.6444924559672098,1.0,0.671,0.3558043875685557,0.3409863945578231,-52.14374999999996,0
1,191786219.25,1.0,1.0,1.0,1.0,1.0,1.0,1.0,0.4406976744186046,1.0,0.2352150537634408,0.3994293865905849,0.1591705229156274,0.8279545089858794,0.1720454910141207,0.6455949427862686,1.0,0.8556666666666667,0.6739031078610603,0.4855442176870748,-52.14374999999996,0
1,191786219.25,1.0,1.0,1.0,1.0,1.0,1.0,1.0,0.4349999999999999,1.0,0.411021505376344,0.4614916090977577,0.1703382566539243,0.8193798138639281,0.1806201861360719,0.6377886248255136,1.0,0.9303333333333332,0.5678702010968921,0.6062925170068028,-52.14374999999996,0
1,191786219.25,1.0,1.0,1.0,1.0,1.0,1.0,1.0,0.4540697674418604,1.0,0.6405913978494623,0.4920098094215327,0.1796318396167913,0.8116776315789473,0.1883223684210526,0.6330141456171703,1.0,0.825,0.5084552102376599,0.625,-52.14374999999996,0
1,191786219.25,1.0,1.0,1.0,1.0,1.0,1.0,1.0,0.5251162790697674,1.0,0.628763440860215,0.5070124541185146,0.1942171424161662,0.7950397143774071,0.204960285622593,0.6196242653792464,1.0,0.375,0.4207038391224862,0.5705782312925171,-52.14374999999996,0
1,191786219.25,1.0,1.0,1.0,1.0,1.0,1.0,1.0,0.5187209302325582,1.0,0.9096774193548386,0.4956001859302121,0.209541081109387,0.7807686136071887,0.2192313863928113,0.607532474460537,1.0,0.6503333333333333,0.3338665447897623,0.4906462585034014,-52.14374999999996,0
1,191786219.25,1.0,1.0,1.0,1.0,1.0,1.0,1.0,0.5106976744186047,1.0,1.0,0.5200916828287039,0.2071598071829585,0.7853116976893454,0.2146883023106547,0.6131160367377059,1.0,0.535,0.4910877513711151,0.5042517006802721,-52.14374999999996,0
1,191786219.25,1.0,1.0,1.0,1.0,1.0,1.0,1.0,0.5370930232558139,1.0,1.0,0.4977800573819103,0.2225829656231138,0.7718429075738127,0.2281570924261874,0.6045895459354689,1.0,0.683,0.401508226691042,0.6624149659863946,-52.14374999999996,0
1,191786219.25,1.0,1.0,1.0,1.0,1.0,1.0,1.0,0.5604651162790698,1.0,1.0,0.5488146948981392,0.2126279176806833,0.7813803754813864,0.2186196245186136,0.6113556142363056,1.0,0.5103333333333333,0.5322212065813529,0.4243197278911564,-52.14374999999996,0
1,191786219.25,1.0,1.0,1.0,1.0,1.0,1.0,1.0,0.636046511627907,1.0,1.0,0.5134238407411563,0.2183716385865596,0.7744103016688062,0.2255896983311938,0.6042783601397668,1.0,0.535,0.3686014625228519,0.5518707482993197,-52.14374999999996,0
1,191786219.25,1.0,1.0,1.0,1.0,1.0,1.0,1.0,0.6259302325581395,1.0,1.0,0.6404975236019171,0.2653246277192412,0.7327001765083441,0.267299823491656,0.5729197229557315,1.0,0.6216666666666667,0.6263711151736746,0.810374149659864,-52.14374999999996,0
2,191786219.25,0.2979622633383277,0.1276045967185724,0.118038207860827,0.0,0.0,0.1007356011692525,0.0855012639595532,0.0,0.1816102989308313,0.0,0.0,0.2204001311905543,0.799502567394095,0.200497432605905,0.5378268562232712,0.0,0.375,0.375,0.6232993197278912,0.0,1
2,191786219.25,0.3110619960083949,0.1402251731540755,0.1297126323167334,0.0,0.0,0.1140470913237608,0.0994101522084626,0.0,0.1944810531675031,0.0,0.0,0.2304323500472672,0.7903762836970475,0.2096237163029525,0.5337192037200038,0.0,0.375,0.375,0.6232993197278912,0.0,1
2,191786219.25,0.327542191606487,0.1509184694442555,0.1396042628902108,0.0,0.0,0.1079310012527705,0.0847332885347668,0.0,0.2132635100734599,0.0,0.0,0.204800582089182,0.8136934370988448,0.1863065629011553,0.5492340383914361,0.0,0.375,0.375,0.3069727891156463,0.0,1
2,191786219.25,0.3458461245298355,0.1576794925347036,0.1458584188487321,0.0,0.0,0.1018663068966624,0.0776508485061811,0.0,0.2261342643101316,0.0,0.0,0.1861362452491656,0.8306723363286265,0.1693276636713735,0.5608279320370221,0.0,0.375,0.375,0.3035714285714286,0.0,1
2,191786219.25,0.3675209137856587,0.1691654604975569,0.1564832952932085,0.0,0.0,0.1077768141081237,0.0825146928631617,0.0,0.2406575023638083,0.0,0.0,0.1852763407757331,0.8314545892169449,0.1685454107830552,0.5583206636259368,0.0,0.375,0.375,0.4974489795918367,0.0,1
2,191786219.25,0.3919300230069828,0.1817704943512429,0.1681433423790953,0.0,0.0,0.1164626899232276,0.0915597367550905,0.0,0.2555996799767256,0.0,0.0,0.1879883471919433,0.8289874839537869,0.1710125160462131,0.5555022094191494,0.0,0.375,0.375,0.5365646258503401,0.0,1
2,191786219.25,0.4170953540607603,0.1897127536597923,0.1754901784591054,0.0,0.0,0.1088561241206514,0.0820880398493914,0.0,0.2709375227289258,0.0,0.0,0.1692027417723403,0.846076700898588,0.1539232991014121,0.5711326273861281,0.0,0.375,0.375,0.288265306122449,0.0,1
2,191786219.25,0.4475867094538346,0.2058770387495993,0.1904426432794781,0.0,0.0,0.1248401914490379,0.096338250509317,0.0,0.287904574878173,0.0,0.0,0.1804476464249196,0.835847240051348,0.1641527599486521,0.5667048980644243,0.0,0.375,0.375,0.6488095238095238,0.0,1
2,191786219.25,0.4853507292259231,0.2175339751124408,0.20122567079417,0.0,0.0,0.1353763129999036,0.0983861849754141,0.0,0.3005891337551822,0.0,0.0,0.1862575138287522,0.8305620186136072,0.1694379813863928,0.5576716189663297,0.0,0.375,0.375,0.5416666666666667,0.0,1
2,191786219.25,0.51221596390502,0.2283671546389749,0.2112466976978236,0.0,0.0,0.1376891201696058,0.0971062259341034,0.0,0.3157640555676777,0.0,0.0,0.1813406241473303,0.8350349005134788,0.1649650994865212,0.5644910334035723,0.0,0.375,0.375,0.4277210884353741,0.0,1
2,191786219.25,0.5495202442651671,0.2511992073283273,0.2323670542566001,0.0,0.0,0.1779833606373068,0.1489872324085629,0.0,0.3317070332387811,0.0,0.0,0.2150091916071119,0.8044066912708602,0.1955933087291399,0.543383745432237,0.0,0.375,0.375,0.897108843537415,0.0,1
2,191786219.25,0.5882854840174307,0.2734561844904461,0.2529554481246518,0.0,0.0,0.1565513475313995,0.1059806086205241,0.0,0.3747414357407812,0.0,0.0,0.1750126091761729,0.8407914794608473,0.1592085205391527,0.5703502173855057,0.0,0.375,0.375,0.1947278911564626,0.0,1
2,191786219.25,0.6249555701412948,0.3000029142340907,0.2775119961181101,0.0,0.0,0.1598920689987472,0.1092231715251778,0.0,0.4129813077314714,0.0,0.0,0.1641315102623535,0.8506899871630296,0.1493100128369704,0.5880255705813839,0.0,0.375,0.375,0.4345238095238095,0.0,1
2,191786219.25,0.6607884751489956,0.3252129819414627,0.3008320902898838,0.0015763546798029,0.0,0.1824547878320644,0.1443793798598445,0.0,0.4405149465415667,0.0010752688172043,0.0,0.1737999233803065,0.8418946566110398,0.1581053433889602,0.583624514327883,0.0,0.375,0.375,0.6386054421768708,0.0,1
2,191786219.25,0.6948651366564831,0.3444236130674256,0.3186168970041156,0.0015763546798029,0.0,0.1768526549098968,0.1293611937751325,0.0,0.4718190413848281,0.0010752688172043,0.0,0.1596996948992782,0.8547215982028241,0.1452784017971758,0.5919998577436362,0.0,0.375,0.375,0.3460884353741497,-0.0100000000000193,0
2,191786219.25,0.7297163395250109,0.3533450550304537,0.3268695073953597,0.0015763546798029,0.0,0.1724840191449038,0.1172442481840581,0.0,0.4871568841370282,0.0010752688172043,0.0,0.152081823217972,0.8616515564826701,0.1383484435173299,0.5962053114969814,0.0,0.375,0.375,0.3562925170068027,-0.0099999999999909,0
2,191786219.25,0.7674418980795007,0.375524319283487,0.3483636755746456,0.0031527093596059,0.0005915847075353,0.2034242395040313,0.1593975659445564,0.0,0.5063582806022258,0.0021505376344086,0.0005129109298113,0.1694232300988614,0.8458761232349167,0.1541238767650834,0.5897237559236438,0.0008233841086867,1.0,0.375,0.7032312925170068,-0.6899999999999977,0
2,191786219.25,0.8073552709642952,0.388393577028064,0.3608863648617077,0.0047290640394088,0.0,0.2219780925765314,0.1589709129307862,0.0,0.5172274347225254,0.0029569892473118,0.0,0.1791136920494666,0.8370607349165597,0.1629392650834403,0.5892436406959892,0.0008233841086867,0.7083333333333334,0.0,0.5535714285714286,-1.1200000000000043,0
2,191786219.25,0.8501566557689936,0.4163080539716153,0.3872544614776343,0.0141871921182266,0.0112401094431708,0.2486524686004304,0.1846554243597538,0.0,0.5469488690086552,0.0086021505376344,0.00859125807434,0.1879442495266391,0.8290275994865213,0.1709724005134788,0.5853049176246742,0.0107039934129271,1.0,0.375,0.6028911564625851,-1.5,0
2,191786219.25,0.8938241898908705,0.4344151617885626,0.4042628902108082,0.0189162561576354,0.0283960659616948,0.2469050142944331,0.1805595554275596,0.0,0.5748548985380756,0.011021505376344,0.0207728926573594,0.1792570094617053,0.8369303594351734,0.1630696405648267,0.5939736647906607,0.0222313709345409,0.597,1.0,0.3869047619047619,-1.6800000000000068,0
2,191786219.25,0.8749523596423194,0.4287887471707644,0.3988713764534623,0.0267980295566502,0.0278044812541595,0.2718319360123349,0.2076093565005919,0.0,0.5551414648338062,0.0155913978494623,0.0206446649249066,0.1998065214934777,0.8182365211810014,0.1817634788189987,0.5862740391027179,0.0238781391519143,0.653,0.3558043875685557,0.5705782312925171,-1.5500000000000114,0
2,191786219.25,0.9080869549057116,0.4560504356779966,0.4232553960066855,0.0299507389162561,0.0260297271315536,0.2888439176383669,0.2107665888024916,0.0,0.5882609644337772,0.0163978494623655,0.0182083380083027,0.2002805713954982,0.8178052792041078,0.1821947207958922,0.5856161034203763,0.0230547550432276,0.4536666666666666,0.3164990859232175,0.5059523809523809,-0.9699999999999704,0
2,191786219.25,0.9573465915518404,0.4936323985117978,0.4577754614237191,0.06935960591133,0.0212970494712711,0.336179371044939,0.2329525455185434,0.0,0.6231027711106264,0.0354838709677419,0.0138485951049063,0.2161998285703261,0.8033235718870346,0.1966764281129653,0.5779698238688395,0.0296418279127212,1.0,0.2086380255941499,0.6777210884353742,-0.7999999999999545,0
2,191786219.25,0.9573465915518404,0.5201480430918082,0.4824326510073146,0.1119211822660098,0.0283960659616948,0.3351000610324114,0.2098279521721971,0.0,0.663297694377773,0.0545698924731182,0.0175671993460385,0.2050210704157032,0.8134928594351735,0.1865071405648267,0.5824064442132777,0.0444627418690819,0.7843333333333333,0.6793875685557587,0.3937074829931973,-0.8899999999999864,0
2,191786219.25,0.9573465915518404,0.5526942094168619,0.5126395054184714,0.212807881773399,0.0278044812541595,0.3454305997237479,0.2328672149157893,0.0,0.7073561713579171,0.0975806451612903,0.0162849220215102,0.1994316913383917,0.8185775032092426,0.1814224967907574,0.5819174379628888,0.0675174969123095,0.9756666666666668,0.3558043875685557,0.451530612244898,-0.9599999999999796,0
2,66418661.0,0.1464342479843298,0.1607258385708596,0.1476987222112395,0.0,0.0023663388301412,0.0196331630850277,0.032254967841029,0.0,0.2679351225543676,0.0,0.0043597429033964,0.0352891566597121,0.9678975449293968,0.0321024550706033,0.5705369288629271,0.0016467682173734,0.375,0.1464808043875685,0.5450680272108843,0.6799999999999926,2
2,67452005.0,0.1578853248265948,0.1735329259881682,0.1600920151681254,0.0,0.0017747541226059,0.0213292216761427,0.0351562083346666,0.0,0.2863451887409994,0.0,0.003077465578868,0.0358624263086671,0.9673760430038512,0.0326239569961489,0.5708125505676918,0.0008233841086867,0.375,0.1464808043875685,0.5450680272108843,0.2999999999999971,2
2,68011318.0,0.1750524396271869,0.1900702330415861,0.1760796506299085,0.0,0.0017747541226059,0.0413221547653464,0.0683498128059902,0.0,0.3020554222125246,0.0,0.0028210101139623,0.0641180053523541,0.9416720154043646,0.0583279845956354,0.5566313693064112,0.0008233841086867,0.375,0.375,1.0,-0.1800000000000068,0
2,68769343.0,0.1979207373539618,0.210928377840164,0.1959347986269612,0.0,0.0017747541226059,0.0494426777167453,0.0818320480411293,0.0,0.3296123354425777,0.0,0.0025645546490567,0.0699388971725128,0.9363767650834404,0.0636232349165597,0.5541241008953259,0.0008233841086867,0.375,0.375,0.7338435374149661,-0.5699999999999932,0
2,70256316.0,0.217316553663242,0.2281961862389866,0.2115629998382546,0.0,0.0029579235376765,0.0615720664289614,0.1017994090855759,0.0,0.3499774529056659,0.0,0.0039750597060379,0.0811507285761139,0.926177390885751,0.073822609114249,0.5475180710037074,0.0016467682173734,0.375,0.9846892138939672,0.8154761904761905,-0.3300000000000125,0
2,71828455.0,0.2339042480148926,0.2504376208192883,0.2306849019643082,0.0,0.0041410929527471,0.0746265780090584,0.1233027209795953,0.0,0.3773714451960143,0.0,0.0051291092981134,0.0904002138736767,0.9177631578947368,0.0822368421052631,0.5428413930454419,0.0024701523260601,0.375,0.7406307129798904,0.7593537414965987,0.6800000000000068,2
2,73392747.0,0.2580230549801359,0.2758652846721001,0.2548532609672376,0.0,0.007690601197959,0.0958016125405544,0.1579469456977376,0.0,0.40585933522438,0.0,0.00859125807434,0.1062423001342223,0.9033516527599488,0.0966483472400513,0.5325455887190703,0.0049403046521202,0.375,1.0,0.8818027210884354,0.2300000000000182,2
2,74602648.0,0.2869299969404878,0.2909260464528914,0.268137950865338,0.0,0.0082821859054943,0.0930262439369117,0.1532537625462652,0.0,0.4296690668412249,0.0,0.0088477135392457,0.098238573881504,0.9106326219512196,0.0893673780487804,0.5380046766779581,0.0049403046521202,0.375,0.4453839122486289,0.3494897959183674,0.6800000000000068,2
2,75514201.0,0.2963054756896386,0.3023809292521104,0.2765630896968172,0.0,0.0118316941507062,0.0392663261700555,0.0634859684490096,0.0,0.4711673576260092,0.0,0.0121816345830194,0.040018631263591,0.9635951540436458,0.0364048459563543,0.5660113982911453,0.0074104569781803,0.375,0.7671389396709323,0.0,2.1899999999999977,2
2,76457831.0,0.3174574881357324,0.3199751318690926,0.2901209496252898,0.0,0.0136064482733121,0.0357200218431788,0.0573421650507183,0.0,0.4991199359953452,0.0,0.0133356841750949,0.0345394963495401,0.9685795089858794,0.0314204910141206,0.5699856854533977,0.008233841086867,0.375,0.5121115173674589,0.2457482993197279,4.0800000000000125,2
2,77420851.0,0.3460403809283195,0.3415326928494409,0.310623079273224,0.0,0.0100569400281002,0.0536057306222093,0.0874638678228963,0.0,0.5233020583315151,0.0,0.0092323967366042,0.0487830422428072,0.9556221919127088,0.0443778080872914,0.5650156037448987,0.0065870728694936,0.375,0.1364259597806215,1.0,3.6899999999999977,2
2,78383602.0,0.3556841608396032,0.3413928096130868,0.3085958701004619,0.0,0.0124232788582415,0.0560727249365584,0.0911330837413202,0.0012790697674418,0.5217193977743837,0.0,0.0114122681883024,0.0510540720059752,0.9530848844672658,0.0469151155327342,0.5586318494216388,0.0074104569781803,0.375,0.5898080438756855,0.4770408163265306,5.009999999999991,2
2,79370583.0,0.3499667947724239,0.3618313047026024,0.3244541092320688,0.0,0.0165643718109886,0.0657865150493077,0.1066632534425565,0.016860465116279,0.5448076223725363,0.0,0.0144897337671704,0.0567316464138951,0.9425445282413352,0.0574554717586649,0.5535550754403279,0.0107039934129271,0.375,0.6793875685557587,0.6930272108843538,7.129999999999996,2
2,80414689.0,0.3395041819137817,0.37756039750153,0.3379257049404238,0.0,0.0130148635657768,0.0763740323150557,0.124753341226414,0.0495348837209302,0.5570266928503893,0.0,0.010899357258491,0.0632911741278997,0.9259266688061618,0.0740733311938382,0.5404585989526375,0.008233841086867,0.375,0.1793875685557587,0.6726190476190477,7.880000000000024,2
2,81502045.0,0.3578304757909578,0.4036253072088437,0.3648976510971731,0.0,0.0118316941507062,0.0758086794513507,0.1237293739933655,0.0473255813953488,0.5967561277183797,0.0,0.009360624469057,0.0589916517607371,0.931522785622593,0.0684772143774069,0.5497941728236998,0.0074104569781803,0.375,0.2918190127970749,0.3869047619047619,5.889999999999986,2
2,82619365.0,0.3517651725141206,0.410790437426537,0.3761551318225114,0.0,0.0082821859054943,0.0689216536571263,0.1130630486491099,0.0406976744186046,0.6119310495308751,0.0,0.0064113866226418,0.0527518321201882,0.9394857188703466,0.0605142811296534,0.5557689401011798,0.0049403046521202,0.375,0.1007769652650822,0.244047619047619,2.670000000000016,2
2,83812230.0,0.3748572202673897,0.419960560698639,0.3849253275344608,0.0,0.0094653553205649,0.0801773152163438,0.1315797894467377,0.0752325581395348,0.6136533566077534,0.0,0.0071807530173588,0.0601051178096689,0.9226472240051348,0.0773527759948652,0.5480248592995651,0.0057636887608069,0.375,0.5057129798903108,0.6760204081632654,2.4699999999999704,2
2,85026761.0,0.395222494470263,0.4495380938966224,0.409625649228115,0.0141871921182266,0.0189307106411299,0.0907648324820918,0.1470246285452199,0.0809302325581395,0.6520096006982328,0.0077956989247311,0.0134639119075478,0.0637982972788984,0.919086970474968,0.0809130295250321,0.5476247632765195,0.0148209139563606,0.375,1.0,0.6232993197278912,4.319999999999993,2
2,86117999.0,0.394367849164453,0.4606976676413161,0.4208256204733749,0.034679802955665,0.0443688530651482,0.0556615592175002,0.0839653131099804,0.0801162790697674,0.6847799839988364,0.0188172043010752,0.0307746557886807,0.0382216514024435,0.9431061456996148,0.0568938543003851,0.5620282201061587,0.0362289007822149,1.0,1.0,0.0,3.710000000000037,2
2,87051649.0,0.3818455111588389,0.4708469735678968,0.4256851715399961,0.0803940886699507,0.0425940989425423,0.1804503549516559,0.2890147515279511,0.0745348837209302,0.6445850607316898,0.043010752688172,0.0289794675343409,0.1213788237499001,0.8694139120667523,0.1305860879332477,0.517519760298027,0.0452861259777686,1.0,0.338436928702011,1.0,6.860000000000014,2
2,87723448.0,0.3839252519919917,0.4993365260386815,0.4521251550060206,0.0914285714285714,0.06684907195149,0.1281295172015033,0.1979669983893848,0.0736046511627906,0.7111266273910831,0.0462365591397849,0.0429562903717001,0.0815035098985478,0.9070322528883183,0.0929677471116816,0.5397384261111554,0.063400576368876,0.4663333333333333,0.895109689213894,0.0,6.7999999999999545,2
2,88455490.0,0.4060702623440028,0.5291782831275561,0.4797297054436318,0.0977339901477832,0.06684907195149,0.0801773152163438,0.1180122236088445,0.0411627906976744,0.7840221106989601,0.046774193548387,0.040648191187549,0.0482538702591564,0.9461448973042362,0.0538551026957638,0.5637619695393561,0.0650473445862494,0.421,0.375,0.0,6.800000000000011,2
2,89524247.0,0.4191044272651648,0.5457311327627911,0.4955448124651799,0.0977339901477832,0.06684907195149,0.0810510423693424,0.1194628438556632,0.0763953488372093,0.8013615535675325,0.0454301075268817,0.0394941415954735,0.0473608925367457,0.9389642169448013,0.0610357830551989,0.5597965733998381,0.0650473445862494,0.375,0.375,0.4175170068027211,6.449999999999989,2
2,90608708.0,0.4191044272651648,0.5689828351612057,0.5166507916539368,0.1071921182266009,0.0715817496117725,0.1271016029038578,0.1947244354847311,0.0772093023255813,0.8151632846025166,0.0478494623655913,0.040648191187549,0.0713610468785743,0.917642811296534,0.0823571887034659,0.5473580325944892,0.0699876492383697,0.4396666666666666,0.4398994515539305,1.0,6.729999999999961,2
2,91567737.0,0.4191044272651648,0.5903849703233829,0.5426738313893932,0.141871921182266,0.0739480884419137,0.1081879798271819,0.1610188473968833,0.0854651162790697,0.8541246636118992,0.061021505376344,0.0405199634550962,0.0586278460219771,0.9280327342747112,0.0719672657252888,0.5538484791905611,0.0798682585426101,0.591,0.4051645338208409,0.1454081632653061,2.400000000000034,2
2,92417684.0,0.4191044272651648,0.5903694277415658,0.5458512301637224,0.141871921182266,0.0739480884419137,0.0781728823359352,0.1111857753885209,0.0854651162790697,0.8676936504473055,0.061021505376344,0.0405199634550962,0.0423668319410414,0.9428353658536586,0.0571646341463414,0.5634952388573257,0.0798682585426101,0.375,0.375,0.0,0.1799999999999499,2
2,24424060.0,0.0033405532517407,0.0248059605801268,0.0229462825512643,0.0,0.0,0.0031351386078185,0.0052051667679967,0.0,0.071871408829733,0.0,0.0,0.0210786840154231,0.9808247753530168,0.0191752246469833,0.5624105340837355,0.0,0.375,0.375,0.4260204081632653,0.0,1
2,25197842.0,0.0073051050743698,0.0253499509437261,0.0234494905019499,0.0,0.0,0.0031865343227008,0.0052904973707508,0.0,0.0726627391082988,0.0,0.0,0.0211889281786837,0.980724486521181,0.019275513478819,0.5607390218096786,0.0,0.375,0.375,0.4260204081632653,0.0,1
2,26006558.0,0.011471241804385,0.0278523066162828,0.0257642470751037,0.0,0.0,0.0026725771738781,0.0044371913432103,0.0,0.0766426649210852,0.0,0.0,0.0169335034768253,0.9845956354300386,0.0154043645699614,0.5613525023783486,0.0,0.375,0.375,0.125,0.0,1
2,26802660.0,0.0065404339996742,0.0192572588714142,0.0178135614542709,0.0,0.0,0.0022100157399376,0.0036692159184239,0.0,0.0639813804640337,0.0,0.0,0.0167350639829562,0.9847761553273428,0.0152238446726572,0.5599032656726503,0.0,0.375,0.375,0.1045918367346938,0.0,1
2,27577876.0,0.0236983902798948,0.0254121212709946,0.025404812824614,0.0,0.0,0.0025183900292313,0.0041811995349482,0.0,0.0730584042475816,0.0,0.0,0.0167240395666301,0.9847761553273428,0.0152138157894736,0.5569870102157851,0.0,0.375,0.375,0.636904761904762,-1.3200000000000005,0
2,28407450.0,0.0278746085368452,0.0224745733075585,0.0225724709307549,0.0,0.0,0.030837428929363,0.0511983616524271,0.0,0.0558353334787984,0.0,0.0,0.2175889050274094,0.8020599326059051,0.1979400673940949,0.4704951410560756,0.0,0.375,0.375,1.0,-1.240000000000002,0
2,28616518.0,0.03323142901091,0.0278056788708314,0.0295886275003145,0.0,0.0,0.0313513860781857,0.0520516676799675,0.0,0.0635857153247509,0.0,0.0,0.1987812507751543,0.8191692073170732,0.1808307926829268,0.4853876041361036,0.0,0.375,0.375,0.4277210884353741,-2.690000000000005,0
2,28391606.0,0.0361479870214102,0.0268886665436212,0.0280358715381988,0.0,0.0,0.0295011403424239,0.0489797659808219,0.0,0.0630504036657211,0.0,0.0,0.1903696211183719,0.8268212451861361,0.1731787548138639,0.4879926737972669,0.0,0.375,0.375,0.298469387755102,-2.199999999999996,0
2,28971042.0,0.0448192056050001,0.0325461663250536,0.0343762917168377,0.0,0.0,0.0178857087790305,0.0296950497584077,0.0,0.076782311440832,0.0,0.0,0.1040263924526846,0.905367458279846,0.094632541720154,0.5383425355418633,0.0,0.375,0.375,0.0,-2.969999999999999,0
2,30058207.0,0.0526804461603309,0.0340537967613145,0.0395377675538702,0.0,0.0,0.0166008159069737,0.0275617846895566,0.0,0.0796217906756855,0.0,0.0,0.0940823689265801,0.9144135109114248,0.0855864890885751,0.5425124252042711,0.0,0.375,0.375,0.2763605442176871,-5.589999999999996,0
2,31045367.0,0.0632230149374486,0.0512438922510515,0.0570637816077494,0.0,0.0,0.0245157559988435,0.0407026975136795,0.0,0.1017790384755255,0.0,0.0,0.107521132428045,0.9021883023106548,0.0978116976893453,0.5253616423497194,0.0,0.375,0.375,1.0,-6.720000000000006,0
2,32161425.0,0.0762648691386619,0.0589996405777954,0.0649713351185234,0.0,0.0,0.0174745430599723,0.0290124049363753,0.0,0.1165815695686959,0.0,0.0,0.0695420181847747,0.9367378048780488,0.0632621951219512,0.5463622380482426,0.0,0.375,0.375,0.0,-7.230000000000004,0
2,33654843.0,0.0896576826955464,0.0467520861059032,0.0578689143288464,0.0,0.0,0.0225627188333172,0.0374601346090258,0.0,0.0959371590661139,0.0,0.0,0.1051619073342685,0.9043344833119384,0.0956655166880616,0.5215385025739511,0.0,0.375,0.375,0.8937074829931974,-10.169999999999996,0
2,35281987.0,0.0980099732053117,0.0667709314863565,0.0750498715022554,0.0078817733990147,0.0,0.0247213388583726,0.0406173669109255,0.0,0.1249370863335515,0.0228494623655914,0.0,0.0900253837185907,0.9181041399229782,0.0818958600770218,0.5285268464431463,0.0016467682173734,0.375,0.375,0.5620748299319729,-9.240000000000002,0
2,36550058.0,0.0988796899200771,0.0825155668671012,0.0890678072713549,0.0094581280788177,0.0,0.0153673187497992,0.0250018666069352,0.0,0.1527500181831406,0.0233870967741935,0.0,0.0477467471081578,0.956564906931964,0.0434350930680359,0.5507810763472122,0.0024701523260601,0.5083333333333333,0.375,0.0,-8.86,0
2,37560535.0,0.1018915383331937,0.0850179225396578,0.091828262315116,0.0094581280788177,0.0,0.0134142815842729,0.0217593037022815,0.0,0.1573816277547458,0.0228494623655914,0.0,0.0407352183247848,0.962943276636714,0.0370567233632862,0.5589785993082784,0.0024701523260601,0.375,0.375,0.1828231292517007,-9.170000000000002,0
2,38469628.0,0.1203931176264308,0.1025654974111887,0.1065794439552144,0.0094581280788177,0.0,0.0176287302046191,0.0287564131281132,0.0,0.1817499454505782,0.0196236559139784,0.0,0.0461592311572054,0.958009066110398,0.041990933889602,0.5536706587358743,0.0024701523260601,0.375,0.375,0.9328231292517009,-8.139999999999986,0
2,39337358.0,0.1156266939426854,0.1206726052281359,0.1197347375231386,0.0094581280788177,0.0,0.0115126401336288,0.0186020714003818,0.0,0.2116343006764129,0.0172043010752688,0.0,0.0263924526845831,0.9759908536585366,0.0240091463414634,0.5699679034079289,0.0024701523260601,0.375,0.375,0.0,-5.640000000000001,0
2,40265629.0,0.1219975544243989,0.1281796722458059,0.1252987797207196,0.0094581280788177,0.0,0.009662394397867,0.0155301697012362,0.0,0.2237137246345189,0.0163978494623655,0.0,0.021056635182771,0.980844833119384,0.0191551668806161,0.5835178220550709,0.0024701523260601,0.375,0.375,0.125,-4.680000000000007,0
2,41192172.0,0.1302395919115313,0.154291209698571,0.1521413295472926,0.0094581280788177,0.0,0.0258006488709003,0.0423239789660064,0.0,0.2555065822968944,0.0139784946236559,0.0,0.0480333819326353,0.9563041559691914,0.0436958440308087,0.571799454091204,0.0024701523260601,0.375,0.375,1.0,-6.550000000000011,0
2,42116602.0,0.1066759933777645,0.1572598428256414,0.1561813705227971,0.0599014778325123,0.0,0.0233336545565513,0.0354975307456828,0.0,0.2610691686668122,0.0870967741935483,0.0,0.0427306376798013,0.961128048780488,0.0388719512195121,0.5765205871631413,0.0139975298476739,1.0,0.375,0.2355442176870748,-7.449999999999989,0
2,43071208.0,0.1163884389485995,0.1624510651525601,0.1576047301547364,0.0599014778325123,0.0,0.0191706016510873,0.0285857519226051,0.0,0.2707280529493054,0.0846774193548387,0.0,0.034131592945476,0.9689505776636714,0.0310494223363286,0.5796857912565682,0.0139975298476739,0.375,0.375,0.0960884353741496,-5.1000000000000085,0
2,44070556.0,0.1274731356286478,0.1832781247875038,0.1746131588879104,0.0599014778325123,0.0,0.0155729016093283,0.0226126097298219,0.0,0.3035449850898248,0.0763440860215053,0.0,0.0249592785621956,0.9772946084724006,0.0227053915275994,0.5894392431961448,0.0139975298476739,0.375,0.375,0.0790816326530612,-3.5299999999999727,0
2,45074055.0,0.1274731356286478,0.2006081035135949,0.1953740811961972,0.0599014778325123,0.0,0.0090456458192798,0.0117756231800582,0.0,0.3324518146774312,0.0704301075268817,0.0,0.0133836414198345,0.9878249358151476,0.0121750641848523,0.5862562570572492,0.0139975298476739,0.375,0.375,0.0,-6.820000000000022,0
2,46042015.0,0.1274731356286478,0.2079442021312765,0.2025627662059918,0.067783251231527,0.0,0.012489158716392,0.017066120550809,0.0,0.3418779547603463,0.0771505376344085,0.0,0.0178926276971923,0.983723122593068,0.0162768774069319,0.5844513794421772,0.0156442980650473,0.4629999999999999,0.375,1.0,-7.100000000000023,0
0,6111194.0,0.0244575403657755,0.0415297786153502,0.0363172366694822,0.0,0.0,0.0001541871446468,0.0002559918082621,0.0,0.0982646010618954,0.0,0.0,0.000771709142824,0.9992979781771504,0.0007020218228498,0.6834262445209071,0.0,0.375,0.375,0.0,1.4599999999999935,2
0,6259977.0,0.0244326006379127,0.043534771669759,0.0382581816221267,0.0,0.0005915847075353,0.0001027914297645,8.533060275404521e-05,0.0,0.1012902756564114,0.0,0.0029492378464152,0.0005071231509986,0.999538671373556,0.0004613286264441,0.6950645932801649,0.0,0.375,0.375,0.0,1.4000000000000057,2
0,6387714.0,0.0242793242380371,0.0459438718514129,0.0405010513451826,0.0,0.0005915847075353,0.0001541871446468,0.000170661205508,0.0,0.1048745363299149,0.0,0.0028210101139623,0.0007276114775198,0.9993380937098846,0.0006619062901155,0.6987454766921838,0.0,0.375,0.375,1.0,1.3900000000000006,2
0,6502821.0,0.0245989549489471,0.0483374294512497,0.0426001473680427,0.0,0.0005915847075353,0.000205582859529,0.0002559918082621,0.0,0.1084355225834606,0.0,0.0026927823815095,0.0009370753877149,0.9991475449293968,0.0008524550706033,0.6979897397597644,0.0,0.375,0.375,0.9651360544217688,1.4699999999999989,2
0,6615084.0,0.0266380096466875,0.0487104514148606,0.0429595816185324,0.0,0.0005915847075353,0.000205582859529,0.0002559918082621,0.0,0.1089941086624482,0.0,0.0026927823815095,0.0009370753877149,0.9991475449293968,0.0008524550706033,0.6916948956638481,0.0,0.375,0.375,0.3988095238095238,1.4600000000000009,2
0,6728212.0,0.0283776259524286,0.0507776147965378,0.0445698470607264,0.0,0.0005915847075353,0.000205582859529,0.0002559918082621,0.0,0.1120896065168376,0.0,0.0026927823815095,0.0009040021387367,0.9991776315789476,0.0008223684210526,0.6849466094084802,0.0,0.375,0.375,0.3988095238095238,1.6700000000000017,2
0,6844029.0,0.0309498936750355,0.0538084182508767,0.0471290189242133,0.0,0.0005915847075353,0.0001027914297645,8.533060275404521e-05,0.0,0.1166746672485272,0.0,0.0025645546490567,0.0004409766530423,0.9995988446726574,0.0004011553273427,0.6736550105358619,0.0,0.375,0.375,0.0,1.8400000000000036,2
0,6962456.0,0.0339332992884461,0.0588286721778071,0.0514278525600704,0.0,0.0005915847075353,0.0001027914297645,8.533060275404521e-05,0.0,0.1241923048949014,0.0,0.0024363269166038,0.0004079034040641,0.999628931322208,0.000371068677792,0.6700096912147804,0.0,0.375,0.375,0.3988095238095238,2.0799999999999983,2
0,7082621.0,0.0353819883068983,0.0634914467229437,0.0534550617328325,0.0,0.0005915847075353,0.000205582859529,0.000170661205508,0.0,0.1311280820423303,0.0,0.002308099184151,0.000771709142824,0.9992979781771504,0.0007020218228498,0.6514096716545303,0.0,0.375,0.375,1.0,3.6700000000000017,2
0,7206096.0,0.0359362697868853,0.0602896748686166,0.0503351724385816,0.0031527093596059,0.0005915847075353,0.0004625614339404,0.000170661205508,0.0,0.1262171794312314,0.0099462365591397,0.002308099184151,0.0018080042774735,0.9983552631578948,0.0016447368421052,0.6473820383558719,0.0008233841086867,0.375,0.375,1.0,3.779999999999994,2
0,7336735.0,0.0388835303991615,0.0662269411227572,0.0555541577556925,0.0110344827586206,0.0005915847075353,0.0008737271529986,0.0002559918082621,0.0,0.1349218124954542,0.032258064516129,0.0021798714516982,0.0031970807345568,0.9970916238767652,0.0029083761232349,0.6356903434602081,0.0032935364347468,1.0,0.375,1.0,3.969999999999999,2
0,7471023.0,0.0416426751648013,0.067858912213555,0.0567043473572596,0.0299507389162561,0.0005915847075353,0.0015418714464681,0.0002559918082621,0.0,0.1370630591315732,0.085752688172043,0.0021798714516982,0.0055452814120072,0.994955471758665,0.005044528241335,0.6390066949401189,0.0074104569781803,1.0,0.375,1.0,4.219999999999999,2
0,7607781.0,0.0432337829801116,0.0731589326131937,0.0613051057635282,0.0583251231527093,0.0005915847075353,0.0025183900292313,0.0002559918082621,0.0,0.1445574223579897,0.1577956989247311,0.0020516437192453,0.0085769959016732,0.9921975288831836,0.0078024711168164,0.6544059463160046,0.0139975298476739,1.0,0.375,1.0,4.43,2
0,7749369.0,0.0460190082191471,0.0705322362861,0.0585158959797279,0.0772413793103448,0.0005915847075353,0.0029295557482894,0.0002559918082621,0.0,0.1404378500254564,0.2147849462365591,0.0020516437192453,0.010252707183234,0.9906731386392812,0.0093268613607188,0.6171081059454269,0.0181144503911074,0.591,0.375,0.6760204081632654,4.68,2
0,7897173.0,0.0485999213333604,0.0698172775225124,0.0576244990385133,0.1387192118226601,0.0005915847075353,0.004933988628698,8.533060275404521e-05,0.0,0.1384595243290421,0.3887096774193548,0.0020516437192453,0.0173855045461936,0.9841844512195124,0.0158155487804878,0.6042694691170324,0.0329353643474681,0.9056666666666666,0.375,1.0,4.839999999999996,2
0,8052916.0,0.0503012708516277,0.0750551275948826,0.0619520874144097,0.176551724137931,0.0005915847075353,0.0062702772156371,0.000170661205508,0.0,0.1456978689359226,0.4688172043010752,0.0020516437192453,0.0209353666031844,0.9809551508344032,0.0190448491655969,0.5929600881989454,0.0419925895430218,0.557,0.375,0.8596938775510206,5.200000000000003,2
0,8210006.0,0.0534729397913186,0.0793759653400425,0.0654457883291698,0.2427586206896551,0.0029579235376765,0.0087372715299861,0.0,0.0,0.1510509855262201,0.6177419354838709,0.0096170799339627,0.0279689442192094,0.9745567233632862,0.0254432766367137,0.5658157957909897,0.0592836558254425,0.625,1.0,1.0,5.550000000000004,2
0,8361796.0,0.056607689788464,0.0800442963581788,0.0659202415398163,0.2380295566502463,0.0106485247356355,0.0086858758151039,0.0,0.0,0.152075060004364,0.6018817204301075,0.0342368045649072,0.0276271873131016,0.9748676187419768,0.0251323812580231,0.5578405483982821,0.0625771922601893,0.3623333333333333,1.0,0.3886054421768707,5.649999999999999,2
0,8510067.0,0.0597190047122221,0.0825000242852841,0.0678899412325,0.247487684729064,0.0106485247356355,0.009662394397867,0.0,0.0,0.1553102043785003,0.6115591397849461,0.0334674381701902,0.0300305100721823,0.972681322207959,0.027318677792041,0.5493140575960452,0.0650473445862494,0.4016666666666666,0.375,0.5892857142857143,5.859999999999999,2
0,8657466.0,0.0630253714577138,0.0882352369758021,0.0725482091188469,0.5060098522167488,0.0112401094431708,0.0180398959236773,0.0,0.0,0.1601047348898102,1.0,0.0334674381701902,0.0532148576058826,0.951590580872914,0.048409419127086,0.5408231308847455,0.1259777686290654,1.0,0.4261882998171846,1.0,6.309999999999988,2
0,8800380.0,0.06148661263122,0.0882818647212535,0.0726919828190428,0.6463054187192118,0.0118316941507062,0.0228196974077286,0.000170661205508,0.0,0.1580100370936068,1.0,0.0352626264245299,0.0672930372542588,0.9387836970474968,0.0612163029525032,0.524090226098708,0.1597365170852202,0.5596666666666666,0.4234460694698355,0.8494897959183674,6.239999999999995,2
0,8942925.0,0.0684902399136638,0.0904267410120163,0.0742734935211976,0.8701477832512314,0.0106485247356355,0.0299123060614821,0.000170661205508,0.0,0.1580100370936068,1.0,0.0311593389860392,0.0865637169922085,0.9212532092426188,0.0787467907573812,0.5073039751762645,0.2107863318237958,0.6056666666666667,0.2835923217550274,0.9277210884353744,6.52000000000001,2
0,9103143.0,0.0741714739186747,0.0947009510117249,0.0776521754758011,1.0,0.0171559565185239,0.0383925990170569,0.000170661205508,0.0,0.1605702232889665,1.0,0.0483418551347192,0.107135277856633,0.9025393132220796,0.0974606867779204,0.4957367545988815,0.2717167558666117,0.5596666666666666,0.9335009140767824,0.8818027210884354,6.920000000000002,2
0,9256311.0,0.0741714739186747,0.0955713355934837,0.0784429308268785,1.0,0.0272128965466242,0.046924287687514,0.0,0.0,0.1580100370936068,1.0,0.0761672730769847,0.1299888929005515,0.8817494383825418,0.1182505616174582,0.4739626399224703,0.3342939481268011,0.5176666666666667,0.9106489945155394,0.7763605442176871,6.930000000000007,2
0,9387015.0,0.0741714739186747,0.100187482393169,0.0834750103337347,1.0,0.0272128965466242,0.0570492435193215,8.533060275404521e-05,0.0,0.1603374790893883,1.0,0.0733462629630223,0.1522030917975586,0.8615412387676509,0.1384587612323491,0.4577098503640873,0.406751749691231,0.5276666666666667,0.375,0.7661564625850341,6.400000000000006,2
0,9517182.0,0.0741714739186747,0.1028297213020797,0.0859191632370648,1.0,0.0272128965466242,0.0714400436863576,0.0,0.0,0.1577772928940287,1.0,0.0718075301735883,0.1866543928164903,0.8302009788189988,0.1697990211810013,0.4151574155575115,0.508851379168382,0.5496666666666666,0.375,0.8273809523809524,6.399999999999992,2
0,57272200.0,0.5004995810268248,0.3947815781549012,0.4289488345344429,0.0031527093596059,0.0331287436219773,0.261450001606116,0.3771612641728798,0.0,0.5089184667975853,0.0018817204301075,0.0265431406177371,0.2077551256645656,0.8110056964056483,0.1889943035943517,0.4231415539729535,0.0214079868258542,0.375,1.0,0.5144557823129252,-44.35000000000002,0
0,57305760.0,0.5134875356175651,0.3978279241910571,0.4375608791761767,0.0031527093596059,0.0698069954891665,0.2793357103851466,0.3994325514916856,0.0,0.5053807549639975,0.0018817204301075,0.0556508358845309,0.2203670579415761,0.7995326540436457,0.2004673459563543,0.4204831381753843,0.0444627418690819,0.375,1.0,0.5144557823129252,-48.38,0
0,57420636.0,0.5188004512462457,0.4065783977540969,0.4488471146415542,0.0031527093596059,0.0828218590549434,0.2482926985962545,0.3372265420839866,0.0,0.5325420030547677,0.0018817204301075,0.0646267771562294,0.191902014987694,0.8254272304236201,0.17457276957638,0.4421772336471865,0.0526965829559489,0.375,0.545018281535649,0.2100340136054422,-50.60000000000002,0
0,57739697.0,0.5239279615313013,0.4201626142622616,0.4619448987294,0.0031527093596059,0.0863713673001552,0.2408403199383251,0.3129073202990838,0.0,0.5562586369917814,0.0018817204301075,0.0653961435509464,0.1804586708412456,0.8358372111681643,0.1641627888318357,0.4423283810336703,0.055166735282009,0.375,0.4143053016453382,0.3477891156462585,-50.97000000000003,0
0,58176736.0,0.5369453840245564,0.4317262951342004,0.4649641464335137,0.0047290640394088,0.108851586186497,0.2768687160707975,0.3612897720606274,0.0,0.5572594370499674,0.0026881720430107,0.0802705605154755,0.2021988198362323,0.816060253530167,0.1839397464698331,0.4314190961386288,0.0691642651296829,0.7083333333333334,0.6126599634369287,0.6539115646258504,-45.63,0
0,58519696.0,0.5467029185319144,0.4331562126613757,0.4713476987222113,0.0047290640394088,0.1384308215632625,0.2489094471748417,0.307787484133841,0.0,0.5720619681431378,0.0026881720430107,0.1018128195675519,0.1812193555677436,0.8351452182284981,0.1648547817715019,0.4306989232971469,0.0881020996294771,0.375,0.6236288848263254,0.2270408163265306,-49.14999999999998,0
0,58754434.0,0.562703245120963,0.4502219674965758,0.4811530650755712,0.0063054187192118,0.1757006581379871,0.2602679001638238,0.3156378995872132,0.0,0.5924736344461417,0.0034946236559139,0.1246373559441568,0.1826745785227833,0.8338214056482671,0.166178594351733,0.4276670845447352,0.1111568546727048,0.597,0.6208866544789762,0.4770408163265306,-44.99000000000001,0
0,59108723.0,0.5760534900391624,0.4510923520783346,0.4838128785291951,0.0063054187192118,0.23840863713673,0.2452603514182005,0.2800550382387763,0.0,0.6005731325914613,0.0034946236559139,0.1687476959079325,0.1718265528579421,0.8436898267008986,0.1563101732991014,0.4258799889751318,0.1506792918896665,0.375,0.7013254113345522,0.3001700680272109,-46.27999999999997,0
0,59561687.0,0.5745853925513122,0.4594853462595805,0.48259080207753,0.0299507389162561,0.2875101678621607,0.2989174777552921,0.3551459686623361,0.0,0.5888428249327226,0.0163978494623655,0.2000352626264245,0.2057927795585273,0.8127908376123235,0.1872091623876765,0.4087736612342517,0.1869081926718814,1.0,0.5632998171846435,0.7712585034013606,-40.03000000000003,0
0,59904016.0,0.5466413908262693,0.4203024974986157,0.4534334956778032,0.1071921182266009,0.3868963987280928,0.3559667212746137,0.4193145819333781,0.0,0.5043334060658958,0.0637096774193548,0.292872140922278,0.2666365332620422,0.757441431322208,0.242558568677792,0.3848301370106603,0.2675998353231782,1.0,0.6912705667276051,0.7236394557823129,-44.95999999999998,0
0,60164212.0,0.5610259643177271,0.4362647290248001,0.4670488650863542,0.3010837438423645,0.5395252532722028,0.3955928174488451,0.4362100412786791,0.0,0.5102916575750964,0.1731182795698924,0.3943002772924715,0.2860615548285566,0.73977053915276,0.2602294608472401,0.3740453264338996,0.4083985179086044,1.0,0.7351462522851919,0.5875850340136055,-44.160000000000025,0
0,60367882.0,0.569495796681672,0.4389691382609794,0.4718077745628382,1.0,0.5827109369222805,0.4263274549484436,0.3909848218190351,0.0,0.5004233035129828,0.9731182795698924,0.4232797448268124,0.3064897982807423,0.7211870186136072,0.2788129813863928,0.3732806984787459,0.7649238369699464,1.0,0.448126142595978,0.5314625850340137,-45.73000000000002,0
0,60531522.0,0.5519283170518293,0.4341198527340372,0.4635407868015744,1.0,0.7933150928048509,0.4739712826443095,0.3572792337311872,0.0,0.4715862971852499,1.0,0.5824103608007822,0.3443476439444259,0.6867478337612324,0.3132521662387676,0.3666835596098619,1.0,0.8723333333333334,0.704981718464351,0.5892857142857143,-43.10000000000002,0
0,60653864.0,0.5414016966501817,0.4197740497168336,0.448890246751613,1.0,0.8814612142276121,0.5756320066814429,0.4502895907330966,0.0,0.4040672048876283,1.0,0.667938258346824,0.4316940944957846,0.6072889922978177,0.3927110077021823,0.3318218594684946,1.0,0.4716666666666667,0.4764625228519196,0.7627551020408163,-42.14000000000004,0
0,60664169.0,0.5413761881988554,0.4050241395723846,0.437517747066118,1.0,0.8980255860386007,0.6202434871992547,0.4996106791249347,0.0,0.3617775838242782,1.0,0.7038420234336181,0.4811165528855032,0.5623295089858794,0.4376704910141206,0.3143509997955064,1.0,0.397,0.3923674588665448,0.5314625850340137,-43.72000000000003,0
0,60575314.0,0.5457441865478196,0.4099511380084124,0.4458997537875384,1.0,0.8779117059824002,0.5596479393530563,0.3885955649419219,0.0,0.3965961160811696,1.0,0.6803763483947491,0.4291915519897694,0.6095655487804879,0.3904344512195122,0.3315729108319329,1.0,0.3936666666666666,0.354890310786106,0.2321428571428571,-46.38,0
0,60478103.0,0.5530597539776952,0.4196652516441137,0.4414427690814658,1.0,1.0,0.5551251164434166,0.3620577474854138,0.0,0.4131907775110918,1.0,0.793216752953245,0.416414253467868,0.6211890243902439,0.3788109756097561,0.3234820801436789,1.0,0.3503333333333333,0.5505027422303473,0.3852040816326531,-37.03000000000003,0
0,60390317.0,0.562614851996876,0.4292083968798266,0.4513200222849236,1.0,1.0,0.5339500819119205,0.3088967819696436,0.0,0.4370703323878101,1.0,0.7787270191860746,0.3921164398852358,0.6432926829268293,0.3567073170731707,0.3263627715096067,1.0,0.4436666666666666,0.3777422303473491,0.3341836734693877,-37.76000000000005,0
0,60277496.0,0.5680072926821873,0.4198362200441021,0.451478173355139,1.0,1.0,0.5880183739680703,0.4163280108369865,0.0,0.3985511673576261,1.0,0.7943708025453207,0.4409215309606952,0.5988948170731708,0.4011051829268293,0.3032994585367154,1.0,0.3276666666666666,0.3740859232175503,0.5705782312925171,-43.89999999999998,0
0,60130136.0,0.5708477397963063,0.425944454698231,0.4488471146415542,1.0,1.0,0.5953165654813529,0.3952513519567374,0.0,0.4043930467670377,1.0,0.8932343842664574,0.4403482613117402,0.5994163189987164,0.4005836810012836,0.2894650271620744,1.0,0.4056666666666667,0.5029707495429616,0.41921768707483,-38.13999999999999,0
0,59912763.0,0.5178093405199996,0.4054593318632641,0.4213575831640997,1.0,1.0,0.6008159069737561,0.4057470160954849,0.0,0.3712269983271511,1.0,0.8689993428328713,0.4655721258657613,0.5764702342747112,0.4235297657252889,0.2742435962408756,1.0,0.4103333333333333,0.3101005484460695,0.4141156462585034,-32.19999999999999,0
0,59729353.0,0.555373527112984,0.4189502928805261,0.449062775191848,1.0,1.0,0.5978863512254665,0.3873156059006112,0.0,0.3927558367881301,1.0,0.9400375066117426,0.449211892037891,0.5913530969191272,0.4086469030808729,0.2786001973807047,1.0,0.3776666666666666,0.4810329067641682,0.3903061224489796,-42.78999999999997,0
0,59619106.0,0.5765106676276863,0.4106816393538172,0.4417015617418184,1.0,1.0,0.5163213517073013,0.2423389118214883,0.0,0.4173103498436251,1.0,0.9377294074275916,0.3953024962034667,0.640394335686778,0.3596056643132221,0.3130440194535577,1.0,0.457,0.3558043875685557,0.1675170068027211,-42.99000000000001,0
0,59499452.0,0.5765106676276863,0.3817413520103358,0.426806606401524,1.0,1.0,0.5988628698082297,0.3457596023593912,0.0,0.3365946614299223,1.0,1.0,0.49113774732589,0.5532132541720155,0.4467867458279846,0.2644901443012989,1.0,0.4363333333333333,0.5130255941499086,0.6709183673469388,-51.25,0
0,59342870.0,0.5765106676276863,0.3910824436824262,0.4350879715328074,1.0,1.0,0.6899360765796152,0.4533614924322422,0.0,0.3093403156593207,1.0,1.0,0.5531170159109889,0.4968308729139923,0.5031691270860077,0.2272989962035332,1.0,0.4896666666666667,0.3219835466179159,0.657312925170068,-51.0,0
0,59146263.0,0.5765106676276863,0.3866372652827292,0.4250813219991734,1.0,1.0,0.6635700748450098,0.3558286134843685,0.0,0.3146236089897448,1.0,1.0,0.5377269307198118,0.5108311938382541,0.4891688061617459,0.2303041618877419,1.0,0.535,0.344835466179159,0.3341836734693877,-46.900000000000034,0
0,127027794.0,1.0,1.0,1.0,0.0535960591133004,0.0065074317828884,0.5192509074555909,0.7207876014634198,1.0,1.0,0.0083333333333333,0.0012822773245283,0.1012813127874961,0.6168264602053916,0.3831735397946085,0.3544672943728717,0.016467682173734,0.6890000000000001,1.0,0.352891156462585,-52.14374999999996,0
0,127260144.0,1.0,1.0,1.0,0.0788177339901477,0.0147896176883827,0.5053226687224952,0.6957857348564847,1.0,1.0,0.0123655913978494,0.0029492378464152,0.1000686269916297,0.6121730584082157,0.3878269415917843,0.3541027624407635,0.0279950596953478,0.6890000000000001,1.0,0.352891156462585,-52.14374999999996,0
0,127484599.0,1.0,1.0,1.0,0.1087684729064039,0.0242549730089477,0.5069673315987279,0.6877646581976044,1.0,1.0,0.0169354838709677,0.0047444261007549,0.0985803307876118,0.6245988446726572,0.3754011553273428,0.3627359455158127,0.0403458213256484,0.6283333333333334,0.9600091407678244,0.4039115646258503,-52.14374999999996,0
0,127671254.0,1.0,1.0,1.0,0.1497536945812808,0.0491015307254307,0.5763001509749124,0.789052083666656,1.0,1.0,0.0233870967741935,0.0097453076664155,0.1131435847543346,0.6858853498074455,0.3141146501925546,0.4006028113413886,0.0658707286949362,0.6263333333333334,1.0,0.6318027210884354,-52.14374999999996,0
0,127815769.0,1.0,1.0,1.0,0.2001970443349753,0.0851881978850846,0.5778420224213806,0.7822256354463324,1.0,1.0,0.0303763440860215,0.016413149753963,0.110552846917711,0.6437239249037228,0.3562760750962773,0.3774328060956851,0.1004528612597776,0.5996666666666667,1.0,0.4039115646258503,-52.14374999999996,0
0,127913331.0,1.0,1.0,1.0,0.2569458128078817,0.1129926791392442,0.5282965532748707,0.6618241549603746,1.0,1.0,0.0379032258064516,0.0212858035871708,0.0982716471304822,0.6557284980744544,0.3442715019255456,0.3876930463311194,0.1309180732811856,0.5636666666666666,0.6729890310786106,0.2525510204081633,-52.14374999999996,0
0,127997247.0,1.0,1.0,1.0,0.3152709359605911,0.126007542705021,0.588326748257364,0.7578210830586755,1.0,1.0,0.0462365591397849,0.023465675038869,0.1083810369014775,0.6393112163029525,0.3606887836970475,0.3747566082526473,0.1531494442157266,0.5263333333333333,0.4801188299817184,0.592687074829932,-52.14374999999996,0
0,128087683.0,1.0,1.0,1.0,0.3641379310344828,0.162094209864675,0.5230027946419967,0.6357983211203909,1.0,1.0,0.0526881720430107,0.029748833929058,0.0950635419795993,0.6764080551989731,0.3235919448010269,0.395152614405235,0.1869081926718814,0.4783333333333333,0.6364259597806217,0.2100340136054422,-52.14374999999996,0
0,128155992.0,1.0,1.0,1.0,0.4082758620689655,0.1739259040153812,0.5241335003694066,0.6413448102994037,1.0,1.0,0.0588709677419354,0.0318004776483033,0.0949753466489908,0.7003068838254173,0.2996931161745828,0.4085158215749557,0.2050226430629889,0.4556666666666666,0.4417276051188299,0.4022108843537415,-52.14374999999996,0
0,128192471.0,1.0,1.0,1.0,0.4807881773399015,0.2029135546846114,0.499977514374739,0.6013247576077566,1.0,1.0,0.0736559139784946,0.0394941415954735,0.0962652033591396,0.6651757060333762,0.3348242939666239,0.3862793737163585,0.240428159736517,0.4936666666666667,0.5276508226691042,0.320578231292517,-52.14374999999996,0
0,128185273.0,1.0,1.0,1.0,0.6273891625615764,0.2324927900613768,0.6077029327679804,0.7551758343733,1.0,1.0,0.0924731182795698,0.0435974290339643,0.1127577301829226,0.6437941270860077,0.3562058729139923,0.3742320379113209,0.293124742692466,0.5783333333333334,0.5084552102376599,0.7644557823129252,-52.14374999999996,0
0,128096430.0,1.0,1.0,1.0,0.8575369458128079,0.2638467795607483,0.5833413639137837,0.7038921421181189,1.0,1.0,0.1325268817204301,0.0518040039109458,0.1133199754155516,0.7489369383825417,0.2510630616174583,0.4264045593164581,0.3672293124742692,0.6196666666666667,0.498400365630713,0.3307823129251701,-52.14374999999996,0
0,127928283.0,1.0,1.0,1.0,1.0,0.2798195666642017,0.5721884937843307,0.6578989472336885,0.2091860465116279,1.0,0.1790322580645161,0.054753241757361,0.1108835794074927,0.8828325577663672,0.1171674422336328,0.5057035910840822,0.4487443392342528,0.6116666666666667,0.4307586837294332,0.3664965986394558,-52.14374999999996,0
0,127723642.0,1.0,1.0,1.0,1.0,0.3034829549656141,0.6195753429057852,0.6769276716478406,0.1697674418604651,1.0,0.3190860215053763,0.0605234897177387,0.1221725817253763,0.8753911264441593,0.1246088735558408,0.5069216611986875,0.6685878962536023,0.8763333333333334,0.4526965265082266,0.5399659863945578,-52.14374999999996,0
0,127486601.0,1.0,1.0,1.0,1.0,0.2963839384751903,0.6881886222736179,0.6972363551033033,0.0,1.0,0.5956989247311828,0.0603952619852858,0.1389076457083325,0.8736360718870347,0.1263639281129653,0.5030362842637788,1.0,0.9243333333333336,0.3539762340036563,0.5875850340136055,-52.14374999999996,0
0,127275868.0,1.0,1.0,1.0,1.0,0.3088072173334318,0.7915968006167485,0.7318805798214457,0.0525581395348837,1.0,0.9013440860215054,0.0650114603535879,0.1648370729072213,0.8456554878048781,0.1543445121951219,0.4910511856178816,1.0,0.6863333333333334,0.4133912248628885,0.6539115646258504,-52.14374999999996,0
0,127159950.0,1.0,1.0,1.0,1.0,0.3159062338238556,0.7800327647682375,0.6777809776753811,0.2055813953488372,1.0,1.0,0.0643703216913238,0.1572963721401975,0.8402398908857509,0.159760109114249,0.4812621695873676,1.0,0.5443333333333333,0.3960237659963437,0.3732993197278912,-52.14374999999996,0
0,127064686.0,1.0,1.0,1.0,1.0,0.3679656880869629,0.8392920240274967,0.6761596962230542,0.3380232558139535,1.0,1.0,0.0741156293577393,0.1671742491683456,0.8208440308087291,0.1791559691912709,0.4732513581037226,1.0,0.5396666666666667,0.5258226691042047,0.528061224489796,-52.14374999999996,0
0,126913432.0,1.0,1.0,1.0,1.0,0.4359979294535235,0.9011724647457516,0.6911778823077662,0.571046511627907,1.0,1.0,0.0873230858003814,0.1784963247352073,0.7921413671373556,0.2078586328626444,0.4585278244556471,1.0,0.4636666666666666,0.5441042047531992,0.5246598639455783,-52.14374999999996,0
0,126699421.0,1.0,1.0,1.0,1.0,0.4413221918213413,0.9066718062381548,0.6307638155579022,0.7632558139534884,1.0,1.0,0.0912981455064194,0.1856842441797972,0.7682325096277279,0.2317674903722721,0.4469872769464671,1.0,0.4423333333333333,0.3859689213893967,0.4090136054421769,-52.14374999999996,0
0,126304533.0,1.0,1.0,1.0,1.0,0.4975227390371958,0.9920914843724904,0.668394611372436,0.5,1.0,1.0,0.1066854734007597,0.2104781564971019,0.7658656931964056,0.2341242779204108,0.4463293412641256,1.0,0.459,0.4910877513711151,0.5586734693877551,-52.14374999999996,0
0,125679342.0,1.0,1.0,1.0,1.0,0.5643718109886858,1.0,0.679487589730462,0.7118604651162791,1.0,1.0,0.118225969321515,0.2217781832313116,0.7389180840821566,0.2610819159178434,0.4345398451183839,1.0,0.4476666666666666,0.4974862888482633,0.5314625850340137,-52.14374999999996,0
0,124997585.0,1.0,1.0,1.0,1.0,0.5572727944982622,1.0,0.6388702228195365,0.6019767441860465,1.0,1.0,0.1160460978698168,0.2258682416882791,0.7446345474967909,0.2553654525032092,0.4390831577356343,1.0,0.4296666666666666,0.3631170018281535,0.439625850340136,-52.14374999999996,0
0,124370947.0,1.0,1.0,1.0,1.0,0.589218368705169,1.0,0.6359689823258989,0.9006976744186046,1.0,1.0,0.126817227395855,0.244047504209949,0.7008283857509628,0.2991716142490372,0.4149440310118872,1.0,0.4136666666666667,0.4271023765996343,0.4753401360544218,-52.14374999999996,0
0,123753041.0,1.0,1.0,1.0,1.0,0.6826887524957478,1.0,0.6779516388808892,0.9873255813953488,1.0,1.0,0.1455384763339691,0.2528449884381434,0.6862062740693197,0.3137937259306804,0.4069243285055079,1.0,0.3776666666666666,0.5203382084095064,0.4770408163265306,-52.14374999999996,0
0,123103480.0,1.0,1.0,1.0,1.0,0.7601863491828735,1.0,0.6305931543523942,1.0,1.0,1.0,0.1600282101011396,0.2598344683888642,0.6720053754813865,0.3279946245186136,0.401438567478417,1.0,0.405,0.4792047531992687,0.4685374149659864,-52.14374999999996,0
2,15501108.0,0.0200189284631414,0.0554870170871258,0.0556691767158492,0.0,0.0,0.0387009733063505,0.064253943873796,0.0,0.101709215215652,0.0,0.0,0.1607580388665798,0.8537588254172016,0.1462411745827984,0.6716545304206342,0.0,0.375,0.375,0.5229591836734694,-3.019999999999996,0
2,15575550.0,0.0256412135848419,0.0612999426867295,0.0592922739607857,0.0,0.0,0.0415277376248755,0.0689471270252685,0.0,0.109133755182195,0.0,0.0,0.1608462341971882,0.853678594351733,0.146321405648267,0.6738772861042205,0.0,0.375,0.375,0.5229591836734694,-1.7999999999999972,0
2,15656680.0,0.0303625420640155,0.0658850043227805,0.0615063889438024,0.0,0.0,0.0456907905303395,0.0758589058483461,0.0,0.1141144810531675,0.0,0.0,0.1680231292254521,0.8471497913992299,0.1528502086007702,0.6663732629164332,0.0,0.375,0.375,0.5688775510204083,-0.3900000000000005,0
2,15747377.0,0.035325699343883,0.074480052067649,0.0667828837409916,0.0,0.0,0.0443031062285181,0.0735549795739869,0.0,0.1276136446287003,0.0,0.0,0.1488075715691327,0.86463013478819,0.13536986521181,0.6828483280431747,0.0,0.375,0.375,0.3477891156462585,1.4699999999999989,2
2,15850164.0,0.0409454841059539,0.0792827098491398,0.0702190751756735,0.0,0.0,0.0414249461951109,0.0687764658197604,0.0,0.1361088079133028,0.0,0.0,0.1327229481494139,0.8792622753530167,0.1207377246469833,0.6999457647613204,0.0,0.375,0.375,0.288265306122449,2.1700000000000017,2
2,15968118.0,0.0471843783228075,0.0807903402854006,0.0745466635515698,0.0,0.0,0.0403970318974655,0.0670698537646795,0.0,0.1388319150483672,0.0,0.0,0.1275745457251448,0.8839457637997433,0.1160542362002567,0.6987810407831212,0.0,0.375,0.375,0.3562925170068027,0.1299999999999954,2
2,16103718.0,0.0547435149061457,0.0866032658850043,0.0804270078895818,0.0,0.0,0.0399344704635251,0.0663018783398931,0.0,0.1477460178922103,0.0,0.0,0.1195377462234484,0.8912568196405648,0.1087431803594351,0.6926284530509543,0.0,0.375,0.375,0.3801020408163265,-0.2199999999999988,0
2,16257212.0,0.0618129841198939,0.0943123864662969,0.0873569002390237,0.0,0.0,0.0419902990588159,0.0697151024500549,0.0,0.158359153392974,0.0,0.0,0.1175533512847579,0.8930620186136072,0.1069379813863928,0.690636863958461,0.0,0.375,0.375,0.4855442176870748,-0.0799999999999983,0
2,16426527.0,0.064956722432146,0.1001097694840834,0.0930215840267419,0.0,0.0,0.0383412033021746,0.0636566296545177,0.0,0.168692995854244,0.0,0.0,0.1023506811711237,0.9068918485237484,0.0931081514762516,0.716936509206654,0.0,0.375,0.375,0.2508503401360544,-0.2900000000000062,0
2,16619851.0,0.0664350978514736,0.0975918712297096,0.0893122225616879,0.0,0.0,0.0353602518390029,0.0587074546947831,0.0,0.1662724561786312,0.0,0.0,0.096342374273422,0.9123575898587932,0.0876424101412066,0.7317044979684012,0.0,0.375,0.375,0.266156462585034,0.6700000000000017,2
2,16836808.0,0.0732275889138267,0.1036845633020215,0.0975792103229516,0.0,0.0,0.0412193633355818,0.0684351434087442,0.0,0.1727427449269038,0.0,0.0,0.1069809360280681,0.9026797175866496,0.0973202824133504,0.7200128030727374,0.0,0.375,0.375,0.681122448979592,-1.1599999999999966,0
2,17065996.0,0.0807386397219003,0.1097927979561504,0.1026975540499254,0.0,0.0,0.04049982332723,0.0672405149701876,0.0,0.1822154338497345,0.0,0.0,0.1003332129834551,0.9087271341463417,0.0912728658536585,0.7254185448952192,0.0,0.375,0.375,0.3698979591836735,-0.7900000000000063,0
2,17306115.0,0.0857684438498293,0.1160720010102678,0.1092680121488776,0.0,0.0,0.0392663261700555,0.0651925805040905,0.0,0.1921768855916794,0.0,0.0,0.0929468540449961,0.9154464858793324,0.0845535141206675,0.7352253429712018,0.0,0.375,0.375,0.3477891156462585,-1.3199999999999932,0
2,17556502.0,0.0919981310064134,0.1191649747918751,0.109009219488525,0.0,0.0,0.039728887603996,0.0659605559288769,0.0,0.1965990253836643,0.0,0.0,0.0920208030736072,0.9162889120667524,0.0837110879332477,0.7371813679727578,0.0,0.375,0.375,0.41921768707483,0.8499999999999943,2
2,17816285.0,0.0968070607912994,0.1223201189007509,0.1114677497618748,0.0,0.0005915847075353,0.0425042562076386,0.0704830778748413,0.0,0.2000669139573787,0.0,0.0014105050569811,0.096331349857096,0.9123676187419768,0.0876323812580231,0.7341228561521431,0.0,0.375,0.375,0.5178571428571429,1.1700000000000017,2
2,18084175.0,0.0979735192623188,0.1176728869374314,0.1088510684183096,0.0078817733990147,0.007690601197959,0.0485689505637467,0.0791014687529999,0.0,0.1903614808349698,0.0147849462365591,0.0182083380083027,0.1136727567379854,0.8965921854942234,0.1034078145057766,0.7205018093231264,0.0065870728694936,0.375,1.0,0.6420068027210885,0.0,1
2,18363600.0,0.0990338099137347,0.1223045763189337,0.1113383534316985,0.0141871921182266,0.0159727871034533,0.0615720664289614,0.0991541604002005,0.0,0.1914088297330715,0.0255376344086021,0.0365449037490583,0.139569110687896,0.8730343388960207,0.1269656611039794,0.7016884052172521,0.0131741457389872,0.9083333333333332,1.0,0.854591836734694,1.25,2
2,18651931.0,0.1036709778266975,0.1355002282816704,0.1190733785022375,0.0141871921182266,0.0201138800562005,0.0598246121229642,0.0956556056872846,0.0,0.2119601425558223,0.0233870967741935,0.0423151517094359,0.1244436114885442,0.8867939666238769,0.1132060333761232,0.716705342615561,0.0156442980650473,0.375,0.6117458866544789,0.3511904761904762,4.359999999999999,2
2,18932725.0,0.1087348198642004,0.1419659423175932,0.1263195729921104,0.0220689655172413,0.023071803593877,0.0560727249365584,0.0885731656586989,0.0,0.2233413339151939,0.0349462365591397,0.0466748946128324,0.1121183140360112,0.8980062580231066,0.1019937419768934,0.7249828847812363,0.0197612186084808,0.7456666666666667,0.5093692870201096,0.2916666666666667,3.480000000000004,2
2,19209556.0,0.1145205711318281,0.1407225357722235,0.125773232931366,0.0614778325123152,0.042002514235007,0.0569978478044393,0.0852452721512911,0.0,0.221060440759328,0.0983870967741935,0.0855278975460417,0.1148192960358955,0.8955491816431322,0.1044508183568677,0.7234269558027259,0.0411692054343351,1.0,1.0,0.4260204081632653,3.0600000000000023,2
2,19482116.0,0.1110272577710597,0.1440797334447218,0.132214294700142,0.1954679802955665,0.0609332248761369,0.0613664835694323,0.0824293622604076,0.0,0.2241093897738018,0.3067204301075268,0.1215598903652887,0.1211583354233789,0.8897825738125803,0.1102174261874197,0.7202884247775021,0.0839851790860436,1.0,0.7872486288848264,0.5297619047619048,0.7399999999999949,2
2,19743607.0,0.1163927167346462,0.1540891561349484,0.14173211365311,0.2569458128078817,0.1035273238186792,0.06470720503678,0.0785894851364756,0.0,0.2375852789293767,0.3806451612903225,0.1950343810607639,0.120607114607076,0.8902840179717587,0.1097159820282413,0.7179500857983693,0.1251543845203787,0.585,1.0,0.4906462585034014,0.5600000000000023,2
2,20034612.0,0.1207711548871503,0.1515401727169404,0.1422640763438348,0.2790147783251231,0.1366560674406566,0.0682535093636568,0.0785041545337215,0.0,0.2321623390792058,0.4193548387096774,0.2610716632739746,0.1290628419291626,0.8825918645699616,0.1174081354300385,0.715958496705876,0.1515026759983532,0.4323333333333333,0.6675045703839122,0.4923469387755102,-1.4500000000000028,0
2,20330109.0,0.1207711548871503,0.1517733114441972,0.1433711338353432,0.2947783251231527,0.2236190194483472,0.0743182037197648,0.0750909304235597,0.0,0.2297650738235508,0.4424731182795698,0.426741893603039,0.1403408198307201,0.8723323170731707,0.1276676829268292,0.7120909018164359,0.2091395636064223,0.4123333333333333,0.9563528336380256,0.5501700680272109,-2.069999999999993,0
2,20592574.0,0.1207711548871503,0.1594202616982213,0.1509336304656471,0.2947783251231527,0.2904680913998372,0.0926664739327358,0.0959969280983008,0.0,0.2329071205178559,0.4241935483870968,0.5312474955521006,0.1677254699846485,0.8474205712451862,0.1525794287548138,0.6902012038444781,0.2511321531494442,0.375,0.648308957952468,0.8188775510204083,-2.4099999999999966,0
2,20843758.0,0.1207711548871503,0.1674713190794906,0.1583811081357942,0.3215763546798029,0.3448938844930858,0.0944653239536153,0.0896824634945015,0.0,0.2441486653574806,0.4432795698924731,0.6043373030502173,0.1638228266052239,0.8509707958921695,0.1490292041078305,0.6931174593013434,0.2914779744750926,0.4356666666666666,0.5459323583180987,0.4311224489795918,-2.4099999999999966,0
0,1954713.0,0.0,0.0254742915982631,0.0235645094621066,0.0,0.0,0.0,0.0,0.0,0.0742919485053458,0.0,0.0,0.0,1.0,0.0,0.5584718110124207,0.0,0.375,0.375,0.3988095238095238,0.0,1
0,2008127.0,0.0013438649966683,0.0285361802162361,0.0263968513559657,0.0,0.0,0.0,0.0,0.0,0.0788770092370354,0.0,0.0,0.0,1.0,0.0,0.5585251571488268,0.0,0.375,0.375,0.3988095238095238,0.0,1
0,2059983.0,0.0035127958007372,0.0317534946523804,0.0293729669500206,0.0,0.0,0.0,0.0,0.0,0.0836948141683031,0.0,0.0,0.0,1.0,0.0,0.5596543170360886,0.0,0.375,0.375,0.3988095238095238,0.0,1
0,2109886.0,0.009470083593726,0.0370846002156533,0.0343044048667397,0.0,0.0,0.0,0.0,0.0,0.0916779402138337,0.0,0.0,0.0,1.0,0.0,0.5592631120357774,0.0,0.375,0.375,0.3988095238095238,0.0,1
0,2157329.0,0.0146361136750397,0.0393538171609531,0.0364035008895997,0.0,0.0,0.0,0.0,0.0,0.0950760055276747,0.0,0.0,0.0,1.0,0.0,0.5589252531718722,0.0,0.375,0.375,0.3988095238095238,0.0,1
0,2236797.0,0.0200306119418353,0.0431928348697823,0.0399547112844382,0.0,0.0,0.0,0.0,0.0,0.100824787257255,0.0,0.0,0.0,1.0,0.0,0.559200874876637,0.0,0.375,0.375,0.3988095238095238,0.0,1
0,2364741.0,0.024726560354266,0.0492078140330085,0.0455187534820193,0.0,0.0,0.0,0.0,0.0,0.1098319877809295,0.0,0.0,0.0,1.0,0.0,0.5583829007850772,0.0,0.375,0.375,0.3988095238095238,0.0,1
0,2507890.0,0.0288936810802924,0.0509952109419776,0.047172151034272,0.0,0.0,0.0,0.0,0.0,0.1125085460760782,0.0,0.0,0.0,1.0,0.0,0.5583473366941398,0.0,0.375,0.375,0.3988095238095238,0.0,1
0,2651433.0,0.0314649199913576,0.0556579854871142,0.0514853620401488,0.0,0.0,0.0,0.0,0.0,0.1194908720634228,0.0,0.0,0.0,1.0,0.0,0.5578138753300791,0.0,0.375,0.375,0.3988095238095238,0.0,1
0,2795489.0,0.0291048908555222,0.0579427450142311,0.0535988354330284,0.0,0.0,0.0,0.0,0.0,0.1229122117972216,0.0,0.0,0.0,1.0,0.0,0.5588185608990601,0.0,0.375,0.375,0.3988095238095238,0.0,1
0,2943374.0,0.0293099866961261,0.0638644686865547,0.0590766134104918,0.0,0.0,0.0,0.0,0.0,0.1317797658011492,0.0,0.0,0.0,1.0,0.0,0.557991695784766,0.0,0.375,0.375,0.3988095238095238,0.0,1
0,3132815.0,0.0363432135801876,0.0645327997046909,0.0596948403213342,0.0,0.0,0.0,0.0,0.0,0.1327805658593352,0.0,0.0,0.0,1.0,0.0,0.5573604331706276,0.0,0.375,0.375,0.3988095238095238,0.0,1
0,3337025.0,0.0400651748860731,0.0702213846497576,0.0649569577485038,0.0,0.0,0.0,0.0,0.0,0.1412990035638955,0.0,0.0,0.0,1.0,0.0,0.5559200874876636,0.0,0.375,0.375,0.3988095238095238,0.0,1
0,3507755.0,0.0407546597351905,0.070019331086135,0.0647700519382492,0.0,0.0005915847075353,5.139571488227168e-05,0.0,0.0,0.1409731616844861,0.0,0.0020516437192453,0.0001763906612169,0.999839537869063,0.000160462130937,0.5567202795337547,0.0,0.375,0.375,0.3988095238095238,0.0,1
0,3665769.0,0.0410570111341625,0.0764850451220578,0.0707510378663983,0.0,0.0005915847075353,5.139571488227168e-05,0.0,0.0,0.1506553203869372,0.0,0.0019234159867925,0.0001653662448908,0.9998495667522465,0.0001504332477535,0.555875632373992,0.0,0.375,0.375,0.3988095238095238,0.0,1
0,3834465.0,0.0414181142854557,0.0813809583944513,0.0752799094225688,0.0,0.0005915847075353,5.139571488227168e-05,0.0,0.0,0.157986762673649,0.0,0.0019234159867925,0.0001653662448908,0.9998495667522465,0.0001504332477535,0.5554755363509464,0.0,0.375,0.375,0.3988095238095238,0.0,1
0,4003976.0,0.0432104494418016,0.0841786231215332,0.0778678360260949,0.0015763546798029,0.0005915847075353,0.0001027914297645,0.0,0.0,0.1621528838460979,0.003763440860215,0.0017951882543397,0.0003197080734556,0.9997091623876766,0.0002908376123234,0.5550843313506352,0.0008233841086867,0.375,0.375,1.0,0.0,1
0,4154686.0,0.0402383726454061,0.0822979707216615,0.0761281742537246,0.0015763546798029,0.0017747541226059,0.000205582859529,0.0,0.0,0.1592901301912866,0.0040322580645161,0.0056420202279247,0.0006394161469113,0.999418324775353,0.0005816752246469,0.5555555555555555,0.0016467682173734,0.375,1.0,1.0,0.0,1
0,4323389.0,0.0417024277836244,0.0904422835938334,0.0836619161439893,0.0078817733990147,0.0023663388301412,0.0004625614339404,0.0,0.0,0.1713695541493927,0.018010752688172,0.0069242975524531,0.001333954375453,0.9987865051347884,0.0012134948652118,0.5550843313506352,0.0032935364347468,1.0,0.6793875685557587,1.0,0.0,1
0,4442201.0,0.0413627254545761,0.0918566585391916,0.084970256815772,0.0094581280788177,0.0023663388301412,0.0005139571488227,0.0,0.0,0.1734642519455961,0.021505376344086,0.0067960698200003,0.0014662473713657,0.9986661585365856,0.0013338414634146,0.5545953251002462,0.0032935364347468,0.5083333333333333,0.375,0.5875850340136055,0.0,1
0,4400146.0,0.0359434527955861,0.0912349552665067,0.0843951620149884,0.0094581280788177,0.0017747541226059,0.0004625614339404,0.0,0.0,0.1725565495672412,0.021505376344086,0.0051291092981134,0.001333954375453,0.9987865051347884,0.0012134948652118,0.5551910236234474,0.0032935364347468,0.375,0.1464808043875685,0.2287414965986394,0.0,1
0,4360748.0,0.0366730620762751,0.1008091856658539,0.0932516219470553,0.0220689655172413,0.0041410929527471,0.0010793100125277,0.0,0.0,0.1866142992217616,0.046505376344086,0.0111558127233967,0.0028663482447751,0.9973924903722722,0.0026075096277278,0.554693126350324,0.0074104569781803,1.0,1.0,1.0,0.0,1
0,4589514.0,0.0412939266673171,0.1077878049017417,0.0997070610858509,0.0283743842364532,0.1017525696960733,0.0097651858276316,0.0,0.0,0.1931311368099498,0.0567204301075268,0.2586353363573707,0.0245623995744575,0.9776556482670092,0.022344351732991,0.5433659633867682,0.0708110333470564,0.5656666666666667,1.0,1.0,0.0,1
0,4838781.0,0.0412939266673171,0.1147353389739953,0.1061337454846072,0.0299507389162561,0.1017525696960733,0.0098165815425138,0.0,0.0,0.2035115281111353,0.0569892473118279,0.2456843353796342,0.0234599579418517,0.978658536585366,0.0213414634146341,0.5426991366816925,0.0708110333470564,0.4123333333333333,0.375,0.407312925170068,0.0,1
0,4934508.0,0.0412939266673171,0.1189784638100696,0.110058767499955,0.033103448275862,0.1100347556015677,0.0106389129806302,0.0,0.0,0.2094930540402939,0.061021505376344,0.2578659699626537,0.0246726437377181,0.9775553594351734,0.0224446405648267,0.541863380544664,0.0765747221078633,0.445,0.4490402193784277,0.5416666666666667,0.0,1
0,5026079.0,0.0412939266673171,0.1189784638100696,0.110058767499955,0.033103448275862,0.1100347556015677,0.0106389129806302,0.0,0.0,0.2094930540402939,0.061021505376344,0.2578659699626537,0.0246726437377181,0.9775553594351734,0.0224446405648267,0.5419611817947417,0.0765747221078633,0.375,0.375,0.3988095238095238,0.0,1
2,22967817.0,0.0655391630147141,0.0838677714851908,0.0775515338856639,0.0,0.0,0.0388551604509973,0.0596460913250776,0.0,0.144138482798749,0.0,0.0,0.1192290625663187,0.8915376283697048,0.1084623716302952,0.4944119922114641,0.0,0.375,0.375,0.1913265306122449,0.0200000000000102,2
2,23526535.0,0.0666925675381149,0.0930068095936586,0.0859047858670452,0.0,0.0,0.0341267546818284,0.0517956758717054,0.0,0.1599650883700633,0.0,0.0,0.0965959358489214,0.9121269255455712,0.0878730744544287,0.5105936535879722,0.0,0.375,0.375,0.1913265306122449,0.0900000000000034,2
2,24102477.0,0.072210953194926,0.1009179837385737,0.0933091314271337,0.0,0.0,0.0298609103465998,0.0461638560899384,0.0,0.1737435449850898,0.0,0.0,0.0791994068864016,0.9279525032092428,0.0720474967907573,0.526819770078152,0.0,0.375,0.375,0.1862244897959183,0.0300000000000011,2
2,24679604.0,0.0781482648045968,0.1047103737019515,0.0965727944215804,0.0,0.0,0.0283190389001317,0.043433276801809,0.0,0.1801207360535312,0.0,0.0,0.0729154895805485,0.9336689666238768,0.0663310333761232,0.5382536253145198,0.0,0.375,0.375,0.310374149659864,0.2000000000000028,2
2,25256773.0,0.0854386266928695,0.1245271655187822,0.1144438653559297,0.0,0.0,0.031608364652597,0.0475291457340031,0.0,0.2083060586224453,0.0,0.0,0.0705783133194242,0.9357950898587932,0.0642049101412066,0.5548442737368078,0.0,0.375,0.375,0.5960884353741497,0.519999999999996,2
2,25836075.0,0.0917766400731311,0.128708120027588,0.1158528476178495,0.0,0.0,0.0339211718222993,0.0512836922551811,0.0,0.2135195286929959,0.0,0.0,0.0736871987233726,0.932966944801027,0.067033055198973,0.5572092857841437,0.0,0.375,0.375,0.5229591836734694,2.230000000000004,2
2,26417909.0,0.0992666669392542,0.13685243289976,0.1232571931779379,0.0,0.0,0.0356686261282965,0.0539289409405565,0.0,0.2249239944723253,0.0,0.0,0.073576954560112,0.9330672336328626,0.0669327663671373,0.5573871062388306,0.0,0.375,0.375,0.4872448979591837,2.319999999999993,2
2,26998383.0,0.1080658093258386,0.1439398502083677,0.1298995381269881,0.0,0.0,0.0345379204008865,0.0508570392414109,0.0,0.2360491672121609,0.0,0.0,0.0682521614746259,0.9379111842105264,0.0620888157894736,0.5659402701092706,0.0,0.375,0.375,0.3443877551020408,2.259999999999991,2
2,27570052.0,0.1156371795595735,0.1521463334078082,0.1400499613608181,0.0,0.0,0.0442517105136359,0.0666432007509093,0.0,0.2439391955778602,0.0,0.0,0.0833886850903037,0.9241415275994866,0.0758584724005134,0.5559645426013353,0.0,0.375,0.375,0.8767006802721089,0.480000000000004,2
2,28124779.0,0.1150330764258196,0.155690042062112,0.1438887191560484,0.0,0.0,0.0425556519225209,0.0587927852975371,0.0,0.25001381918685,0.0,0.0,0.0786151128211205,0.928484034017972,0.0715159659820282,0.5697900829532421,0.0,0.375,0.375,0.3341836734693877,0.0900000000000034,2
2,28655772.0,0.1267520723299458,0.1695695676248021,0.156641446363424,0.0,0.0,0.039163534740291,0.0542702633515727,0.0,0.2723339879263947,0.0,0.0,0.0671827930909983,0.9388839858793326,0.0611160141206675,0.5896793008099721,0.0,0.375,0.375,0.2627551020408163,0.1500000000000056,2
2,29162034.0,0.1358014048442943,0.1727247117336778,0.1602932983483996,0.0,0.0,0.0493398862869808,0.0687764658197604,0.0,0.2724503600261838,0.0,0.0,0.0832894653433692,0.9242317875481386,0.0757682124518613,0.5867541543303726,0.0,0.375,0.375,0.8409863945578232,-0.3600000000000136,0
2,29662835.0,0.144321080889378,0.1836200615874804,0.1699836457416027,0.0015763546798029,0.0,0.0553017892133243,0.0789308075474918,0.0,0.2860658957015056,0.0018817204301075,0.0,0.0884709410166165,0.9195182124518614,0.0804817875481386,0.5841224116010064,0.0,0.375,0.375,0.6045918367346939,-0.0899999999999749,0
2,30174269.0,0.1520266868114184,0.1943289004594776,0.1800334273852955,0.0220689655172413,0.0,0.0670200122064822,0.1006901112497733,0.0,0.2967954033020584,0.0266129032258064,0.0,0.1019758510160377,0.9072328305519898,0.0927671694480102,0.56927440363465,0.0049403046521202,1.0,0.375,0.7593537414965987,-0.1899999999999977,0
2,30696133.0,0.1623505539082546,0.2044315786406069,0.1891199252376759,0.0362561576354679,0.0,0.0735472679965307,0.1142576770876665,0.0,0.3089679249399957,0.0419354838709677,0.0,0.1069809360280681,0.9026797175866496,0.0973202824133504,0.5659580521547393,0.008233841086867,0.8036666666666668,0.375,0.5637755102040817,-0.0099999999999909,0
2,31232796.0,0.1714726974317629,0.2085348202403272,0.1929155509228474,0.0425615763546798,0.0,0.0767851980341138,0.1187801990336309,0.0,0.3136460833515165,0.0483870967741935,0.0,0.1097260156932566,0.900182525673941,0.099817474326059,0.5720750757959687,0.0098806093042404,0.491,0.375,0.473639455782313,-0.0099999999999909,0
2,31789692.0,0.1799859958567304,0.218699668748725,0.2013550671243463,0.0488669950738916,0.0,0.1083935626867109,0.1708318667135985,0.0,0.3145537857298713,0.0532258064516129,0.0,0.1484217169977207,0.864981145699615,0.1350188543003851,0.5543819405546219,0.0115273775216138,0.4736666666666667,0.375,1.0,0.6599999999999966,2
2,32355642.0,0.1916017350578442,0.2249011588937567,0.2064302787412613,0.0520197044334975,0.0,0.1435996273810671,0.2291126683946114,0.0,0.3078973016219362,0.0551075268817204,0.0,0.1917476731591292,0.8255676347881901,0.17443236521181,0.5288647053070514,0.0123507616303005,0.4183333333333333,0.375,0.951530612244898,1.119999999999976,2
2,32910963.0,0.2018417268970674,0.2403504852199761,0.2201894218500081,0.0993103448275862,0.0,0.1455012688317111,0.224675477051401,0.0,0.3301709215215653,0.0991935483870967,0.0,0.1829612133472608,0.8335606546854942,0.1664393453145057,0.5375245614503036,0.0230547550432276,0.981,0.375,0.4209183673469388,1.490000000000009,2
2,33440590.0,0.2116244399440854,0.2526602100191368,0.2313318836151897,0.2301477832512315,0.0,0.1480196588609424,0.2235661792155984,0.0,0.3474638155502219,0.2198924731182795,0.0,0.177867933004622,0.838193998716303,0.161806001283697,0.5337280947427381,0.0543433511733223,1.0,0.375,0.4277210884353741,1.6599999999999966,2
2,33889554.0,0.1988153455939512,0.245681590783249,0.2250345955466096,0.3247290640394089,0.0,0.157219491824869,0.2329525455185434,0.0,0.332847479816714,0.3182795698924731,0.0,0.193798214595776,0.8237022625160463,0.1762977374839538,0.5405297271345122,0.0765747221078633,0.649,0.375,0.5042517006802721,1.549999999999983,2
2,34282404.0,0.2055760873545765,0.2475467006013036,0.2276368995201553,0.3625615763546798,0.0,0.1733577462979023,0.2576984203172165,0.0,0.3283322423448979,0.3529569892473118,0.0,0.2122310386929452,0.8069339698331194,0.1930660301668806,0.52073831052786,0.0848085631947303,0.453,0.375,0.5739795918367347,0.9399999999999976,2
2,34695494.0,0.225173530491315,0.2606335544913204,0.2391100407957874,0.4334975369458128,0.0,0.1837910764190035,0.2711806555523556,0.0,0.3432045966979417,0.4026881720430107,0.0,0.2146894835336562,0.8046975288831836,0.1953024711168164,0.5141589537044445,0.1020996294771511,0.5056666666666667,0.375,0.5008503401360545,1.3799999999999957,2
2,35126295.0,0.225173530491315,0.2671148111090604,0.2455079704545046,0.5107389162561576,0.0,0.1849217821464135,0.2688767292779964,0.0,0.3523979925812787,0.4637096774193548,0.0,0.2112167923909478,0.8078566270860077,0.1921433729139923,0.5175731064344331,0.1202140798682585,0.4936666666666667,0.375,0.4090136054421769,1.1000000000000227,2
2,35557670.0,0.225173530491315,0.2831547555443303,0.2603741710547598,0.6494581280788178,0.0,0.2073817095499662,0.2945612407069641,0.0,0.3662462724561787,0.5591397849462365,0.0,0.2245232628965,0.7957517650834404,0.2042482349165597,0.5109581855200803,0.1523260601070399,0.5563333333333333,0.375,0.6045918367346939,1.0800000000000125,2
2,35977834.0,0.225173530491315,0.2877709023440156,0.2645004762503819,0.710935960591133,0.0,0.2134464039060743,0.3007050441052553,0.0,0.3704123936286276,0.6029569892473118,0.0,0.2276762459657527,0.7928835044929398,0.2071164955070603,0.5123185119984351,0.1671469740634005,0.4383333333333333,0.375,0.4481292517006803,1.1800000000000068,2
2,98625553.0,0.3266891976268265,0.2917031755437475,0.2710853117193538,0.0015763546798029,0.0011831694150706,0.2028074909254441,0.2821883033076275,0.0955813953488372,0.3619870536038985,0.0013440860215053,0.0012822773245283,0.2136421639826806,0.7651636713735559,0.2348363286264441,0.4442310598988201,0.0008233841086867,0.375,0.375,0.1947278911564626,-0.8700000000000045,0
2,100099101.0,0.3295670815701775,0.3019612795430481,0.2794098089606959,0.0015763546798029,0.0011831694150706,0.1784459220712473,0.2426802342325045,0.1015116279069767,0.3871932504182123,0.0013440860215053,0.0012822773245283,0.1820792600411762,0.7927130134788191,0.207286986521181,0.4606972340028273,0.0008233841086867,0.375,0.375,0.1947278911564626,-0.0600000000000022,0
2,101548627.0,0.3362551130398165,0.3105252421242823,0.2875330230217638,0.0015763546798029,0.0011831694150706,0.1591211332755131,0.2121318784465563,0.1133720930232558,0.4063946468834098,0.0013440860215053,0.0011540495920755,0.1582113986952603,0.8107449454428756,0.1892550545571245,0.4691525966231895,0.0008233841086867,0.375,0.375,0.2151360544217687,-0.200000000000017,0
2,102978517.0,0.3449711909861824,0.3247777896505833,0.299178692737631,0.0015763546798029,0.0011831694150706,0.1378947030291349,0.1693812464667797,0.1220930232558139,0.4356040439304677,0.0010752688172043,0.0011540495920755,0.1315212867698736,0.8335405969191272,0.1664594030808729,0.4840450597032176,0.0008233841086867,0.375,0.375,0.1726190476190476,0.8700000000000045,2
2,104394131.0,0.3635044922919203,0.3410819579767444,0.3136854590873965,0.0015763546798029,0.0011831694150706,0.1668818862227361,0.2148624577346858,0.106860465116279,0.4499410866244818,0.0010752688172043,0.0010258218596226,0.1520707988016459,0.8225088254172017,0.1774911745827984,0.4696060387826411,0.0008233841086867,0.375,0.375,0.7559523809523809,1.2699999999999818,2
2,105811504.0,0.3786030132063578,0.3606345259026839,0.3311970957712561,0.0015763546798029,0.0011831694150706,0.1844078249975908,0.2364511002314592,0.1255813953488372,0.4675365481125901,0.0010752688172043,0.0010258218596226,0.1595122798217352,0.8112062740693197,0.1887937259306803,0.4712953331021667,0.0008233841086867,0.375,0.375,0.5773809523809524,1.6699999999999875,2
2,107253666.0,0.4019408856533554,0.3735037836472611,0.3443811440792194,0.0015763546798029,0.0029579235376765,0.1953037165526324,0.2598316853860676,0.1263953488372093,0.4817106698668995,0.0010752688172043,0.0025645546490567,0.1634810696991161,0.8087391688061618,0.1912608311938382,0.4632756305957873,0.0024701523260601,0.375,1.0,0.4991496598639456,0.7800000000000011,2
2,108774356.0,0.4191798727678553,0.3843991335010637,0.3538989630321874,0.0015763546798029,0.0147896176883827,0.184253637852944,0.2332938679295595,0.1211627906976744,0.5040773874463599,0.0010752688172043,0.0121816345830194,0.1501305015282597,0.823732349165597,0.1762676508344031,0.4698549874192028,0.0098806093042404,0.375,1.0,0.3018707482993197,1.170000000000016,2
2,110374286.0,0.4289513725057347,0.3937713103367883,0.3626691587441368,0.0031527093596059,0.0147896176883827,0.2435642928270855,0.3346666240013652,0.113953488372093,0.4926961960869882,0.0018817204301075,0.0119251791181137,0.1940076785059711,0.787016607830552,0.212983392169448,0.4412525672828145,0.0098806093042404,1.0,0.375,0.9464285714285716,1.1000000000000227,2
2,111999720.0,0.4111788123370216,0.3913932953187686,0.3607569685315314,0.0047290640394088,0.0354950824521186,0.1793710449391281,0.2280033705588088,0.1220930232558139,0.5165757509637066,0.0029569892473118,0.0287230120694353,0.1436922423938418,0.8299602856225932,0.1700397143774069,0.4697394041236563,0.0230547550432276,0.7083333333333334,1.0,0.0,0.8999999999999773,2
2,113623898.0,0.4375482686123864,0.403532051717941,0.3719138076667326,0.0047290640394088,0.0733565037343784,0.2388358870579165,0.3174298422450481,0.0683720930232558,0.5185773510800786,0.0029569892473118,0.0577024796037763,0.1859047325063184,0.8094813061617459,0.1905186938382541,0.4589368115014269,0.046932894195142,0.375,1.0,0.96343537414966,0.9499999999999886,2
2,115243503.0,0.4592737890775435,0.4293016523707293,0.3961109214097011,0.0063054187192118,0.0976114767433261,0.2360605184542738,0.309494096188922,0.1173255813953488,0.548624627245618,0.003763440860215,0.0724486688358524,0.17331484906196,0.8076961649550707,0.1923038350449294,0.4570341326362771,0.0625771922601893,0.597,0.6775594149908593,0.3784013605442177,0.6999999999999886,2
2,116818208.0,0.4757212024435061,0.4358917070611892,0.4047373434214547,0.0110344827586206,0.2182947570805294,0.2213099482830618,0.271777969771634,0.1019767441860465,0.5682449632700561,0.0064516129032258,0.1596435269037811,0.1601627203849726,0.8246249197689346,0.1753750802310654,0.4663430334391364,0.1391519143680527,0.875,1.0,0.2933673469387755,-1.0600000000000025,0
2,118343572.0,0.4835550321420447,0.4370263155338391,0.4042197581007494,0.0173399014778325,0.2472824077497596,0.206199608107674,0.2385843653003104,0.1372093023255814,0.5697345261473563,0.0099462365591397,0.1804164195611406,0.148862693650763,0.824755295250321,0.1752447047496791,0.4632845216185218,0.1589131329765335,0.7556666666666667,0.4965722120658135,0.2831632653061224,0.0300000000000295,2
2,119784265.0,0.4979309244321315,0.4466782588422719,0.4124292363819349,0.034679802955665,0.3803889669452044,0.2756866146285053,0.3318507141104818,0.1125581395348837,0.5576551021892502,0.0196236559139784,0.2718427928000129,0.1949557783100121,0.790647063543004,0.2093529364569961,0.4444177713762414,0.246191848497324,1.0,0.8667733089579525,0.9719387755102042,0.5299999999999727,2
2,121072310.0,0.5150891597205153,0.4576046938597087,0.4223352443254318,0.0315270935960591,0.5176366190933963,0.2479329285920786,0.2635862319072456,0.1346511627906976,0.5821630664048295,0.0172043010752688,0.3614739777845454,0.1713525029559216,0.8067033055198973,0.1932966944801027,0.4517973202457478,0.331823795800741,0.3143333333333333,0.704981718464351,0.2270408163265306,0.6700000000000159,2
2,122251344.0,0.5279033295757085,0.4731317330950138,0.4380353323868232,0.0394088669950738,0.614064926421652,0.2517362114933667,0.2562478000703977,0.122906976744186,0.606042621281548,0.0209677419354838,0.4154578531471894,0.1685633256254289,0.813573090500642,0.1864269094993581,0.4550869986574555,0.3935776039522437,0.5416666666666667,0.545018281535649,0.4243197278911564,-0.2599999999999909,0
2,123400052.0,0.5406936827243244,0.4867159496031784,0.4507305501141204,0.1875862068965517,0.6282629594024993,0.2609874401721756,0.2635009013044916,0.1265116279069767,0.6214735617135794,0.0973118279569892,0.4137908926253025,0.170106743911077,0.8120888157894738,0.1879111842105263,0.4516017177455922,0.4372169617126389,1.0,0.3960237659963437,0.461734693877551,-0.3500000000000227,0
2,124573713.0,0.55292761235404,0.5181119648737652,0.4810668008554536,0.5060098522167488,0.7359313761739258,0.2839099290096688,0.2750205326762877,0.1575581395348837,0.6518932285984437,0.2470430107526881,0.4567471829970027,0.1743511441966094,0.8024911745827985,0.1975088254172015,0.4429240795568713,0.5796624125154385,1.0,0.5313071297989032,0.5484693877551021,-1.25,0
2,125762978.0,0.5518561035900565,0.5107758662560835,0.4736624552953651,1.0,0.989721215706574,0.2955253605730622,0.2013802224995467,0.1301162790697674,0.6411404465779331,0.7771505376344086,0.6225456410585201,0.1839644352329321,0.8000742137355584,0.1999257862644415,0.4445333546717879,0.9888843145327296,1.0,0.6903564899451554,0.4685374149659864,-0.8199999999999932,0
2,126799053.0,0.5050852459223176,0.4814936421126254,0.4511618712147081,1.0,1.0,0.3565320741383187,0.2288566765863492,0.13,0.5696879773074407,1.0,0.7755213258747536,0.2347869944960602,0.7519957477535302,0.2480042522464698,0.4074755719150373,1.0,0.7683333333333333,0.5377056672760512,0.7491496598639457,-4.009999999999991,0
2,127648151.0,0.5310398055265035,0.4859388205123223,0.4481282461405748,1.0,1.0,0.4219074234685683,0.2962678527620449,0.1386046511627907,0.5450170921521567,1.0,0.822196220487586,0.2754229930739105,0.7130736521181001,0.2869263478818998,0.3827585287135579,1.0,0.5583333333333333,0.4389853747714808,0.7100340136054422,0.9599999999999796,2
2,128613116.0,0.5478738846455448,0.5039060450929155,0.4657405244145715,1.0,1.0,0.4272525778163245,0.3034356233933847,0.1261627906976744,0.5719921448832643,1.0,0.7739825930853196,0.2694257105925348,0.722911986521181,0.277088013478819,0.3899869301965805,1.0,0.3796666666666666,0.3512340036563071,0.4209183673469388,0.2699999999999818,2
2,129739761.0,0.5478738846455448,0.5218577270916915,0.4812393292956887,1.0,1.0,0.3663486556808326,0.1758663722760871,0.1440697674418604,0.6228700269110482,1.0,0.7547484332173942,0.2234318456802203,0.7614128690629012,0.2385871309370988,0.4119210832822099,1.0,0.473,0.3823126142595978,0.1556122448979592,1.0399999999999636,2
2,130861001.0,0.5478738846455448,0.5272665455640501,0.4872922020739357,1.0,1.0,0.3854678616170376,0.2008682388830224,0.1431395348837209,0.6224976361917232,1.0,0.7130744201702224,0.2327915751410436,0.7534699935815149,0.2465300064184852,0.4066664888462119,1.0,0.443,0.3329524680073126,0.4872448979591837,0.3100000000000023,2
2,131946897.0,0.5478738846455448,0.5300486677093149,0.4898657513074421,1.0,1.0,0.4236548777745655,0.2453254829178799,0.1181395348837209,0.6143748636264457,1.0,0.7679558896600363,0.2545758218013345,0.7398708279845957,0.2601291720154043,0.3985578761124891,1.0,0.391,0.4508683729433272,0.5671768707482994,0.3100000000000023,2
0,16058757.0,0.1487371276247553,0.1120931000650845,0.1308771992883202,0.0015763546798029,0.0491015307254307,0.0152645273200346,0.0011946284385566,0.0456976744186046,0.187940941159357,0.0029569892473118,0.1209187517030245,0.0371853562677941,0.921413671373556,0.0785863286264441,0.457496465818463,0.0312885961300946,0.375,0.375,0.592687074829932,-18.91,0
0,16182705.0,0.1533068297956336,0.1184344734464703,0.1343996549431195,0.0015763546798029,0.0491015307254307,0.0170119816260319,0.0010239672330485,0.0462790697674418,0.1965292021237908,0.0029569892473118,0.1155331869400054,0.0395997034432008,0.9206514762516046,0.0793485237483953,0.4581366194553359,0.0312885961300946,0.375,0.375,0.592687074829932,-17.28,0
0,16288060.0,0.154494425772494,0.1223201189007509,0.1367000341462538,0.0031527093596059,0.0562005472158544,0.0204554945231441,0.0009386366302944,0.0454651162790697,0.2009513419157757,0.0056451612903225,0.1287406433826476,0.0463576706510744,0.916389200898588,0.083610799101412,0.4561361393401082,0.0362289007822149,1.0,0.5075411334552102,0.7423469387755102,-16.379999999999995,0
0,16366914.0,0.1559983734063277,0.123610153191572,0.1387703754290746,0.0047290640394088,0.0780891813946609,0.0203527030933795,0.0005973142192783,0.0467441860465116,0.202673648992654,0.0083333333333333,0.1773389539822725,0.0457292789204891,0.9161685654685496,0.0838314345314505,0.4579321259324459,0.0502264306298888,0.7083333333333334,0.7305758683729433,0.3903061224489796,-16.989999999999995,0
0,16425562.0,0.1606105472042172,0.1303711762820201,0.1439174738960875,0.0047290640394088,0.110626340309103,0.0272397288876039,0.0007679754247864,0.0444186046511627,0.2101447377991127,0.0080645161290322,0.2401705428841622,0.0585396506913687,0.9083761232349168,0.0916238767650834,0.4418749388742187,0.0708110333470564,0.375,0.7561700182815356,0.9736394557823128,-16.220000000000013,0
0,16465707.0,0.1655764132399378,0.1283661832276114,0.1450389087576155,0.0063054187192118,0.1224580344598091,0.0383412033021746,0.0007679754247864,0.0465116279069767,0.2016961233544258,0.011021505376344,0.2694064658834089,0.0834658560045861,0.8833540596919127,0.1166459403080873,0.4320770318209703,0.0782214903252367,0.597,0.4728062157221206,1.0,-18.289999999999992,0
0,16493851.0,0.1732081646892135,0.126796382464082,0.1481444206818468,0.0063054187192118,0.162094209864675,0.0414249461951109,0.0009386366302944,0.0403488372093023,0.1991824859989817,0.011021505376344,0.3603199281924699,0.0911168009348705,0.8814285141206677,0.1185714858793324,0.4317747370480026,0.1029230135858377,0.375,0.6711608775137111,0.5348639455782314,-21.460000000000008,0
0,16531360.0,0.1815129476861928,0.1363706128634293,0.1514655931563719,0.0063054187192118,0.2035051393921466,0.0390093475956442,0.0009386366302944,0.0488372093023255,0.2129143937740927,0.0104838709677419,0.4254596162785107,0.0807097519230716,0.8859515404364571,0.114048459563543,0.43031660931957,0.1292713050638122,0.375,0.6080895795246801,0.3001700680272109,-17.61,0
0,16597259.0,0.1861209461334941,0.1403028860631611,0.1525726506478802,0.0063054187192118,0.2520150854100421,0.0489801162828049,0.0008533060275404,0.0484883720930232,0.2143574078114772,0.0102150537634408,0.5143214348683263,0.0989220876937197,0.8706374358151476,0.1293625641848523,0.4166777804450846,0.1597365170852202,0.375,0.5925502742230347,0.8341836734693878,-15.850000000000009,0
0,16684148.0,0.1794991115416102,0.1498460312988741,0.1456427582984382,0.0063054187192118,0.270945796051172,0.0556615592175002,0.0008533060275404,0.0494186046511627,0.2254360317113972,0.0096774193548387,0.5227844652102134,0.1062753733832004,0.8653923299101413,0.1346076700898588,0.4098228019169044,0.171263894606834,0.375,0.4435557586837294,0.6301020408163266,-4.890000000000001,0
0,16771232.0,0.183465368410061,0.1587830158437193,0.1508761209855687,0.0094581280788177,0.2360422983065887,0.057511804953262,0.0008533060275404,0.0461627906976744,0.2386326278274784,0.0137096774193548,0.4331532802256809,0.1044563446894008,0.8712592265725289,0.1287407734274711,0.4022298685017737,0.1498559077809798,0.7083333333333334,0.2570840950639854,0.4549319727891157,-2.780000000000001,0
0,16851061.0,0.1880499627919857,0.1502967661715706,0.1520981974372338,0.0157635467980295,0.3017082008430081,0.0633195207349587,0.0005119836165242,0.0481395348837209,0.2228991199359954,0.0239247311827956,0.5806151725464425,0.1205850657744239,0.8534479300385109,0.1465520699614891,0.3970286202021818,0.1926718814326883,0.8196666666666668,0.6291133455210238,0.5705782312925171,-9.090000000000003,0
0,16915191.0,0.185907977785131,0.134179108827215,0.1487195154826303,0.0299507389162561,0.2946091843525845,0.0640904564581928,0.0008533060275404,0.0454651162790697,0.1989497417994036,0.0499999999999999,0.6243408293128597,0.1344207082636269,0.839377406931964,0.1606225930680359,0.4167489086269593,0.1918484973240016,0.975,0.3530621572212066,0.41921768707483,-17.11,0
0,16967066.0,0.1856401758102333,0.1315213273364872,0.1478856280214942,0.0646305418719211,0.3330621903423796,0.0621888150075487,0.0009386366302944,0.0336046511627907,0.1982049603607535,0.1096774193548387,0.7179470740034302,0.1326568016514575,0.8504994383825418,0.1495005616174582,0.4221902145403786,0.223960477562783,1.0,0.4947440585009141,0.3477891156462585,-18.239999999999995,0
0,17030085.0,0.1885649171540324,0.1339148849363239,0.1450532861276351,0.1150738916256157,0.3431191303704798,0.0598760078378465,0.0009386366302944,0.0475581395348837,0.2000436395374209,0.1922043010752687,0.7284617480645628,0.1257885902803233,0.8453947368421053,0.1546052631578947,0.4405501764868013,0.2420749279538905,0.895,0.4024223034734918,0.3358843537414966,-14.730000000000004,0
0,17107429.0,0.1926478685599095,0.1446237238083211,0.1463616267994177,0.174975369458128,0.4466464541891591,0.0703607336738299,0.0007679754247864,0.0474418604651162,0.211355007636919,0.2736559139784946,0.8882335027007967,0.1384776934716163,0.8364890885750963,0.1635109114249037,0.4673832830990548,0.3211198023878139,0.7223333333333334,0.6510511882998171,0.6964285714285715,-8.75,0
0,17204693.0,0.1973049581307817,0.1523483869714308,0.1479862696116313,0.2522167487684729,0.4833247060563483,0.0759628665959975,0.0008533060275404,0.0460465116279069,0.2206647756200451,0.3774193548387096,0.9192646139543832,0.142975655332648,0.8350850449293967,0.1649149550706033,0.4435019960346039,0.362289007822149,0.669,0.4499542961608775,0.5348639455782314,-4.910000000000011,0
0,17315376.0,0.2036257547955586,0.1555812439893922,0.1489639307729633,0.3467980295566503,0.6253050358648228,0.0895827310397995,0.0005119836165242,0.0395348837209302,0.2206415012000873,0.5096774193548387,1.0,0.1655977576337193,0.8199715179717588,0.1800284820282413,0.412463435669005,0.4734458624948538,0.625,0.6437385740402194,0.7032312925170068,-3.509999999999991,0
0,17421285.0,0.2089015087780161,0.1510117249351583,0.1511492910159409,0.5848275862068966,0.6241218664497522,0.0970351096977289,0.0005973142192783,0.040813953488372,0.2101680122190705,0.8817204301075268,1.0,0.1840305817308885,0.801458199614891,0.1985418003851091,0.3924141794030567,0.5286125977768629,0.8323333333333334,0.3731718464351005,0.5399659863945578,-7.969999999999999,0
0,17537505.0,0.2133747209624409,0.1618138192980581,0.1509192530956275,0.8512315270935962,0.6809139983731419,0.1171822299315794,0.0005973142192783,0.0454651162790697,0.2162891846679759,1.0,1.0,0.2093757148644962,0.7768673780487806,0.2231326219512195,0.3416375485672117,0.6265953067105805,0.679,0.458180987202925,0.7525510204081634,-0.8599999999999994,0
0,17636732.0,0.2043118868301178,0.1647824524251284,0.1486044965224736,1.0,0.9033498484064184,0.1682181748096752,0.0004266530137702,0.0475581395348837,0.1972041603025675,1.0,1.0,0.2958622609424223,0.6972280166880617,0.3027719833119384,0.2819787860197558,0.8834911486208317,0.7663333333333333,0.6739031078610603,1.0,2.6599999999999966,2
0,17730565.0,0.2152128043289213,0.1631193961706964,0.151249932606078,1.0,1.0,0.2078442709839066,0.0007679754247864,0.0445348837209302,0.177374354498509,1.0,1.0,0.3687887749392968,0.6327422978177151,0.367257702182285,0.2900429436398069,1.0,0.5876666666666667,0.5459323583180987,0.800170068027211,-0.25,0
0,17904421.0,0.2257388616078949,0.161673936061704,0.1434142659454019,1.0,1.0,0.2472133885837268,0.0004266530137702,0.0483720930232558,0.1566135718961379,1.0,1.0,0.4420460214259532,0.5630917041078306,0.4369082958921694,0.2666062077120731,1.0,0.6910000000000001,0.5486745886654479,0.7202380952380953,4.269999999999996,2
0,18092526.0,0.2257388616078949,0.161673936061704,0.141415811512679,1.0,1.0,0.2921332433908323,0.0005973142192783,0.0463953488372093,0.1366673939922904,1.0,1.0,0.5223588943612867,0.4914453626444159,0.5085546373555841,0.2155361731259946,1.0,0.493,0.7122943327239488,0.7083333333333334,5.659999999999997,2
0,18228740.0,0.2257388616078949,0.165357527952362,0.1468935894901425,1.0,1.0,0.3190132022742604,0.0007679754247864,0.0415116279069767,0.1309884355225835,1.0,1.0,0.55937888438419,0.4618701861360719,0.5381298138639281,0.2000213384545624,1.0,0.4503333333333333,0.4974862888482633,0.5552721088435375,4.219999999999999,2
0,18346823.0,0.2257388616078949,0.1849878087873872,0.1512068004960192,1.0,1.0,0.3551443898364973,0.0004266530137702,0.0463953488372093,0.1430445850607317,1.0,1.0,0.5644501158941767,0.4568657734274712,0.5431342265725289,0.2025463889111164,1.0,0.579,0.3813985374771481,0.5909863945578232,13.850000000000009,2
0,4490864.0,0.0479358223754051,0.1967380006411315,0.1545998598206423,0.0,0.0017747541226059,0.730384504191963,1.0,0.0,0.0,0.0,0.0026927823815095,1.0,0.0,1.0,0.0,0.0008233841086867,0.375,0.375,0.1437074829931973,19.05000000000001,2
0,4513650.0,0.0514826411497188,0.1637877271888326,0.156641446363424,0.0,0.0017747541226059,0.6205518614885484,1.0,0.0,0.0003956651392828,0.0,0.0032056933113209,1.0,0.001905487804878,0.998094512195122,0.0009957945462466,0.0008233841086867,0.375,0.375,0.1437074829931973,-3.5700000000000074,0
0,4538016.0,0.0547284859457653,0.1776517101697056,0.1503729130348831,0.0,0.0047326776602824,0.6666024220230637,1.0,0.0,0.0003025674594515,0.0,0.007821891679623,1.0,0.0012736681643132,0.9987263318356868,0.0006579356823415,0.0032935364347468,0.375,1.0,0.5246598639455783,9.710000000000008,2
0,4564666.0,0.0577367169093151,0.1410178448267487,0.1417608683931492,0.0,0.0130148635657768,0.5449487648967267,0.9000671978496688,0.0,0.0005353116590297,0.0,0.0264149128852842,1.0,0.0031290115532734,0.9968709884467268,0.001778204546869,0.008233841086867,0.375,1.0,0.0892857142857143,-7.870000000000003,0
0,4591739.0,0.0632888825794515,0.1463489503900216,0.1518394047768812,0.0,0.0147896176883827,0.5622177250971699,0.9282262967585038,0.0,0.0006982325987344,0.0,0.0291076952667938,1.0,0.003580311296534,0.996419688703466,0.0018937878424155,0.0090572251955537,0.375,0.4993144424131627,0.4532312925170068,-11.450000000000005,0
0,4623120.0,0.0680902606594581,0.1885470600235081,0.1571015222040508,0.0,0.0295792353767655,0.7016542995727731,1.0,0.0,0.00074478143865,0.0,0.0466748946128324,1.0,0.0024470474967907,0.9975529525032092,0.0010758137508557,0.0181144503911074,0.375,1.0,0.8205782312925171,12.040000000000006,2
0,4660487.0,0.0729807282345428,0.1636323013706614,0.1525870280178998,0.0,0.0378614212822598,0.6188044071825511,1.0,0.0,0.0009542512182704,0.0,0.0677042427350975,1.0,0.0038912066752246,0.9961087933247754,0.0018937878424155,0.0238781391519143,0.375,0.6309414990859232,0.1981292517006802,-0.8499999999999943,0
0,4709017.0,0.0786302027354602,0.1867752056963562,0.1583523533957551,0.0,0.0526510389706426,0.6935337766213742,1.0,0.0,0.0017688559167939,0.0,0.0838609370241549,1.0,0.0057365211810012,0.9942634788189988,0.0025161594338196,0.0329353643474681,0.375,0.7324040219378428,0.6045918367346939,10.030000000000015,2
0,4768097.0,0.0820504628890008,0.1946708372594542,0.1601495246482037,0.0,0.0538342083857132,0.7213388583726831,1.0,0.0,0.001000800058186,0.0,0.0827068874320793,1.0,0.0030788671373555,0.9969211328626444,0.0015381469330417,0.0337587484561547,0.375,0.3951096892138939,0.4668367346938776,13.86,2
0,4828625.0,0.0834937635440868,0.1787863186423554,0.1524720090577431,0.0,0.057383716630925,0.6500530018309724,1.0,0.0,0.0094959633427885,0.0,0.0950167497475516,1.0,0.0314906931964056,0.9685093068035944,0.0118606243276164,0.0362289007822149,0.375,0.4353290676416819,0.2304421768707483,8.980000000000004,2
0,4889160.0,0.0873040207234005,0.1666164770795488,0.1649803209747857,0.0,0.0514678695555719,0.6062638527512768,0.9961494565507236,0.0,0.0111018983198778,0.0,0.0906570068441552,1.0,0.0393031931964056,0.9606968068035944,0.0152303219439332,0.0321119802387813,0.375,0.2808500914076782,0.2848639455782313,-7.549999999999997,0
0,4952969.0,0.0916758549493783,0.1709528574065259,0.1537084628794278,0.0,0.076314427272055,0.6265651601297741,1.0,0.0,0.0084020656047712,0.0,0.1313051980317043,1.0,0.0291238767650834,0.9708761232349168,0.0112115796680092,0.0477562783038287,0.375,0.8164990859232175,0.4549319727891157,3.0800000000000125,2
0,5018453.0,0.0947067416442923,0.2024265855861982,0.1616303937602214,0.0,0.0911040449604377,0.7379910699945391,1.0,0.0,0.0050738235508036,0.0,0.1350238022728365,1.0,0.0148828626444159,0.985117137355584,0.0056902545499808,0.0568135034993824,0.375,0.5523308957952469,0.7015306122448981,17.819999999999993,2
0,5080126.0,0.0958707311414341,0.1821590588966709,0.1612997142497708,0.0,0.1112179250166383,0.6703029134945873,1.0,0.0,0.0053763910102552,0.0,0.1810575582234047,1.0,0.017600689987163,0.982399310012837,0.007290638642163,0.0699876492383697,0.375,0.5770109689213894,0.2423469387755102,5.009999999999991,2
0,5137397.0,0.098240593668367,0.1941890172231234,0.1572309185342271,0.0,0.1313318050728388,0.7089524910860556,1.0,0.0,0.0058884282493272,0.0,0.2020869063456699,1.0,0.01804196084724,0.98195803915276,0.0072728565966943,0.0823384108686702,0.375,0.5404478976234004,0.4974489795918367,15.579999999999998,2
0,5189777.0,0.1004336871423122,0.1974840445683533,0.1616160163902018,0.0,0.1490793462988981,0.7198997783559795,1.0,0.0,0.0058651538293694,0.0,0.2259372645818974,1.0,0.0176608632862644,0.9823391367137356,0.0070150169373983,0.0930424042815973,0.375,0.498400365630713,0.4243197278911564,14.650000000000006,2
0,5235974.0,0.1018345309665113,0.2053019632223658,0.1663174163866075,0.0,0.1248243732899504,0.7460088015161735,1.0,0.0,0.0057487817295803,0.0,0.1827245187452916,1.0,0.0166278883183568,0.9833721116816432,0.0065349017097436,0.0782214903252367,0.375,0.2260054844606946,0.4600340136054422,16.409999999999997,2
0,5276807.0,0.1048322137075064,0.2056749851859767,0.1684596445195263,0.0,0.1686016416475634,0.7477048601072884,1.0,0.0,0.0055393119499599,0.0,0.2464537017743512,1.0,0.0159860397946084,0.9840139602053916,0.0064282094369315,0.1053931659118979,0.375,0.6958409506398537,0.4022108843537415,15.159999999999997,2
0,5311751.0,0.1058656321115428,0.2020535636225872,0.1723127796847761,0.0,0.228943281816165,0.7352157013908965,1.0,0.0,0.0057720561495381,0.0,0.3400599464649217,1.0,0.0169688703465982,0.9830311296534018,0.0065349017097436,0.1432688349114862,0.375,0.7022394881170018,0.3698979591836735,10.150000000000006,2
0,5347733.0,0.1072782153422056,0.1832314970420524,0.169552324641015,0.0015763546798029,0.3265547585594912,0.6736436349619349,1.0,0.0,0.0054694886900865,0.0018817204301075,0.5289393963679495,1.0,0.0177912387676508,0.9822087612323492,0.0068727605736487,0.2050226430629889,0.375,0.7643967093235833,0.2559523809523809,-0.039999999999992,0
0,5379275.0,0.105653461290669,0.2150782471853355,0.1695235699009759,0.0126108374384236,0.5862604451674923,0.7813690533551765,1.0,0.0,0.0043755909520692,0.0139784946236559,0.8234784978121144,1.0,0.0119945442875481,0.988005455712452,0.0041254345487361,0.370522848909016,1.0,1.0,0.6709183673469388,20.47,2
0,5408082.0,0.1105455915671374,0.2194457126759469,0.1777186708121417,0.0173399014778325,0.6957036160615248,0.802081526452732,1.0,0.0,0.0015361117172157,0.0188172043010752,0.9596563496770264,1.0,0.0039413510911424,0.9960586489088576,0.0010402496599183,0.439687114038699,0.625,0.5459323583180987,0.4447278911564626,17.579999999999984,2
0,5456796.0,0.1148228848083189,0.2012453493680969,0.1681577197491149,0.0267980295566502,0.8755453671522591,0.7372715299861873,1.0,0.0,0.0036308095134191,0.0314516129032258,1.0,1.0,0.0107008183568677,0.9892991816431322,0.0034586078436602,0.5549608892548374,0.7383333333333333,0.6117458866544789,0.2610544217687075,12.519999999999982,2
0,5519167.0,0.1148228848083189,0.2140058090399541,0.172456553384972,0.0567487684729064,0.825852251719293,0.7775143747390061,1.0,0.0,0.0045152374718161,0.0629032258064516,1.0,1.0,0.0124558729139922,0.9875441270860076,0.0041876717078765,0.5302593659942363,1.0,0.3228976234003656,0.4923469387755102,17.74000000000001,2
0,5576656.0,0.1148228848083189,0.2194146275123126,0.1764534622504178,0.0835467980295566,0.8637136730015528,0.7962224149561529,1.0,0.0,0.004142846752491,0.0905913978494623,1.0,1.0,0.0110919448010269,0.9889080551989732,0.0034763898891289,0.5607245780156442,0.6896666666666667,0.4170475319926874,0.439625850340136,18.440000000000023,2
0,5623074.0,0.1148228848083189,0.2251653827846478,0.1750732347285373,0.0835467980295566,0.8021888634178805,0.8182197809257652,1.0,0.0,0.0027929303949378,0.0887096774193548,1.0,1.0,0.0071505937098844,0.9928494062901156,0.0020982813653054,0.5220255249073693,0.375,0.3101005484460695,0.4464285714285714,23.099999999999994,2
1,154879124.0,0.1085328038018221,0.0785677510855522,0.0726776054490232,0.0,0.0,0.088349233882625,0.1466833061342037,0.0044186046511627,0.1129042112153611,0.0,0.0,0.2850252596939071,0.7349867618741978,0.2650132381258023,0.4215945160171774,0.0,0.375,0.375,0.5722789115646258,0.0,1
1,159270910.0,0.1136045066767484,0.0873026820667748,0.0807576874000323,0.0,0.0,0.0973434839870225,0.1616161616161616,0.0230232558139534,0.1181875045457851,0.0,0.0,0.289556294803917,0.7090520699614892,0.2909479300385109,0.4071732771420696,0.0,0.375,0.375,0.5722789115646258,0.0,1
1,163222552.0,0.1211035727896795,0.0929912670118415,0.0860198048272019,0.0,0.0,0.1148694227618772,0.190713897155291,0.0209302325581395,0.1191883046039712,0.0,0.0,0.3251872083697369,0.6803494062901155,0.3196505937098844,0.3910894170156393,0.0,0.375,0.375,0.7049319727891157,0.0,1
1,167110250.0,0.1320185874453663,0.1027986361384455,0.0951925668996998,0.0,0.0,0.1446275416787125,0.2298806438193978,0.0210465116279069,0.1203753000218198,0.0,0.0,0.3779610893225772,0.6340560815147626,0.3659439184852375,0.3704177891582869,0.0,0.375,0.375,0.8392857142857143,-0.0700000000000073,0
1,171285999.0,0.1454490372493005,0.1088291578834889,0.1008284959473788,0.0,0.0,0.138100285888664,0.219043657269634,0.0224418604651162,0.1320823332606008,0.0,0.0,0.3446122299362514,0.6639922978177151,0.336007702182285,0.3877286104220568,0.0,0.375,0.375,0.3222789115646258,-0.1099999999999994,0
1,175453212.0,0.1591608897893812,0.1221957782462139,0.1132505436443038,0.0,0.0,0.1637467476149176,0.2633302400989835,0.0280232558139534,0.1393672267073969,0.0,0.0,0.3714456592738768,0.6365332156611041,0.363466784338896,0.3698487637032888,0.0,0.375,0.375,0.7151360544217689,-0.1499999999999914,0
1,179682690.0,0.1716759313837745,0.1299204414093236,0.1204248512840788,0.0,0.0,0.1696572548263788,0.2726312757991744,0.0296511627906976,0.1479322132518729,0.0,0.0,0.3656357918700442,0.6416880616174584,0.3583119383825418,0.3709601415450819,0.0,0.375,0.375,0.4600340136054422,-0.1700000000000017,0
1,184493231.0,0.1809695776866368,0.1246670487551363,0.1156084323275165,0.0,0.0,0.1539815617872859,0.2449841605068638,0.026860465116279,0.1477227434722525,0.0,0.0,0.3435208127199716,0.6634106225930682,0.3365893774069319,0.3831408426911347,0.0,0.375,0.375,0.2423469387755102,-0.1999999999999886,0
1,189499112.0,0.1886916268864057,0.11978667806456,0.1111370702514242,0.0,0.0,0.1493559474478815,0.2370484144507376,0.0202325581395348,0.1438359153392974,0.0,0.0,0.3444468636913605,0.6678935333761233,0.3321064666238768,0.3852835791701119,0.0,0.375,0.375,0.3477891156462585,-0.2299999999999897,0
1,191786219.25,0.1964999153915708,0.1246048784278678,0.1156228096975361,0.0,0.0005915847075353,0.1495615303074106,0.2396936631361129,0.0306976744186046,0.1488631900501855,0.0,0.0012822773245283,0.3337972775203883,0.6687961328626444,0.3312038671373555,0.3845189512149582,0.0,0.375,0.375,0.4005102040816327,-0.25,0
1,191786219.25,0.2050461211770821,0.1221646930825796,0.1133943173444997,0.0015763546798029,0.0005915847075353,0.1686807362436156,0.2714366473606178,0.0297674418604651,0.1367372172521638,0.0029569892473118,0.0014105050569811,0.3827126127591083,0.6246891046213094,0.3753108953786906,0.3591172992629342,0.0008233841086867,0.375,0.375,0.6164965986394558,-0.269999999999996,0
1,191786219.25,0.216103475939942,0.1226154279552762,0.1138112610750678,0.0047290640394088,0.0011831694150706,0.1525424817705823,0.2433628790545369,0.0446511627906976,0.141741217543094,0.0086021505376344,0.0026927823815095,0.3450421821729676,0.645509066110398,0.354490933889602,0.3712624363180496,0.0016467682173734,1.0,1.0,0.2355442176870748,-0.269999999999996,0
1,191786219.25,0.2254250304056631,0.1276978522094751,0.118670812141689,0.0110344827586206,0.0005915847075353,0.1598920689987472,0.2547971798235789,0.0612790697674418,0.1426954687613645,0.0190860215053763,0.0012822773245283,0.3496173149482818,0.6280788671373556,0.3719211328626444,0.3609310679007406,0.0032935364347468,1.0,0.0,0.4804421768707483,-0.3800000000000096,0
1,191786219.25,0.2365488585269526,0.1382357226814839,0.1284761784950488,0.0220689655172413,0.0236633883014124,0.1735119334425492,0.271948630977142,0.0511627906976744,0.154332678740272,0.035752688172043,0.0488547660645306,0.3548649371194854,0.6351091142490373,0.3648908857509628,0.3649409191539302,0.0197612186084808,1.0,1.0,0.5433673469387755,-0.4200000000000017,0
1,191786219.25,0.2486065085494892,0.1429451249720719,0.1328612763510235,0.0378325123152709,0.0473267766028248,0.1820950178278886,0.2770684671423847,0.0532558139534883,0.1570790602952942,0.0596774193548387,0.0950167497475516,0.3619646612334669,0.6281590982028242,0.3718409017971759,0.3618824073333155,0.038699053108275,0.8510000000000001,1.0,0.4821428571428572,-0.4399999999999977,0
1,191786219.25,0.2623728367382308,0.1505299048988275,0.1399061876606222,0.0599014778325123,0.0467351918952895,0.195046737978221,0.2954998773372586,0.0503488372093023,0.163153683904284,0.0905913978494623,0.0897594127169853,0.3709385361228782,0.6240572849807446,0.3759427150192554,0.3610021960826153,0.0436393577603952,0.7636666666666667,0.3640310786106033,0.5195578231292517,-0.4599999999999937,0
1,191786219.25,0.2764220018120253,0.1662434551159379,0.1544992182305052,0.1071921182266009,0.0786807661021962,0.184253637852944,0.2745938796625174,0.0632558139534883,0.1889882900574587,0.1486559139784946,0.1387424065139688,0.3215822242311159,0.6630696405648268,0.3369303594351733,0.3833897913276964,0.0741045697818032,0.901,1.0,0.3052721088435374,-0.5,0
1,191786219.25,0.2920901324046736,0.177838221151511,0.1653110004852362,0.1450246305418719,0.1242327885824151,0.1677556133757347,0.2382430428892942,0.0943023255813953,0.2076078260237108,0.1897849462365591,0.2065748769815192,0.2760293359718437,0.6864971116816432,0.3135028883183569,0.4093160136210468,0.1119802387813915,0.6103333333333334,0.9042504570383912,0.2457482993197279,-0.5599999999999739,0
1,191786219.25,0.3055300541035052,0.1757555151880167,0.1632837913124741,0.1450246305418719,0.186940767581158,0.1702740034049661,0.2332938679295595,0.1080232558139534,0.2006022256164085,0.1916666666666666,0.314029716776996,0.2830849624205209,0.6702603498074454,0.3297396501925545,0.4075289180514435,0.1515026759983532,0.375,0.8366087751371115,0.4243197278911564,-0.4899999999999807,0
1,191786219.25,0.3074630688332558,0.1850033513692043,0.1718670812141689,0.4114285714285714,0.1703763957701693,0.2095917252899039,0.2865401640480838,0.1054651162790697,0.1971576114626518,0.5198924731182796,0.2736379810543525,0.3330917148755206,0.6295932284980745,0.3704067715019255,0.3940856916771136,0.2033758748456155,1.0,0.2936471663619744,0.7916666666666667,-0.5099999999999909,0
1,191786219.25,0.3157538931293618,0.2023955004225639,0.1879409808960696,0.6463054187192118,0.1715595651852399,0.2174038739520092,0.2862841722398216,0.1120930232558139,0.2183373336242636,0.7540322580645161,0.2544038211864271,0.3190576328924486,0.6436136071887035,0.3563863928112966,0.401643061001307,0.2593659942363112,0.7556666666666667,0.3813985374771481,0.461734693877551,-0.5,0
1,191786219.25,0.3370220203522807,0.2288956024207571,0.2124543967794691,0.9127093596059114,0.270945796051172,0.2352381870161575,0.2862841722398216,0.1830232558139534,0.2357465997527093,0.953763440860215,0.3598070172626585,0.3091687314479744,0.6220314505776637,0.3779685494223364,0.3832208618957438,0.38452037875669,0.6496666666666667,0.9042504570383912,0.5382653061224489,-0.5,0
1,191786219.25,0.3483654331254202,0.2487279368194049,0.2307424114443865,1.0,0.3750647045773866,0.2598053387298834,0.2950732243234883,0.2590697674418605,0.2390981162266347,1.0,0.462004520027569,0.3166873833823461,0.5849245827984596,0.4150754172015404,0.3608955038098032,0.5212021407986825,0.597,0.7260054844606947,0.5756802721088436,-0.4600000000000079,0
1,191786219.25,0.3483654331254202,0.242510904092556,0.22502021817659,1.0,0.3579087480588626,0.2933153448331245,0.3234029844378313,0.2609302325581395,0.2142410357116881,1.0,0.4511051627690779,0.3658562801965654,0.5363145860077022,0.4636854139922978,0.3338934677655971,0.644709757101688,0.6883333333333334,0.3329524680073126,0.6181972789115646,-0.4799999999999897,0
1,191786219.25,0.3483654331254202,0.2471581360558755,0.2293190518124472,1.0,0.30525770908822,0.3344833124538241,0.326560216739731,0.2660465116279069,0.2015332024147211,1.0,0.3781435830034141,0.4100752140803846,0.4958079268292683,0.5041920731707318,0.3093542450188045,0.92630712227254,0.873,0.2406307129798903,0.636904761904762,-0.4799999999999897,0
1,191786219.25,0.3483654331254202,0.2783520977628396,0.2581744334417627,1.0,0.339569622125268,0.428486074973499,0.3357759218371679,0.2756976744186046,0.2037442723107135,1.0,0.3773742166086971,0.4712607246900073,0.4493741976893453,0.5506258023106547,0.2852329003405262,1.0,0.939,0.4773765996343693,0.8767006802721089,-0.4799999999999897,0
2,26598328.0,0.0160554388917918,0.0061859475632145,0.0057221932677964,0.0,0.0,0.0839292024027496,0.1379795846532911,0.0,0.0074012655465852,0.0,0.0,0.903759601577594,0.1778522143774069,0.822147785622593,0.1025223831497337,0.0,0.375,0.375,0.5484693877551021,0.0,1
2,26964610.0,0.0164584244076119,0.0075070670176699,0.0069442697194615,0.0,0.0,0.0913301853457967,0.1502671914498736,0.0,0.0060280747690741,0.0,0.0,0.94320496319223,0.1419688703465982,0.8580311296534018,0.0819841206333964,0.0,0.375,0.375,0.5484693877551021,0.0,1
2,27288211.0,0.0186657049495271,0.0094032619993588,0.0086983088618514,0.0,0.0,0.0936943882303812,0.1539364073682975,0.0,0.007796930685868,0.0,0.0,0.9139351378465458,0.168595555198973,0.8314044448010269,0.1008241978074737,0.0,0.375,0.375,0.4430272108843537,0.0,1
2,27580485.0,0.0205286095436573,0.0108642646901683,0.0100497816436928,0.0,0.0,0.0962641739744948,0.1581176069032457,0.0,0.0088210051640119,0.0,0.0,0.9005073987614071,0.1808107349165597,0.8191892650834404,0.1066122536075324,0.0,0.375,0.375,0.4447278911564626,0.0,1
2,27852190.0,0.022833839749321,0.0129158854900284,0.0119475944862786,0.0,0.0,0.090816228196974,0.1494992160250872,0.0,0.0143603171139719,0.0,0.0,0.8033051200145523,0.2692353979460847,0.7307646020539154,0.1549260711459639,0.0,0.375,0.375,0.3018707482993197,0.0,1
2,28101175.0,0.0258068842089528,0.0148587082171687,0.0137447657387272,0.0,0.0,0.0947223025280267,0.1542777297793137,0.0,0.0155007636919048,0.0,0.0,0.7967896899658521,0.2751624679075738,0.7248375320924263,0.1549260711459639,0.0,0.375,0.375,0.4719387755102041,0.0,1
2,28324488.0,0.0295161174250768,0.0177496284351534,0.0164189565623708,0.0,0.0,0.1030484083389547,0.168101287425469,0.0,0.0160593497708924,0.0,0.0,0.8078912772061925,0.2650633825417202,0.7349366174582799,0.1486845731864536,0.0,0.375,0.375,0.5484693877551021,0.0,1
2,28530704.0,0.0340298489080519,0.0217440719621538,0.0201139406574052,0.0,0.0,0.1026372426198965,0.1668213283841584,0.0,0.0222270710597134,0.0,0.0,0.7355711061072511,0.3308528562259307,0.6691471437740693,0.1811901523032194,0.0,0.375,0.375,0.3920068027210884,0.0,1
2,28719038.0,0.0390739486296155,0.0256297174164343,0.0237082831623025,0.0,0.0,0.1002216440204298,0.162469467643702,0.0,0.0291395737871845,0.0,0.0,0.6628981536858759,0.3969632541720154,0.6030367458279846,0.2164519484676322,0.0,0.375,0.375,0.3579931972789116,0.0,1
2,28896819.0,0.0395822942376969,0.0263913039254733,0.0243265100731448,0.0,0.0,0.102534451190132,0.1663093447676341,0.0,0.0292326714670157,0.0,0.0,0.6680906537754493,0.3922396501925546,0.6077603498074454,0.2128866483511598,0.0,0.375,0.375,0.4379251700680272,0.0600000000000022,2
2,29086021.0,0.0444744440302412,0.0310074507251585,0.0285247021188649,0.0,0.0,0.1064405255211846,0.1710025279191065,0.0,0.0343763182776929,0.0,0.0,0.6361529196788589,0.421293324775353,0.578706675224647,0.2288015790456375,0.0,0.375,0.375,0.4634353741496599,0.1099999999999994,2
2,29304083.0,0.0484832094812551,0.0361986730520773,0.0334992721456427,0.0,0.0,0.114458257042819,0.1842287713459836,0.0,0.038519165030184,0.0,0.0,0.6258340659976684,0.4306803594351733,0.5693196405648268,0.2318511998435179,0.0,0.375,0.375,0.5263605442176871,-0.0100000000000051,0
2,29550367.0,0.0526780958709303,0.0373332815247272,0.0345344427870531,0.0094581280788177,0.0,0.1134817384600558,0.1821808368798865,0.0,0.040660411666303,0.0403225806451612,0.0,0.6091541240963425,0.4458540596919127,0.5541459403080874,0.2416579979195007,0.0024701523260601,0.375,0.375,0.3835034013605442,0.0,1
2,29817908.0,0.0569224217261567,0.0428508980698056,0.0396384091440073,0.0315270935960591,0.0,0.1206257428286916,0.1903725747442748,0.0,0.045687686377191,0.1236559139784946,0.0,0.5946790654602282,0.4590219833119384,0.5409780166880617,0.2482729188338534,0.0074104569781803,1.0,0.375,0.5059523809523809,0.0,1
2,30115825.0,0.0587508507592961,0.0463013512332067,0.0428158079183365,0.0315270935960591,0.015381202395918,0.1230927371430406,0.1894339381139803,0.0,0.0497374354498509,0.1174731182795698,0.0729615797656638,0.5773817562446429,0.4747573010269577,0.5252426989730423,0.2524072444053239,0.0172910662824207,0.375,0.375,0.4328231292517007,0.009999999999998,2
2,30457598.0,0.0613065404976589,0.0502491670147557,0.0464101504232338,0.0362561576354679,0.0354950824521186,0.1308020943753814,0.2023188591298411,0.0,0.0521579751254636,0.1279569892473118,0.1593870714388754,0.5812513263750893,0.4712371630295251,0.528762836970475,0.2489753096298667,0.0304652120214079,0.475,1.0,0.5059523809523809,0.0500000000000042,2
2,30866497.0,0.064514161398157,0.0554714745053087,0.0512840788598745,0.0378325123152709,0.0627079789987428,0.1337316501236709,0.2061587362537732,0.0,0.0586515382936941,0.125,0.2632515347256728,0.5555975095843521,0.4945743741976894,0.5054256258023107,0.2624541000951339,0.0477562783038287,0.4036666666666667,1.0,0.4362244897959184,0.0200000000000031,2
2,31324639.0,0.0666389733372145,0.0571500733415579,0.0528943443020685,0.0457142857142857,0.0632995637062781,0.1587613632713372,0.2479707316032553,0.0,0.0498305331296821,0.1478494623655914,0.2603022968792575,0.6460748943723111,0.4122673299101412,0.5877326700898589,0.2184879926737972,0.0502264306298888,0.5136666666666667,0.3832266910420475,0.7168367346938775,-0.019999999999996,0
2,31897590.0,0.0700781449740358,0.0601187064686282,0.05564042197581,0.1182266009852216,0.0887377061302965,0.1716102919919051,0.2621356116604268,0.0,0.048457342352171,0.3690860215053763,0.3521133533154883,0.6739335944282601,0.3869243421052632,0.6130756578947368,0.2019062352742436,0.0831617949773569,1.0,0.7424588665447898,0.5365646258503401,-0.0200000000000031,0
2,32449302.0,0.0720859530739351,0.0636157873774807,0.058932839710296,0.1229556650246305,0.0976114767433261,0.1769554463396614,0.2683647456614721,0.0,0.0512735471670667,0.3688172043010753,0.3719886518456779,0.6674402132122119,0.3928313543003851,0.6071686456996149,0.2053648431179038,0.0897488678468505,0.4016666666666666,0.4664076782449726,0.451530612244898,-0.0600000000000022,0
2,32838577.0,0.061961518493003,0.0575852656324373,0.0533256654026562,0.1245320197044335,0.1070768320638911,0.1728951848639619,0.2602583383998378,0.0,0.0440817514001018,0.4008064516129032,0.4380259340588886,0.6998740460434749,0.3633263799743261,0.636673620025674,0.190196758333111,0.0963359407163441,0.3836666666666666,0.4636654478976234,0.3596938775510204,-0.0399999999999991,0
2,33155883.0,0.073046088231032,0.0638022983592862,0.0590766134104918,0.1261083743842364,0.1076684167714264,0.1803475635218913,0.2721192921826502,0.0,0.0500167284893446,0.3774193548387096,0.409559377454359,0.6787953620280518,0.3825016046213094,0.6174983953786907,0.2001991589092493,0.0971593248250308,0.3836666666666666,0.3804844606946984,0.4719387755102041,-0.0399999999999991,0
2,33475436.0,0.0755548697874485,0.0683251896680687,0.0632604280861923,0.1324137931034482,0.1141758485543148,0.170068420545437,0.2536878819877764,0.0,0.0614444686886319,0.3768817204301075,0.4131497539630384,0.6090108066841037,0.4459844351732991,0.5540155648267009,0.2329981417762485,0.1029230135858377,0.4083333333333333,0.4298446069469835,0.3018707482993197,-0.0399999999999991,0
2,33845616.0,0.0755548697874485,0.0698328201043295,0.0646406556080729,0.1324137931034482,0.1141758485543148,0.1701198162603193,0.2536878819877764,0.0,0.0636788130045821,0.3709677419354838,0.4066101396079437,0.5994857109783895,0.4546493902439025,0.5453506097560976,0.2365189867790491,0.1029230135858377,0.375,0.375,0.3988095238095238,-0.0300000000000011,0
2,34217850.0,0.0755548697874485,0.0673770921772242,0.0623690311449778,0.1497536945812808,0.1236412038748798,0.1831743278404163,0.2730579288129446,0.0,0.0540897519819623,0.4306451612903226,0.4520027568962477,0.6626886897756807,0.3971538029525033,0.6028461970474968,0.2071430476647729,0.1128036228900782,0.4623333333333333,0.4508683729433272,0.5297619047619048,-0.0300000000000011,0
2,34576673.0,0.0755548697874485,0.0691644890861933,0.0640224286972305,0.2884729064039409,0.1248243732899504,0.1977193151520991,0.2891000821307052,0.0,0.0501796494290493,0.8139784946236559,0.4476430139928514,0.7017040991536005,0.3616615853658537,0.6383384146341463,0.188934233104834,0.1457389872375463,0.9923333333333332,0.3841407678244972,0.5331632653061225,-0.0300000000000011,0
1,79625401.0,0.0715261981237617,0.0456330202150704,0.0422119583775137,0.0,0.0,0.0998618740162538,0.0665578701481552,0.0,0.0592566732125973,0.0,0.0,0.4728592650572857,0.5698411424903723,0.4301588575096278,0.3933921919038347,0.0,0.375,0.375,0.233843537414966,0.0,1
1,81401488.0,0.0749693478291413,0.0483529720330668,0.0447279981309419,0.0,0.0,0.0901480839035045,0.060584727955372,0.0,0.067728562077242,0.0,0.0,0.4109792162191214,0.6261332637997433,0.3738667362002568,0.427044712953331,0.0,0.375,0.375,0.233843537414966,0.0,1
1,83068889.0,0.0792454384868902,0.050544476069281,0.0467552073037039,0.0,0.0,0.0887603996016832,0.0599874137360937,0.0,0.0716386646301549,0.0,0.0,0.3928881490280599,0.6425906611039794,0.3574093388960205,0.3924853075849315,0.0,0.375,0.375,0.3732993197278912,0.0,1
1,84731836.0,0.0850469460196359,0.0575075527233517,0.0531962690724799,0.0,0.0,0.0909190196267386,0.0671551843674335,0.0,0.0810880791330278,0.0,0.0,0.3683808715352327,0.6648848684210527,0.3351151315789474,0.3821895032585598,0.0,0.375,0.375,0.439625850340136,0.0,1
1,86394510.0,0.0929802596264138,0.0621703272684883,0.0575094800783566,0.0,0.0,0.0969837139828466,0.0732989877657248,0.0,0.0853240235653502,0.0,0.0,0.3718866359269192,0.6616956835686778,0.3383043164313222,0.3866883607621384,0.0,0.375,0.375,0.5127551020408163,0.0,1
1,88015959.0,0.0993379017308053,0.063149509922967,0.0584152543895907,0.0,0.0011831694150706,0.0941055539494394,0.0715923757106439,0.0,0.0880936795403302,0.0,0.0044879706358492,0.3568272832255237,0.6753951379974326,0.3246048620025674,0.3760013514354556,0.0008233841086867,0.375,0.375,0.3477891156462585,0.0,1
1,89508992.0,0.1065885611119863,0.0634759041411266,0.0587171791600021,0.0,0.0029579235376765,0.1051556326491278,0.0848186191375209,0.0,0.0835784420685141,0.0,0.0112840404558495,0.397253817893179,0.6386192233632864,0.3613807766367137,0.3571434922159096,0.0016467682173734,0.375,1.0,0.5977891156462585,0.0,1
1,91075180.0,0.1160543070022999,0.0678899973771893,0.0628003522455654,0.0,0.0035495082452118,0.0968295268381998,0.0730429959574627,0.0,0.0939588333696996,0.0,0.0129510009777364,0.3483715559034372,0.6830872913992299,0.3169127086007702,0.3791576645061481,0.0024701523260601,0.375,0.5578153564899452,0.2644557823129252,0.0,1
1,92699091.0,0.1228673197818034,0.0697551071952439,0.0645256366479161,0.0,0.0035495082452118,0.1059779640872442,0.0839653131099804,0.0,0.0926089170121463,0.0,0.0126945455128307,0.3737607867023491,0.6599907734274711,0.3400092265725289,0.3604064975594143,0.0024701523260601,0.375,0.375,0.5586734693877551,0.0,1
1,94384256.0,0.1256652043100322,0.0714647911951274,0.066107147350071,0.0,0.0035495082452118,0.103665156917542,0.0835386600962102,0.0,0.0962164521056077,0.0,0.0124380900479251,0.3591093374050178,0.673319159178434,0.3266808408215661,0.3695375779075867,0.0024701523260601,0.375,0.375,0.3613945578231293,0.0,1
1,96337127.0,0.1380475140397323,0.0804950312308753,0.0744603993314523,0.0,0.0035495082452118,0.0915357682053258,0.0665578701481552,0.0,0.1152316532111426,0.0,0.0114122681883024,0.2898980517100248,0.736280487804878,0.2637195121951219,0.4257910787477883,0.0024701523260601,0.375,0.375,0.1998299319727891,0.0,1
1,98248614.0,0.1451467847043639,0.0827020778489067,0.0765019858742339,0.0,0.0053242623678177,0.1018663068966624,0.0827706846714238,0.0,0.1138584624336315,0.0,0.0166696052188687,0.3159818207374784,0.7125521501925546,0.2874478498074454,0.4154241462395419,0.0032935364347468,0.375,0.8320383912248629,0.5909863945578232,0.0,1
1,100175511.0,0.1565257510800865,0.0885150034485103,0.0818791222615603,0.0,0.0047326776602824,0.1065947126658314,0.0874638678228963,0.0,0.1204218488617354,0.0,0.0141050505698119,0.3136887421416583,0.714638157894737,0.2853618421052631,0.426351213180052,0.0032935364347468,0.375,0.2735374771480804,0.4770408163265306,0.0,1
1,102076334.0,0.1684320298297376,0.0921519675937169,0.0852434268461442,0.0,0.0041410929527471,0.1021232854710738,0.0855012639595532,0.0,0.127892937668194,0.0,0.0119251791181137,0.2911768840038475,0.735117137355584,0.2648828626444159,0.4483120393338846,0.0024701523260601,0.375,0.2607404021937842,0.3273809523809524,0.0,1
1,103767127.0,0.1803833589837853,0.0952604839571413,0.088118900850062,0.0031527093596059,0.0088737706130296,0.1016607240371334,0.0779921709171973,0.0,0.1327572914393774,0.0069892473118279,0.0248761800958502,0.282357350943001,0.7431402439024392,0.2568597560975609,0.4544112809296453,0.0065870728694936,0.375,1.0,0.3903061224489796,0.0,1
1,105312988.0,0.1930933824100034,0.1032959987565934,0.0955520011501896,0.0220689655172413,0.0443688530651482,0.1076226269634769,0.0738963019850031,0.0,0.1420903338424613,0.0456989247311828,0.1166872365320809,0.2801634920941155,0.7451359916559692,0.2548640083440308,0.4614707529807153,0.0329353643474681,1.0,1.0,0.4991496598639456,0.0,1
1,106735721.0,0.2083158060273575,0.1163362249011589,0.1076146145966249,0.1733990147783251,0.0579753013384603,0.1129677813112331,0.0692031188335306,0.0,0.1591970325114554,0.3258064516129031,0.1383577233166103,0.2669011192538675,0.7572007381258025,0.2427992618741977,0.4751718190143412,0.07739810621655,1.0,0.6556215722120657,0.483843537414966,0.0,1
1,108119691.0,0.2241291019923556,0.1218849266098714,0.1127473356936182,0.1891625615763546,0.0644827331213488,0.1190838713822235,0.0820027092466374,0.0,0.1647363444614154,0.3419354838709677,0.1481030309830258,0.2707045428863576,0.7537407734274711,0.2462592265725288,0.4754563317418402,0.0848085631947303,0.4356666666666666,0.4773765996343693,0.4906462585034014,0.0,1
1,109465284.0,0.2395990133158373,0.1302468356274831,0.1204823607641572,0.1970443349753694,0.0680322413665606,0.1198034113905752,0.0800401053832944,0.0,0.1769321405193105,0.3368279569892473,0.1478465755181202,0.2576516339563047,0.7656149711168165,0.2343850288831835,0.4860188667502422,0.0889254837381638,0.403,0.4252742230347349,0.4090136054421769,0.0,1
1,110804685.0,0.2554739339102103,0.1400231195904529,0.1295257265064788,0.1970443349753694,0.0615248095836722,0.1132761556005268,0.0685204740114983,0.0,0.1945276020074187,0.3169354838709677,0.1257914055362323,0.2291645421697705,0.7915296052631579,0.2084703947368421,0.5040409698327597,0.0848085631947303,0.375,0.2872486288848263,0.3069727891156463,0.0,1
1,112081270.0,0.229269802024287,0.1333708945727247,0.1233722121380946,0.2159605911330049,0.0609332248761369,0.1110147441457068,0.0613527033801585,0.0,0.1855902247436177,0.3618279569892473,0.1297664652422702,0.2340373341858882,0.7870968388960206,0.2129031611039794,0.5095178398371164,0.0889254837381638,0.439,0.3658592321755027,0.364795918367347,0.0,1
1,113100947.0,0.2434763820895417,0.1396034698813907,0.1291375375159499,0.2317241379310344,0.0757228425645197,0.120317368539398,0.0784188239309675,0.0,0.190710597134337,0.3736559139784945,0.1551555562679318,0.2440254553772969,0.7780106707317073,0.2219893292682927,0.5101846665421923,0.1020996294771511,0.4236666666666667,0.5971206581352834,0.5416666666666667,0.0,1
1,113964343.0,0.2634856080035814,0.1486026247535043,0.137462034757292,0.2868965517241379,0.0627079789987428,0.1270502071889756,0.0860985781788316,0.0,0.2011375372754382,0.4387096774193548,0.1218163458301944,0.2443010657854483,0.7777599486521182,0.2222400513478819,0.5127986272260897,0.1070399341292713,0.5336666666666667,0.2177787934186471,0.494047619047619,0.0,1
1,114891199.0,0.2634856080035814,0.1566536821347736,0.1449095124274392,0.2868965517241379,0.0798639355172668,0.1285406829205615,0.0860985781788316,0.0,0.2125187286348098,0.4190860215053763,0.1483594864479315,0.2362091442021216,0.7851211489088575,0.2148788510911425,0.5248993091675335,0.1177439275421984,0.375,0.6254570383912248,0.41921768707483,0.0,1
1,115843663.0,0.2634856080035814,0.1682173630067124,0.1556062757220135,0.3278817733990148,0.0887377061302965,0.1306479072307346,0.0860985781788316,0.0,0.2288806458651539,0.450268817204301,0.1548991008030261,0.2256918510270622,0.7946887034659822,0.205311296534018,0.5298871729215011,0.132564841498559,0.4703333333333333,0.4764625228519196,0.4260204081632653,0.0,1
1,116786960.0,0.2634856080035814,0.1665853919159146,0.1540966518699567,0.4729064039408867,0.0863713673001552,0.1475057017121197,0.1083698654976374,0.0,0.2188028220234199,0.6551075268817204,0.1520780906890637,0.2569901689767412,0.7662167041078305,0.2337832958921694,0.5001555928978509,0.1655002058460271,0.6696666666666666,0.3503199268738574,0.6181972789115646,0.0,1
0,38258077.0,0.1164642951532514,0.1977638110410615,0.1737792714267743,0.0,0.0,0.0119752015675693,0.0180047571811035,0.0,0.3268659538875555,0.0,0.0,0.0179367253624965,0.9836830070603338,0.0163169929396662,0.8258426466796475,0.0,0.375,0.375,0.7270408163265307,6.3700000000000045,2
0,38247359.0,0.1195015704093784,0.1986031104591861,0.1740380640871269,0.0,0.0005915847075353,0.0142880087372715,0.0198820304416925,0.0,0.3270754236671758,0.0,0.0008975941271698,0.0213212211745964,0.9806041399229782,0.0193958600770218,0.8213615712215374,0.0,0.375,0.375,0.7270408163265307,6.72999999999999,2
0,38229407.0,0.1236902346508952,0.1966913728956801,0.1717808169940513,0.0,0.0035495082452118,0.0142366130223892,0.0194553774279223,0.0,0.3242359444323224,0.0,0.0053855647630191,0.021431465337857,0.9805038510911426,0.0194961489088575,0.8178496172414712,0.0024701523260601,0.375,1.0,0.3920068027210884,7.070000000000022,2
0,38203527.0,0.1301787491876834,0.2083793944221559,0.1781499919127293,0.0,0.0070990164904237,0.0115640358485111,0.0142502106599255,0.0,0.3429485780784058,0.0,0.0102582185962269,0.0165366244890872,0.984956675224647,0.015043324775353,0.8215749557671618,0.0041169205434335,0.375,1.0,0.0790816326530612,10.159999999999997,2
0,38167568.0,0.1394198104935374,0.2123116676218878,0.1830382977193897,0.0,0.0082821859054943,0.0164466287623269,0.0177487653728414,0.0,0.3466259364317405,0.0,0.0117969513856609,0.0231292254520699,0.978959403080873,0.021040596919127,0.8139820223520311,0.0049403046521202,0.375,0.5276508226691042,1.0,9.289999999999992,2
0,38124377.0,0.1465470339612283,0.2165858776215964,0.1842603741710547,0.0,0.0082821859054943,0.0197873502296746,0.0187727326058899,0.0,0.3515135646228817,0.0,0.0115404959207552,0.0273295280722981,0.9751383985879332,0.0248616014120667,0.8059801018911205,0.0049403046521202,0.375,0.375,0.7440476190476191,11.189999999999998,2
0,38071169.0,0.1584838092406717,0.2249944143846594,0.1923260787520443,0.0,0.015381202395918,0.0220487616844945,0.0174074429618252,0.0,0.3630809513419158,0.0,0.0207728926573594,0.0294351915905752,0.9732228818998716,0.0267771181001283,0.8056778071181526,0.0098806093042404,0.375,1.0,0.592687074829932,10.98999999999998,2
0,38020420.0,0.1728720736648049,0.2216061315485268,0.1973006487788221,0.0,0.0307624047918361,0.0279078731810735,0.0200526916472006,0.0,0.3553538439159212,0.0,0.0420586962445302,0.0377586259167491,0.9656510750962772,0.0343489249037227,0.7999164243862971,0.0189378344997941,0.375,1.0,0.8511904761904763,5.350000000000023,2
0,37995902.0,0.1829421686660288,0.2153580136580437,0.198249555200115,0.0,0.049693115432966,0.0339725675371815,0.0183460795921197,0.0,0.3432511455378573,0.0,0.0697558864543429,0.0471624530428767,0.9570964377406932,0.0429035622593068,0.7937549456313959,0.0312885961300946,0.375,0.9371572212065814,0.7678571428571429,0.6699999999999875,2
0,38002153.0,0.1925072622066185,0.2097005138766113,0.190830832270007,0.0,0.0638911484138134,0.044662876232694,0.0203086834554627,0.0,0.3299381773219871,0.0,0.0918110564362307,0.0635006380380948,0.9422336328626444,0.0577663671373555,0.781574244485343,0.0403458213256484,0.375,0.6364259597806217,0.9345238095238096,2.190000000000026,2
0,38095356.0,0.2022900740021389,0.2188861797305305,0.2005355570332297,0.0,0.0982030614508614,0.0559185377919115,0.0249165360041812,0.0,0.3385962615462943,0.0,0.1357931686675536,0.0765094493028435,0.9303995507060334,0.0696004492939666,0.7711006197042845,0.0617538081515026,0.375,0.8658592321755028,0.8273809523809524,1.3500000000000227,2
0,38208644.0,0.2155841682315815,0.2283671546389749,0.2037129558075589,0.0,0.1893071064112992,0.0674825736404227,0.0198820304416925,0.0,0.3475569132300532,0.0,0.2519674942698232,0.0888788444206807,0.9191471437740694,0.0808528562259306,0.7610181999235371,0.1185673116508851,0.375,1.0,0.7508503401360545,5.240000000000009,2
0,38247867.0,0.2192219569600318,0.2262067357663949,0.2051650701795374,0.0,0.2810027360792723,0.0867559667212746,0.0174074429618252,0.0,0.3355938613717362,0.0,0.3772459888762443,0.1152382238562857,0.8951680840821566,0.1048319159178433,0.7424359624087558,0.1762041992589543,0.375,0.8174131627056673,0.8852040816326532,2.8400000000000034,2
0,38259267.0,0.2212696334538082,0.2297815295843331,0.2060564671207519,0.0,0.3549508245211861,0.0876810895891554,0.020820667071987,0.0,0.340528038402793,0.0,0.4696981839747391,0.1148303204522215,0.8955391527599488,0.1044608472400513,0.744605371955936,0.2223137093454096,0.375,0.6154021937842779,0.4175170068027211,4.52000000000001,2
0,38265113.0,0.2305208149867948,0.2213419076576357,0.2078680157432202,0.0015763546798029,0.4543370553871181,0.1020204940413093,0.0186020714003818,0.0,0.321396465197469,0.0016129032258064,0.6219045023962557,0.1382020830634648,0.8742779204107831,0.1257220795892169,0.727579063419665,0.284890901605599,0.375,0.6309414990859232,0.6777210884353742,-2.170000000000016,0
0,38266314.0,0.2414947485370964,0.2305897438388234,0.2128282083999784,0.0094581280788177,0.6424609923833468,0.1166168770678744,0.0156155003039902,0.0,0.3286348098043495,0.0099462365591397,0.8475853115132477,0.1522471894628629,0.8615011232349166,0.1384988767650834,0.7116018955660469,0.4042815973651709,1.0,0.7534277879341864,0.6420068027210885,0.3300000000000125,2
0,38263260.0,0.2492132172889165,0.2332319827477341,0.2186222885178729,0.0189162561576354,0.7448051467869554,0.1172336256464617,0.0182607489893656,0.0,0.3323121681576843,0.0193548387096774,0.97247912292231,0.1514865047363648,0.8621931161745828,0.1378068838254172,0.7048802823788819,0.4709757101687937,1.0,0.5203382084095064,0.407312925170068,-2.0,0
0,38254964.0,0.2630424564792395,0.2393091322382289,0.2246607839261003,0.0267980295566502,0.8820527989351474,0.1240178600109215,0.0218446343050355,0.0,0.3383402429267584,0.0268817204301075,1.0,0.1565687606626777,0.8575698010269577,0.1424301989730423,0.6933130618014989,0.5590778097982709,0.653,0.5431901279707495,0.4974489795918367,-2.289999999999992,0
0,38241070.0,0.2798602722538423,0.238563088311007,0.2288589759718204,0.0472906403940886,0.757228425645197,0.1111175355754714,0.0168101287425469,0.0,0.3430649501781949,0.0475806451612903,0.968760518681178,0.1406715523205018,0.8720314505776636,0.1279685494223363,0.6963982466903167,0.4857966241251544,0.885,0.2452010968921389,0.221938775510204,-5.689999999999998,0
0,38225884.0,0.2931969227866085,0.2289111450025742,0.227018672609313,0.1119211822660098,0.8938844930858536,0.1308534900902637,0.0167247981397928,0.0,0.3196741581205906,0.1169354838709677,1.0,0.1719698702701809,0.8435594512195123,0.1564405487804878,0.6631902767775376,0.586249485384932,1.0,0.5395338208409506,0.7015306122448981,-10.620000000000005,0
0,38171005.0,0.2868732619453915,0.2194767978395811,0.2221016120626134,0.3089655172413793,0.93470383790579,0.1450901031126529,0.0180900877838575,0.0,0.2990995708778821,0.3352150537634408,1.0,0.1980426148813084,0.8198411424903723,0.1801588575096277,0.6335120428902935,0.6578839028406752,1.0,0.4170475319926874,0.5841836734693878,-13.269999999999982,0
0,38040303.0,0.3078760818129378,0.2531109448918333,0.235415056700753,0.6195073891625617,0.9601419803298084,0.1570653046802222,0.0199673610444465,0.0,0.344042475816423,0.5908602150537634,1.0,0.1884403482613117,0.8285762997432606,0.1714237002567394,0.6495870119939896,0.746809386578839,1.0,0.3996800731261426,0.5399659863945578,-0.8900000000000148,0
0,38385734.0,0.3238489245771874,0.252815635837308,0.2314469025753464,1.0,1.0,0.1937104493912819,0.0168101287425469,0.0,0.3270056004073024,1.0,1.0,0.2326482577288049,0.7883604781771503,0.2116395218228498,0.6283552497043734,1.0,1.0,0.57518281535649,0.7950680272108844,1.6800000000000068,2
0,38762847.0,0.3238489245771874,0.2324859388205123,0.2204338371403411,1.0,1.0,0.2357007484500979,0.0205646752637248,0.0,0.2775474579969453,1.0,1.0,0.3054535031460929,0.7221297336328628,0.2778702663671373,0.5556266837374302,1.0,0.5996666666666667,0.5779250457038392,0.7678571428571429,-3.7399999999999807,0
0,38539209.0,0.3238489245771874,0.2427440428198129,0.2273781068598027,1.0,1.0,0.2755324274838585,0.0180047571811035,0.0,0.2748708997017965,1.0,1.0,0.3433774953077328,0.6876303754813864,0.3123696245186136,0.5178398371164634,1.0,0.7683333333333333,0.4398994515539305,0.6862244897959184,-1.9699999999999989,0
0,38140913.0,0.3238489245771874,0.2445158971469648,0.2276944090002337,1.0,1.0,0.2805692075423212,0.0145062024681876,0.0,0.2752432904211216,1.0,1.0,0.3473573096014398,0.6840099486521182,0.3159900513478819,0.5004312146026156,1.0,0.4463333333333333,0.3302102376599634,0.429421768707483,-1.0500000000000114,0
0,22046264.0,0.0242294183384656,0.0553626764325889,0.0502057761084053,0.0,0.0,0.0759628665959975,0.1261186308704788,0.0634883720930232,0.0719412320896065,0.0,0.0,0.3160259184027826,0.6063161906290115,0.3936838093709885,0.4338996914815111,0.0,0.375,0.375,0.4141156462585034,0.7000000000000028,2
0,21919916.0,0.0286752477733461,0.0584556502141962,0.0521898531711086,0.0,0.0,0.0766824066043493,0.1273132593090354,0.0633720930232558,0.0762702742017601,0.0,0.0,0.3071622876766318,0.6185113125802311,0.381488687419769,0.4434931050118694,0.0,0.375,0.375,0.4141156462585034,1.3099999999999952,2
0,21770020.0,0.0332695299336543,0.0598078548322858,0.0512265693797962,0.0,0.0,0.082490122386046,0.1369556174202425,0.0640697674418604,0.07552549276311,0.0,0.0,0.3251431107044327,0.6026757060333762,0.3973242939666239,0.435055524436976,0.0,0.375,0.375,0.528061224489796,2.8500000000000014,2
0,21593448.0,0.0372602677261545,0.0604606432686049,0.0529374764121273,0.0,0.0,0.0681507179338922,0.1131483792518639,0.0570930232558139,0.0843930467670376,0.0,0.0,0.2665593623477597,0.6677130134788191,0.332286986521181,0.4873169560694566,0.0,0.375,0.375,0.102891156462585,2.0800000000000054,2
0,21403215.0,0.0439768543641864,0.0629940841047958,0.0565749510270833,0.0,0.0,0.0848543252706305,0.1408808251469286,0.0645348837209302,0.0791330278565713,0.0,0.0,0.3223208601249618,0.6082216784338896,0.3917783215661103,0.4377939594391542,0.0,0.375,0.375,0.8154761904761905,1.1799999999999995,2
0,21213395.0,0.0482969590795073,0.0674392625044927,0.0582139712093165,0.0,0.0,0.1039221354919533,0.1724531481659253,0.0645348837209302,0.0771547021601571,0.0,0.0,0.3757231328083875,0.5643954589216945,0.4356045410783055,0.4127390573737697,0.0,0.375,0.375,0.7814625850340137,2.8999999999999986,2
0,21035732.0,0.0569308190475347,0.0724595164314232,0.0608881620329601,0.0,0.0,0.0943625325238508,0.156666986656427,0.0654651162790697,0.0888151865590225,0.0,0.0,0.3235445703371543,0.615422416559692,0.3845775834403081,0.448658789220524,0.0,0.375,0.375,0.2423469387755102,4.270000000000003,2
0,20870714.0,0.0652173961688786,0.070905258249711,0.0625846916952716,0.0,0.0,0.0822845395265169,0.1362729725982102,0.0896511627906976,0.087116153902102,0.0,0.0,0.286711995391794,0.6135670731707318,0.3864329268292683,0.4480897637655259,0.0,0.375,0.375,0.1811224489795918,2.0900000000000034,2
0,20718745.0,0.0749997538819331,0.0760343102493613,0.0642237118775048,0.0,0.0,0.0885034210272718,0.1467686367369577,0.1305813953488372,0.0837879118481344,0.0,0.0,0.2926872290405175,0.5600930680359436,0.4399069319640564,0.4194606705609345,0.0,0.375,0.375,0.528061224489796,4.25,2
0,20576922.0,0.0714442752752949,0.0647348532683135,0.0565749510270833,0.0,0.0005915847075353,0.0799203366419324,0.1325184260770322,0.1366279069767441,0.0695439668339515,0.0,0.0021798714516982,0.2976702652198958,0.5245908215661104,0.4754091784338896,0.3947169542912521,0.0,0.375,0.375,0.233843537414966,2.3000000000000043,2
0,20432575.0,0.0738272360530671,0.0691334039225591,0.0606868788526858,0.0,0.0183391259335946,0.1043333012110115,0.1696372382750418,0.1351162790697674,0.0653778456615026,0.0,0.065780826748305,0.3703983397229013,0.4701741014120668,0.5298258985879333,0.3545562046002151,0.0115273775216138,0.375,1.0,0.9175170068027212,2.270000000000003,2
0,20282009.0,0.0779026146653232,0.0712782802133219,0.0631885412360944,0.0,0.0822302743474081,0.0838778066878673,0.1256919778567086,0.1366279069767441,0.0775503672994399,0.0,0.2883841702864287,0.2911327863385433,0.5444780969191272,0.4555219030808729,0.4133169738515021,0.0518731988472622,0.375,1.0,0.0654761904761904,1.9099999999999968,2
0,20158451.0,0.0797840888396658,0.0662113985409401,0.0616070305339395,0.0015763546798029,0.1561783627893218,0.0767338023192316,0.1029940375241325,0.1333720930232558,0.0738497345261473,0.0045698924731182,0.5783070733622915,0.2811667139797868,0.5477274550706034,0.4522725449293966,0.409965058280654,0.0979827089337175,0.375,1.0,0.2542517006802721,-0.25,0
0,20062913.0,0.0800530426904829,0.0656674081773408,0.0578401595888072,0.0662068965517241,0.2673962878059601,0.1035623654877774,0.1276545817200516,0.1351162790697674,0.0605367663102771,0.1940860215053763,0.996073025693632,0.3817534885387412,0.4524530648267009,0.5475469351732991,0.3236421185528971,0.1827912721284479,1.0,1.0,0.9940476190476192,2.019999999999996,2
0,19968179.0,0.0841691800700158,0.076127565740264,0.0601692935319806,0.2553694581280788,0.3667825186718922,0.1393851787607208,0.160421533177605,0.135813953488372,0.0598385337115426,0.6706989247311828,1.0,0.4605339676047527,0.4006137676508344,0.5993862323491657,0.2945684742115885,0.2898312062577192,1.0,0.715036563071298,0.9872448979591838,7.130000000000003,2
0,19871018.0,0.0874563259657233,0.077277716794731,0.0618083137142138,0.3121182266009852,0.4176588035199289,0.1346053772766695,0.1419047923799771,0.1353488372093023,0.063818459524329,0.8107526881720429,1.0,0.439730893997481,0.4221858953786906,0.5778141046213094,0.3052021374018653,0.3351173322354879,0.523,0.5020566727605119,0.3409863945578231,6.729999999999997,2
0,19777049.0,0.0905223019208761,0.0750395850130654,0.0621965027047427,0.2868965517241379,0.3898543222657694,0.1386142430374867,0.1538510767655435,0.1312790697674418,0.0594661429922176,0.7618279569892473,1.0,0.4629813880291376,0.4025192554557125,0.5974807445442876,0.2841837596578734,0.3112391930835734,0.321,0.3137568555758683,0.4498299319727891,5.019999999999996,2
0,19689405.0,0.1074757492205646,0.0739826894495011,0.0642812213575831,0.2932019704433498,0.4383642682836648,0.1248401914490379,0.1236440433906115,0.1338372093023255,0.0636089897447087,0.7868279569892472,1.0,0.4214413873125505,0.4349526636713736,0.5650473363286265,0.3053799578565522,0.3433511733223549,0.3896666666666666,0.488345521023766,0.2304421768707483,2.890000000000001,2
0,19597874.0,0.1122527382100969,0.0748064462858086,0.065546429919307,0.2790147783251231,0.373881535162316,0.1346053772766695,0.1506938444636438,0.1323255813953488,0.0607229616699396,0.7427419354838709,1.0,0.4506450661602786,0.4119163189987163,0.5880836810012837,0.2865665537506779,0.2997118155619596,0.3429999999999999,0.2406307129798903,0.5314625850340137,2.539999999999992,2
0,19501542.0,0.1076299018652541,0.0665533353409168,0.0637492586668583,0.2805911330049261,0.4005028470014049,0.1265876457550351,0.1329450790908024,0.1311627906976744,0.0522277983853371,0.814247311827957,1.0,0.4620994347230529,0.3871048620025674,0.6128951379974327,0.2695935913508131,0.3170028818443804,0.379,0.4398994515539305,0.2967687074829932,-1.5200000000000031,0
0,19392467.0,0.1151497934892473,0.0610357187958384,0.060471218302392,0.2727093596059113,0.4111513717370405,0.1264848543252706,0.1312384670357215,0.1333720930232558,0.0435697141610299,0.8422043010752688,1.0,0.4914133577340416,0.3446124839537869,0.655387516046213,0.2241426831328407,0.3219431864965006,0.3563333333333333,0.3996800731261426,0.397108843537415,-2.789999999999999,0
0,19248159.0,0.1211858820820242,0.0662424837045743,0.0644393724277986,0.2679802955665024,0.3892627375582341,0.1353763129999036,0.1485605793947927,0.1311627906976744,0.0477823841733944,0.7803763440860214,1.0,0.495878246346095,0.355724486521181,0.6442755134788191,0.2349097116641327,0.3071222725401399,0.3636666666666667,0.3265539305301645,0.5178571428571429,-2.199999999999996,0
0,19166776.0,0.1210803847803272,0.0603052174504337,0.0575382348183958,0.3136945812807882,0.414109295274717,0.1213966785519257,0.1192921826501552,0.128953488372093,0.0456644119572332,0.9771505376344084,1.0,0.4756925400530826,0.3640785462130937,0.6359214537869063,0.2418536004196562,0.3334705640181144,0.489,0.4335009140767825,0.2236394557823129,-1.2199999999999989,0
0,19118482.0,0.1210803847803272,0.0637401280320177,0.0546196287044192,0.3515270935960591,0.4466464541891591,0.1457582474061225,0.154789713395838,0.1301162790697674,0.0395432395083278,1.0,1.0,0.5489938842050432,0.303524149550706,0.696475850449294,0.1933352893583348,0.362289007822149,0.4556666666666666,0.4472120658135283,0.7406462585034015,3.020000000000003,2
0,19015096.0,0.1210803847803272,0.057165615923375,0.0571356684578473,0.5391133004926109,0.3803889669452044,0.1260222928913301,0.1210841253079901,0.126860465116279,0.0392872208887919,1.0,1.0,0.512745603324964,0.3260189345314506,0.6739810654685494,0.2005636908413575,0.3647591601482091,0.7310000000000001,0.2397166361974405,0.1692176870748299,-2.960000000000001,0
0,18908655.0,0.1210803847803272,0.0526427246145925,0.0552809877253203,0.7692610837438424,0.3531760703985801,0.1204201599691625,0.1031646987296406,0.1186046511627906,0.0367037602734744,1.0,1.0,0.5185775195614488,0.3228798940949935,0.6771201059050064,0.2000480115227654,0.4018114450391107,0.6596666666666666,0.3091864716636197,0.3239795918367347,-4.579999999999998,0
2,146717784.0,0.4120824224765663,1.0,1.0,0.0,0.0,0.8437120555073719,1.0,1.0,1.0,0.0,0.0,0.2061786341299393,0.6630997272143774,0.3369002727856226,0.3949303388368764,0.0,0.375,0.375,0.5008503401360545,-52.14374999999996,0
2,146117290.0,0.4444205415569331,1.0,1.0,0.0,0.0,0.8943368346664096,1.0,1.0,1.0,0.0,0.0,0.2152407043499591,0.6501223523748396,0.3498776476251605,0.3845811883740986,0.0,0.375,0.375,0.5008503401360545,-52.14374999999996,0
2,145939502.0,0.4775149250071102,1.0,1.0,0.0,0.0005915847075353,0.8344094311136808,1.0,1.0,1.0,0.0,0.0001282277324528,0.200809743379149,0.6579549101412068,0.3420450898587933,0.3887955331501783,0.0,0.375,0.375,0.2848639455782313,-52.14374999999996,0
2,145794230.0,0.5262196165445874,1.0,1.0,0.0,0.0005915847075353,0.8020301307378497,1.0,1.0,1.0,0.0,0.0001282277324528,0.1877568344490961,0.6646542041078306,0.3353457958921695,0.3907871222426715,0.0,0.375,0.375,0.3324829931972789,-52.14374999999996,0
2,145180091.0,0.5787177504352871,1.0,1.0,0.0,0.0005915847075353,0.9052841219363336,1.0,1.0,1.0,0.0,0.0001282277324528,0.2083724929788248,0.654715580872914,0.345284419127086,0.3805090999617686,0.0,0.375,0.375,0.6181972789115646,-52.14374999999996,0
2,144597886.0,0.6310187119217722,1.0,1.0,0.0,0.0005915847075353,0.889505637467476,1.0,1.0,1.0,0.0,0.0001282277324528,0.1999718877383685,0.6609936617458281,0.339006338254172,0.3837809963280075,0.0,0.375,0.375,0.3698979591836735,-52.14374999999996,0
2,144102948.0,0.6993922191584216,1.0,1.0,0.0,0.0005915847075353,0.8933089203687642,1.0,1.0,1.0,0.0,0.0001282277324528,0.1931367496162125,0.6661685654685494,0.3338314345314506,0.3883243089452579,0.0,0.375,0.375,0.4056122448979592,-52.14374999999996,0
2,143859767.0,0.7782937870229887,1.0,1.0,0.0,0.0005915847075353,0.9124281263049692,1.0,1.0,1.0,0.0,0.0001282277324528,0.1921225033142151,0.6676528401797177,0.3323471598202824,0.3844833871240208,0.0,0.375,0.375,0.4345238095238095,-52.14374999999996,0
2,143811837.0,0.8395294758235564,1.0,1.0,0.0,0.0005915847075353,0.8494683755741864,1.0,1.0,1.0,0.0,0.0001282277324528,0.1752000242537159,0.6833580712451862,0.3166419287548139,0.3995269975905328,0.0,0.375,0.375,0.2814625850340136,-52.14374999999996,0
2,143869128.0,0.7908379496696177,1.0,1.0,0.0,0.0,0.8978831389932863,1.0,1.0,1.0,0.0,0.0,0.1939305075916887,0.6583861521181001,0.3416138478818999,0.3790687542788047,0.0,0.375,0.0,0.4957482993197279,-52.14374999999996,0
2,143934468.0,0.8471107968982968,1.0,1.0,0.0,0.0,0.8584112299637018,1.0,1.0,1.0,0.0,0.0,0.1773828586862754,0.673991094351733,0.326008905648267,0.384332239737537,0.0,0.375,0.0,0.3239795918367347,-52.14374999999996,0
2,144043751.0,0.9033718406745148,1.0,1.0,0.0,0.0005915847075353,0.8409366869037294,1.0,1.0,1.0,0.0,0.0001282277324528,0.1709997216334877,0.6800184531450577,0.3199815468549422,0.3872573862171365,0.0,0.375,0.375,0.364795918367347,-52.14374999999996,0
2,144291025.0,0.940522567835,1.0,1.0,0.0,0.0005915847075353,0.8426841412097266,1.0,1.0,1.0,0.0,0.0001282277324528,0.1690483999437755,0.6797075577663673,0.3202924422336329,0.3877463924675255,0.0,0.375,0.375,0.4022108843537415,-52.14374999999996,0
2,144604105.0,0.957380973803748,1.0,1.0,0.0015763546798029,0.0,0.9335517651215828,1.0,1.0,1.0,0.000268817204301,0.0,0.1890797644082231,0.6646441752246471,0.335355824775353,0.3773438958683417,0.0,0.375,0.0,0.582482993197279,-52.14374999999996,0
2,144925639.0,0.96457587295924,1.0,1.0,0.0252216748768472,0.0059158470753531,0.895364748964055,1.0,1.0,1.0,0.0040322580645161,0.0011540495920755,0.1804696952575717,0.6654765725288833,0.3345234274711168,0.3765703768904537,0.0098806093042404,1.0,0.375,0.3290816326530612,-52.14374999999996,0
2,145307612.0,0.945156151019225,1.0,1.0,0.0535960591133004,0.0088737706130296,0.8683819986508624,1.0,1.0,1.0,0.0086021505376344,0.0017951882543397,0.1744834371925221,0.6576440147625161,0.3423559852374839,0.3721782116596872,0.0181144503911074,1.0,0.8320383912248629,0.3477891156462585,-52.14374999999996,0
2,145778668.0,0.947025096255558,1.0,1.0,0.0740886699507389,0.0088737706130296,0.9543156339340207,1.0,1.0,1.0,0.0115591397849462,0.0017951882543397,0.1876355658695095,0.6485779043645701,0.35142209563543,0.3707467569994576,0.0230547550432276,0.6296666666666667,0.375,0.5671768707482994,-52.14374999999996,0
2,146186798.0,0.964678124260621,1.0,1.0,0.0851231527093596,0.0082821859054943,0.9578105425460152,1.0,1.0,1.0,0.0131720430107526,0.0016669605218868,0.1882860064327469,0.6420089858793325,0.3579910141206675,0.3679816489290763,0.0255249073692877,0.4743333333333333,0.3137568555758683,0.4056122448979592,-52.14374999999996,0
2,146430146.0,0.9923159232303812,1.0,1.0,0.0977339901477832,0.0141980329808474,0.9867977257396164,1.0,1.0,1.0,0.0150537634408602,0.0028210101139623,0.1908326466040663,0.6414273106546855,0.3585726893453145,0.3677149182470459,0.0321119802387813,0.4736666666666667,1.0,0.4498299319727891,-52.14374999999996,0
2,146533063.0,1.0,1.0,1.0,0.1560591133004926,0.0183391259335946,1.0,1.0,1.0,1.0,0.0239247311827956,0.0035903765086794,0.1934564576896682,0.6365633023106547,0.3634366976893453,0.3683461808611845,0.0477562783038287,0.773,0.6419104204753199,0.4362244897959184,-52.14374999999996,0
2,146371295.0,0.9871144326149076,1.0,1.0,0.2932019704433498,0.0674406566590253,1.0,1.0,1.0,1.0,0.0459677419354838,0.0134639119075478,0.2196394464640562,0.6007000160462131,0.3992999839537869,0.3484391809589857,0.1111568546727048,0.961,1.0,0.5722789115646258,-52.14374999999996,0
2,145836172.0,1.0,1.0,1.0,0.3641379310344828,0.15262885454411,1.0,1.0,1.0,1.0,0.053763440860215,0.0285947843369824,0.2098387403501906,0.6163551026957639,0.3836448973042362,0.3565833577836458,0.1811445039110745,0.5363333333333333,1.0,0.429421768707483,-52.14374999999996,0
2,145579889.0,1.0,1.0,1.0,0.3783251231527093,0.2484655771648302,1.0,1.0,1.0,1.0,0.0553763440860214,0.046161983683021,0.1937761657631239,0.6314686296534019,0.3685313703465982,0.3650476114267424,0.2445450802799506,0.401,0.9490402193784278,0.2814625850340136,-52.14374999999996,0
2,145440502.0,1.0,1.0,1.0,0.4145812807881773,0.2810027360792723,1.0,1.0,1.0,1.0,0.0599462365591397,0.051675776178493,0.1956503165385538,0.6369945442875482,0.3630054557124518,0.3707467569994576,0.2733635240839852,0.439,0.4947440585009141,0.4311224489795918,-52.14374999999996,0
2,144820421.0,1.0,1.0,1.0,0.460295566502463,0.2703542113436367,1.0,1.0,1.0,1.0,0.0647849462365591,0.0484700828671721,0.1995198866690002,0.6396120827984596,0.3603879172015404,0.3736274483653855,0.2774804446274187,0.4483333333333333,0.3402650822669104,0.4787414965986395,-52.14374999999996,0
2,143997393.0,1.0,1.0,1.0,0.4476847290640394,0.2153368335428529,1.0,1.0,1.0,1.0,0.0639784946236559,0.039109458398115,0.1913066965060869,0.6421293324775353,0.3578706675224647,0.3769615818907649,0.240428159736517,0.357,0.1885283363802559,0.3069727891156463,-52.14374999999996,0
0,16177733.0,0.1164823698527029,0.1907851918051737,0.176482216990457,0.0,0.0,0.0,0.0342175717043721,0.0,0.3218386791766675,0.0,0.0,0.0,1.0,0.0,0.5926666844487121,0.0,0.375,0.375,0.3988095238095238,0.0,1
0,17041405.0,0.1217047702524035,0.2022867023498441,0.187121470804953,0.0,0.0,0.0,0.0342175717043721,0.0,0.3390617499454507,0.0,0.0,0.0,1.0,0.0,0.5969610484294007,0.0,0.375,0.375,0.3988095238095238,0.0,1
0,17910909.0,0.124878840626775,0.2159952595125457,0.1998023111622306,0.0,0.0,0.0,0.0342175717043721,0.0,0.3595897883482435,0.0,0.0,0.0,1.0,0.0,0.5992104771811901,0.0,0.375,0.375,0.3988095238095238,0.0,1
0,18786771.0,0.1496979679938882,0.2341334524931273,0.2165807019750912,0.0,0.0,0.0,0.0342175717043721,0.0,0.3867510364390139,0.0,0.0,0.0,1.0,0.0,0.5984814133169738,0.0,0.375,0.375,0.3988095238095238,0.0,1
0,19669486.0,0.1730386435262541,0.2447490358742216,0.2264004456984706,0.0,0.0,0.0,0.0342175717043721,0.0,0.4026474652702015,0.0,0.0,0.0,1.0,0.0,0.599903976954469,0.0,0.375,0.375,0.3988095238095238,0.0,1
0,20559886.0,0.1948537366941223,0.272166150199625,0.251762126413026,0.0,0.0,0.0,0.0342175717043721,0.0,0.4437035420757874,0.0,0.0,0.0,1.0,0.0,0.599592791158767,0.0,0.375,0.375,0.3988095238095238,0.0,1
0,21459141.0,0.2129281243142296,0.2803415482354312,0.2593246230433298,0.0,0.0,0.0,0.0342175717043721,0.0,0.4559458869735981,0.0,0.0,0.0,1.0,0.0,0.5974945097934614,0.0,0.375,0.375,0.3988095238095238,0.0,1
0,22368313.0,0.2303220545402448,0.2929621246709344,0.2709990474992362,0.0,0.0,0.0,0.0342175717043721,0.0,0.4748447159793441,0.0,0.0,0.0,1.0,0.0,0.5954762476327651,0.0,0.375,0.375,0.3988095238095238,0.0,1
0,23287884.0,0.2608144814343749,0.2926046452891405,0.2706683679887857,0.0,0.0,0.0,0.0342175717043721,0.0,0.4743094043203142,0.0,0.0,0.0,1.0,0.0,0.5948627670640952,0.0,0.375,0.375,0.3988095238095238,0.0,1
0,24217656.0,0.2706484551491958,0.3129809700513876,0.289517100084467,0.0,0.0,0.0,0.0342175717043721,0.0,0.50482216888501,0.0,0.0,0.0,1.0,0.0,0.5908529158109056,0.0,0.375,0.375,0.3988095238095238,0.0,1
0,25157134.0,0.3031389682154081,0.3618779324480538,0.3347483061660946,0.0,0.0,0.0,0.0342175717043721,0.0,0.5780434940722963,0.0,0.0,0.0,1.0,0.0,0.5918309283116836,0.0,0.375,0.375,0.3988095238095238,0.0,1
0,26105636.0,0.3564940624203358,0.3780111323742264,0.349571374656291,0.0015763546798029,0.0,5.139571488227168e-05,0.0342175717043721,0.0,0.6021790675685506,0.0010752688172043,0.0,4.409766530423256e-05,0.9999598844672656,4.011553273427472e-05,0.5917064539934027,0.0,0.375,0.375,0.3988095238095238,0.0699999999999931,2
0,27062447.0,0.3769191507915307,0.412950856299117,0.3819204572003666,0.0047290640394088,0.0,0.0001541871446468,0.0342175717043721,0.0,0.6544534147938034,0.0029569892473118,0.0,0.0001212685795866,0.9998896822849808,0.0001103177150192,0.5930312163808202,0.0008233841086867,1.0,0.375,1.0,0.0500000000000113,2
0,28026825.0,0.3882280920742399,0.4332960958977298,0.4007404345560089,0.0063054187192118,0.0,0.000205582859529,0.0342175717043721,0.0,0.6848963560986255,0.003763440860215,0.0,0.0001543418285648,0.99985959563543,0.0001404043645699,0.5933157291083193,0.0016467682173734,0.597,0.375,0.9651360544217688,0.0500000000000113,2
0,28998127.0,0.4046634708737147,0.4853326598214545,0.4488758693815934,0.0078817733990147,0.0,0.0002569785744113,0.0342175717043721,0.0,0.7627958396974327,0.0040322580645161,0.0,0.0001653662448908,0.9998495667522465,0.0001504332477535,0.592871177971602,0.0016467682173734,0.5416666666666667,0.375,0.8239795918367347,0.0500000000000113,2
0,29974944.0,0.4245731534398401,0.5202102134190766,0.4811386877055514,0.0078817733990147,0.0,0.0002569785744113,0.0342175717043721,0.0,0.8150236380827698,0.003763440860215,0.0,0.0001543418285648,0.99985959563543,0.0001404043645699,0.5933246201310536,0.0016467682173734,0.375,0.375,0.3988095238095238,0.0500000000000113,2
0,30717804.0,0.435074973199762,0.5311211058546964,0.4902683176679906,0.0078817733990147,0.0,0.0002569785744113,0.0342175717043721,0.0,0.8313622808931561,0.003763440860215,0.0,0.0001543418285648,0.99985959563543,0.0001404043645699,0.5970143945658068,0.0016467682173734,0.375,0.375,0.3988095238095238,0.7200000000000273,2
0,30782400.0,0.4347578087456724,0.5891415637780132,0.5449310784824687,0.0110344827586206,0.0,0.0003597700041759,0.0342175717043721,0.0,0.9181991417557644,0.0048387096774193,0.0,0.000198439493869,0.9998194801026958,0.0001805198973042,0.5994505347950174,0.0024701523260601,0.6416666666666666,0.375,1.0,0.0300000000000295,2
0,30365119.0,0.4473149549817622,0.5577144633437923,0.5158600363028594,0.0252216748768472,0.0,0.0008223314381163,0.0342175717043721,0.0,0.8709287948214418,0.0115591397849462,0.0,0.0004740499020204,0.9995687580231064,0.0004312419768934,0.6020378224107118,0.0057636887608069,1.0,0.375,1.0,0.0299999999999727,2
0,30472809.0,0.4512029514033664,0.5635895592706645,0.5217691353809105,0.033103448275862,0.0005915847075353,0.0011307057274099,0.0342175717043721,0.0,0.879586879045749,0.0147849462365591,0.0003846831973585,0.0006394161469113,0.999418324775353,0.0005816752246469,0.6009886817280591,0.008233841086867,0.583,0.375,1.0,-0.3000000000000113,0
0,30991206.0,0.4307532137150665,0.567242065997688,0.5241845335442015,0.1434482758620689,0.0005915847075353,0.0047284057691689,0.0342175717043721,0.0,0.8834271583387885,0.0642473118279569,0.0003846831973585,0.002667908750906,0.9975730102695765,0.0024269897304236,0.6011309380918086,0.0337587484561547,1.0,0.375,1.0,0.3700000000000045,2
0,31328374.0,0.4484241016651312,0.5859708770873202,0.541983717628453,0.1560591133004926,0.0005915847075353,0.0051395714882271,0.0342175717043721,0.0,0.9112866390282932,0.0677419354838709,0.0003846831973585,0.0028002017468187,0.9974526636713736,0.0025473363286264,0.6016377263876662,0.0370522848909016,0.4336666666666666,0.375,0.5467687074829932,0.0399999999999636,2
0,32175351.0,0.489369653822592,0.6122222977764394,0.566267095591539,0.1923152709359606,0.0467351918952895,0.0103305386913366,0.0342175717043721,0.0,0.9482464179213036,0.0801075268817204,0.0247479523633973,0.0054019639997684,0.9950858472400514,0.0049141527599486,0.5995216629768921,0.0741045697818032,0.5296666666666667,1.0,1.0,0.0399999999999636,2
0,33264289.0,0.489369653822592,0.6423904490834734,0.5941735707995616,0.4933990147783251,0.0940619684981143,0.0242587774244322,0.0342175717043721,0.0,0.9871146992508548,0.1959677419354838,0.0474442610075494,0.0121268579586639,0.9889682284980744,0.0110317715019255,0.5970855227476816,0.1745574310415809,1.0,1.0,1.0,0.0400000000000204,2
0,33962751.0,0.489369653822592,0.6818530643171464,0.6306633359092788,1.0,0.0940619684981143,0.0504705920143907,0.0342175717043721,0.0,1.0,0.4865591397849462,0.0448797063584926,0.0238127392642855,0.9783376123234916,0.0216623876765083,0.5923199345620727,0.3639357760395224,1.0,0.375,1.0,0.0500000000000113,2
0,4035251.0,0.0226420343919135,0.024448481198333,0.0226156030408137,0.0,0.0,0.0025183900292313,0.0342175717043721,0.0,0.0716153902101971,0.0,0.0,0.0170547720564119,0.9844853177150192,0.0155146822849807,0.5613258293101455,0.0,0.375,0.0,1.0,0.0,1
0,4116169.0,0.0227529277650771,0.026608900070913,0.0246140574735366,0.0,0.0,0.0035463043268767,0.0342175717043721,0.0,0.0743850461851771,0.0,0.0,0.0230079568724833,0.9790697207958922,0.0209302792041078,0.5090643976776648,0.0,0.375,0.0,1.0,0.0,1
0,4146898.0,0.0242695369743743,0.0290957131616525,0.0269144366766709,0.0,0.0,0.0039574700459349,0.0342175717043721,0.0,0.077922758018765,0.0,0.0,0.0244962530765011,0.9777158215661104,0.0222841784338896,0.4983596063055133,0.0,0.375,0.0,0.5960884353741497,0.0,1
0,4138241.0,0.0249130062431443,0.0301215235615826,0.0278633430979638,0.0,0.0,0.0050881757733448,0.0342175717043721,0.0,0.0789468324969088,0.0,0.0,0.0309014389619409,0.9718890404364572,0.028110959563543,0.484338463453451,0.0,0.375,0.0,0.8852040816326532,0.0,1
0,4172767.0,0.0291553677045229,0.0324529108341509,0.0300199486009021,0.0,0.0,0.004933988628698,0.0342175717043721,0.0,0.0825078187504546,0.0,0.0,0.0287406533620335,0.9738547015404364,0.0261452984595635,0.4711619677611515,0.0,0.375,0.0,0.3477891156462585,0.0,1
0,4268363.0,0.0334013633095122,0.034628872288548,0.0320327804036446,0.0,0.0,0.004933988628698,0.0342175717043721,0.0,0.0857662375445487,0.0,0.0,0.027693333811058,0.9748074454428756,0.0251925545571245,0.4621375796857912,0.0,0.375,0.0,0.3988095238095238,0.0,1
0,4407064.0,0.0392327876538857,0.0366027801793225,0.0338587063961325,0.0,0.0,0.0048825929138158,0.0342175717043721,0.0,0.088745363299149,0.0,0.0,0.0265247456804958,0.9758705070603336,0.0241294929396662,0.4566696007041689,0.0,0.375,0.0,0.3818027210884354,0.0,1
0,4596516.0,0.046587036452234,0.0391517635973305,0.0362165950793451,0.0,0.0,0.0050881757733448,0.0342175717043721,0.0,0.0924692704923994,0.0,0.0,0.0265357700968219,0.9758604781771504,0.0241395218228498,0.4552737101348767,0.0,0.375,0.0,0.4702380952380953,0.0,1
0,4806742.0,0.0506598399975126,0.0399910630154551,0.0369929730604029,0.0,0.0,0.0053451543477562,0.0342175717043721,0.0,0.0936097170703324,0.0,0.0,0.0275169431498411,0.9749679075738128,0.0250320924261874,0.4520640509277782,0.0,0.375,0.0,0.4855442176870748,0.0,1
0,4968574.0,0.0516666653613935,0.0401931165790777,0.0371798788706575,0.0,0.0,0.0053965500626385,0.0342175717043721,0.0,0.0938890101098261,0.0,0.0,0.027693333811058,0.9748074454428756,0.0251925545571245,0.4514327883136397,0.0,0.375,0.0,0.4158163265306123,0.0,1
0,5077020.0,0.0632452377672207,0.0457262757059732,0.0422982225976313,0.0,0.0,0.006064694356108,0.0342175717043721,0.0,0.1018721361553567,0.0,0.0,0.0286745068640772,0.973914874839538,0.0260851251604621,0.4569363313861992,0.0,0.375,0.0,0.6096938775510204,0.0,1
0,5182242.0,0.069424040109443,0.046721000942269,0.043218374278885,0.0,0.0,0.0061674857858726,0.0342175717043721,0.0,0.1033151501927413,0.0,0.0,0.0287627021946856,0.9738346437740696,0.0261653562259306,0.4554782036577667,0.0,0.375,0.0,0.4277210884353741,0.0,1
0,5293345.0,0.0733832307057756,0.0481820036330785,0.0445698470607264,0.0,0.0,0.0065272557900485,0.0342175717043721,0.0,0.1053400247290712,0.0,0.0,0.0298320705783133,0.9728618421052632,0.0271381578947368,0.4443910983080384,0.0,0.375,0.0,0.4974489795918367,0.0,1
0,5385589.0,0.0778742581729456,0.049782889560242,0.0460507161727441,0.0,0.0,0.0086858758151039,0.0342175717043721,0.0,0.1067597643464979,0.0,0.0,0.0388390187167028,0.9646682445442876,0.0353317554557124,0.4284228214771545,0.0,0.375,0.0,0.9617346938775512,0.0,1
0,5457899.0,0.0817197425843962,0.0518500529419193,0.0479629063853494,0.0,0.0,0.0070926086537534,0.0342175717043721,0.0,0.1105767692195796,0.0,0.0,0.0308573412966367,0.9719291559691912,0.0280708440308087,0.4277915588630159,0.0,0.375,0.0,0.0875850340136054,0.0,1
0,5525343.0,0.0847428907982439,0.0533732259599972,0.0493718886472692,0.0,0.0,0.0075037743728116,0.0342175717043721,0.0,0.112671467015783,0.0,0.0,0.0320149050108728,0.9708761232349168,0.0291238767650834,0.427844904999422,0.0,0.375,0.0,0.4974489795918367,0.0,1
0,5577936.0,0.0885095196256906,0.0554093041780402,0.0512553241198353,0.0141871921182266,0.0,0.0077093572323407,0.0342175717043721,0.0,0.1156273183504255,0.046774193548387,0.0,0.032059002676177,0.9708360077021824,0.0291639922978177,0.4274270269309078,0.0032935364347468,0.375,0.0,0.4447278911564626,0.0,1
0,5604087.0,0.0934335963488354,0.0564817423234217,0.052247362651187,0.0189162561576354,0.0,0.007760752947223,0.0342175717043721,0.0,0.1172099789075569,0.0618279569892473,0.0,0.0318385143496559,0.9710365853658536,0.0289634146341463,0.4281205267041867,0.0041169205434335,0.597,0.0,0.4107142857142857,0.0,1
0,5634366.0,0.0974835093575789,0.0575541804688031,0.0532394011825386,0.0220689655172413,0.0,0.0076579615174584,0.0342175717043721,0.0,0.1188624627245618,0.0709677419354838,0.0,0.0310116831252015,0.9717887516046212,0.0282112483953786,0.4279515972722342,0.0049403046521202,0.4863333333333333,0.0,0.3767006802721088,0.0,1
0,5669562.0,0.0990453624189352,0.0593726625414064,0.0549215534748306,0.0299507389162561,0.0,0.007760752947223,0.0342175717043721,0.0,0.1215390210197105,0.0943548387096774,0.0,0.0307470971333761,0.972029444801027,0.027970555198973,0.4270802770442684,0.0074104569781803,0.613,0.0,0.4209183673469388,0.0,1
0,5620151.0,0.0944076894379221,0.0577096062869743,0.0533831748827345,0.0472906403940886,0.0,0.0076579615174584,0.0342175717043721,0.0,0.1190952069241399,0.1518817204301075,0.0,0.0309565610435712,0.9718388960205392,0.0281611039794608,0.4257644056795853,0.0115273775216138,0.761,0.0,0.3767006802721088,0.0,1
0,5546291.0,0.1045553403560127,0.0619371885412315,0.0572938195280628,0.0630541871921182,0.0,0.008326105810928,0.0342175717043721,0.0,0.125123281693214,0.1927419354838709,0.0,0.0320149050108728,0.9708761232349168,0.0291238767650834,0.4271514052261431,0.0148209139563606,0.597,0.0,0.5467687074829932,0.0,1
0,5649888.0,0.1090919005482323,0.0636935002865663,0.059177255000629,0.105615763546798,0.0,0.0119752015675693,0.0342175717043721,0.0,0.1261008073314423,0.3163978494623656,0.0,0.0451229360225559,0.9589517811296534,0.0410482188703466,0.4254087647702115,0.024701523260601,0.825,0.0,1.0,-0.1799999999999997,0
0,5789092.0,0.1090919005482323,0.0643152035592512,0.0596085761012167,0.1481773399014778,0.0,0.0133628858693906,0.0342175717043721,0.0,0.1264033747908939,0.4408602150537634,0.0,0.0500067524549997,0.9545089858793324,0.0454910141206675,0.4224302721542058,0.0345821325648414,0.6436666666666666,0.0,0.5960884353741497,-0.0799999999999983,0
0,5832387.0,0.1090919005482323,0.0678744547953722,0.062814729615585,0.2017733990147783,0.0,0.0151103401753878,0.0342175717043721,0.0,0.1309418866826678,0.5771505376344085,0.0,0.0543724213201187,0.9505375481386392,0.0494624518613607,0.4205364843117903,0.0477562783038287,0.6163333333333334,0.0,0.6215986394557824,-0.0200000000000031,0
0,5870749.0,0.1090919005482323,0.0687137542134967,0.0639792965871718,0.2585221674876847,0.0,0.0169605859111496,0.0342175717043721,0.0,0.1313608262419085,0.7330645161290322,0.0,0.0604799479647549,0.9449815468549424,0.0550184531450577,0.4190694655606234,0.0609304240428159,0.5623333333333334,0.0,0.6062925170068028,-0.2899999999999991,0
0,46766660.0,0.2834337737719615,0.4266594134618186,0.3946731844077422,0.0015763546798029,0.0011831694150706,0.0211750345314959,0.0342175717043721,1.0,0.4118641355734964,0.0008064516129032,0.0008975941271698,0.0156326223503504,0.6095454910141207,0.3904545089858793,0.3875063348536982,0.0008233841086867,0.375,0.0,0.0,0.0,1
0,47043467.0,0.2949794561947411,0.4568586499324868,0.422608414355804,0.0015763546798029,0.0005915847075353,0.0125405544312742,0.0198820304416925,1.0,0.4536184449778166,0.0008064516129032,0.0003846831973585,0.0086762156486077,0.6292121309370988,0.3707878690629012,0.3997048180452197,0.0008233841086867,0.375,0.0,0.0,0.0,1
0,47299118.0,0.3160442944600364,0.4912543834937781,0.4544255342091548,0.0015763546798029,0.0005915847075353,0.0176287302046191,0.0275617846895566,1.0,0.4865982980580406,0.0008064516129032,0.0003846831973585,0.011388222064818,0.6298740372272145,0.3701259627727856,0.3974642803161647,0.0008233841086867,0.375,0.375,1.0,0.0,1
0,47514158.0,0.3235164440201338,0.5157494924375625,0.4770842693600273,0.0015763546798029,0.0011831694150706,0.0262632103048408,0.0417266647467281,1.0,0.4947676194632338,0.0008064516129032,0.000769366394717,0.0161948675829794,0.6113306322207959,0.3886793966623877,0.3842166564419905,0.0008233841086867,0.375,1.0,1.0,0.0,1
0,47697076.0,0.337870444446887,0.5472232206172348,0.5061984436496955,0.0015763546798029,0.0029579235376765,0.0239504031351386,0.0367774897869934,1.0,0.5405251291002984,0.0008064516129032,0.0017951882543397,0.0139569110687896,0.6311075898587933,0.3688924101412067,0.3884132191726014,0.0024701523260601,0.375,1.0,0.2491496598639455,0.0,1
0,47851646.0,0.3493480719441081,0.5805620586149618,0.5370379023417142,0.0015763546798029,0.007690601197959,0.0209180559570845,0.0313163312107345,1.0,0.554419957815114,0.0008064516129032,0.0042315151709435,0.0115205150607307,0.611561296534018,0.388438703465982,0.376837107572484,0.0049403046521202,0.375,1.0,0.1828231292517007,0.0,1
0,48006518.0,0.3657997443000672,0.6015756292317108,0.5564761066081988,0.0047290640394088,0.0141980329808474,0.0204554945231441,0.0296097191556536,1.0,0.5815113826460108,0.0018817204301075,0.0076936639471701,0.0108921233301454,0.6199153562259307,0.3800846437740693,0.3782507801872449,0.0098806093042404,1.0,1.0,0.3613945578231293,0.0,1
0,48178122.0,0.3840698152807084,0.6364220976656986,0.5887101701921177,0.0110344827586206,0.0224802188863417,0.0229224888374931,0.0309750087997184,1.0,0.6460978980289477,0.0043010752688172,0.0114122681883024,0.0115535883097089,0.652509226572529,0.3474907734274711,0.3982200172485841,0.016467682173734,1.0,0.9079067641681902,0.6045918367346939,0.0,1
0,48356485.0,0.3926419083887297,0.6631553383911486,0.6134392466258111,0.0441379310344827,0.0260297271315536,0.0228196974077286,0.0261964950454918,1.0,0.6675103643901376,0.0169354838709677,0.0126945455128307,0.0110574895750363,0.6478859114249038,0.3521140885750963,0.401438567478417,0.0263482914779744,1.0,0.5194241316270567,0.3920068027210884,0.0,1
0,48546690.0,0.3927020453125718,0.6784492388991967,0.6275865787250868,0.0898522167487684,0.0408193448199364,0.0236934245607272,0.0239778993738867,1.0,0.6974412684558878,0.0338709677419354,0.0196188430652839,0.0112338802362532,0.6622372432605905,0.3377627567394095,0.4174601904457069,0.046932894195142,1.0,0.8941956124314442,0.4634353741496599,0.0,1
0,48769329.0,0.416483904813349,0.7446295522765025,0.6888054202684974,0.1213793103448275,0.0485099460178954,0.0292441617680125,0.0314016618134886,1.0,0.792098334424322,0.0419354838709677,0.0212858035871708,0.0126670543586408,0.6874197689345314,0.3125802310654685,0.421843464653739,0.0592836558254425,0.609,0.5468464351005484,0.7967687074829932,0.0,1
0,49127640.0,0.4294373886208421,0.7805795440195059,0.7220602771238072,0.1450246305418719,0.0508762848480366,0.038032829012881,0.0392520772668607,1.0,0.8277081969597792,0.0478494623655913,0.0212858035871708,0.015742866513611,0.6862163029525032,0.3137836970474968,0.4190694655606234,0.0658707286949362,0.505,0.4197897623400365,0.9107142857142858,0.0,1
0,49599580.0,0.4402334459176149,0.8008626132908504,0.7408227449993712,0.178128078817734,0.0538342083857132,0.0419902990588159,0.0338762492933559,1.0,0.8665066550294568,0.057258064516129,0.021926942249435,0.0169555523094774,0.7007581835686779,0.2992418164313222,0.423337156473109,0.0757513379991766,0.527,0.4280164533820841,0.5756802721088436,0.0,1
0,50071168.0,0.4547947155130383,0.8101104494720379,0.7493772801610266,0.2632512315270935,0.0680322413665606,0.0525778163245639,0.0366068285814853,1.0,0.9024423594443234,0.0836021505376344,0.0274407347449069,0.0209904886848146,0.721798780487805,0.2782012195121951,0.4321037048891734,0.1045697818032111,0.6936666666666667,0.6163162705667276,0.8273809523809524,0.0,1
0,50539055.0,0.4699924453696353,0.8151151608171513,0.7540067933073343,0.4240394088669951,0.0680322413665606,0.0662490764832482,0.0234659157573624,1.0,0.862712924576333,0.1338709677419354,0.0273125070124541,0.0262932329376486,0.6857950898587933,0.3142049101412066,0.4157797871489157,0.1424454508027995,0.7823333333333333,0.375,0.8409863945578232,0.0,1
0,50983909.0,0.4837517405939407,0.8266477565254559,0.7646748018618694,0.6667980295566504,0.0792723508097315,0.0781214866210529,0.0183460795921197,1.0,0.8551720125100009,0.2075268817204301,0.0314157944509448,0.0305927553048113,0.6705411585365855,0.3294588414634146,0.4106674490766672,0.2066694112803622,0.7563333333333333,0.5258226691042047,0.7032312925170068,0.0,1
0,51297836.0,0.4985925169550481,0.8471328793604228,0.783624175547688,0.8701477832512314,0.0993862308659321,0.0931804310815585,0.0243192217849028,1.0,0.8854753072950763,0.264516129032258,0.038340092003398,0.0356309135658199,0.6779926187419769,0.3220073812580231,0.4122144870324433,0.2667764512144915,0.5783333333333334,0.6071755027422303,0.7270408163265307,0.0,1
0,51486268.0,0.5149749217423154,0.8711150831042421,0.8058084574879141,1.0,0.1283738815351623,0.1147666313321126,0.0239778993738867,1.0,0.9431725943704998,0.361021505376344,0.0482136274022664,0.0427085888471492,0.702894335686778,0.2971056643132221,0.4318636472753461,0.3672293124742692,0.643,0.6419104204753199,0.7933673469387756,0.0,1
0,51640894.0,0.5305218816654755,0.8967603431024936,0.8295311180202363,1.0,0.1455298380536863,0.1428800873727153,0.0286710825253591,1.0,1.0,0.461021505376344,0.053214508967927,0.0516934881528866,0.7271542041078306,0.2728457958921694,0.4383807669396209,0.4676821737340469,0.5843333333333334,0.4974862888482633,0.8154761904761905,0.0,1
0,51767844.0,0.5428719623089383,0.887263825612232,0.8207465449382673,1.0,0.1585447016194631,0.1696572548263788,0.0238072381683786,1.0,0.9483627900210928,0.65,0.0586000737309461,0.062012341834077,0.6942093228498075,0.3057906771501926,0.4189627732878113,0.6249485384932071,0.6383333333333334,0.4563528336380256,0.7168367346938775,0.0,1
0,51858481.0,0.538882368167201,0.8722030638314408,0.8068148733892854,1.0,0.1863491828736226,0.2076386881243776,0.0331082738685695,1.0,0.8753974834533422,0.9008064516129032,0.0700123419192486,0.0771709142824069,0.6514361360718871,0.348563863928113,0.3839854898508975,0.8332647179909427,0.617,0.534963436928702,0.7797619047619049,0.0,1
0,51848401.0,0.5620413004817243,0.91984107710092,0.8508815124993262,1.0,0.1881239369962286,0.2472133885837268,0.0260258338399837,1.0,0.9338628263873738,1.0,0.0670631040728333,0.0872472308044241,0.6598904845956355,0.3401095154043645,0.3856125470112826,1.0,0.5603333333333333,0.3841407678244972,0.7236394557823129,0.0,1
0,51782515.0,0.5769432262211511,0.942890725935712,0.872203152238377,1.0,0.1993640464393995,0.2851948218817256,0.030207033374932,1.0,0.9091919412320898,1.0,0.0693712032569844,0.0982606227141562,0.6270258344030809,0.3729741655969191,0.3665857583597841,1.0,0.537,0.4298446069469835,0.6607142857142858,0.0,1
0,51748744.0,0.5769432262211511,0.9349640092089798,0.8648706935283864,1.0,0.2005472158544701,0.3035944878095789,0.0317429842245048,1.0,0.8786559022474364,1.0,0.0703970251166071,0.1054595665750721,0.6109194480102697,0.3890805519897304,0.3570101268748944,1.0,0.4296666666666666,0.3804844606946984,0.5093537414965987,0.0,1
0,51717587.0,0.5769432262211511,0.9472271062626892,0.8762144384738423,1.0,0.1987724617318642,0.3120747807651536,0.0366921591842394,1.0,0.8739544694159578,1.0,0.068858292327173,0.1070360581096984,0.599937820924262,0.4000621790757381,0.3465365020938358,1.0,0.3643333333333333,0.3667733089579524,0.4464285714285714,0.0,1
0,51667035.0,0.5769432262211511,0.9461080403718564,0.8751792678324318,1.0,0.2153368335428529,0.3337123767305901,0.0324256290465371,1.0,0.8719761437195435,1.0,0.0747567680200035,0.1145877832930483,0.5992658857509628,0.4007341142490372,0.3479146106176593,1.0,0.4783333333333333,0.4508683729433272,0.5161564625850341,0.0,1
0,41019772.0,0.2858730423261088,0.3185918420873687,0.3010908829502364,0.0015763546798029,0.2798195666642017,0.177263820628955,0.2411442833829317,0.7233720930232558,0.288160593497709,0.0013440860215053,0.2745355751815224,0.1721131876824196,0.5610257541720154,0.4389742458279846,0.3957749859966392,0.1753808151502676,1.0,0.7671389396709323,1.0,-4.440000000000026,0
0,41245602.0,0.3006589569953118,0.337476078995172,0.3171360278920979,0.0031527093596059,0.3999112622938696,0.2533808743695994,0.3489168346612908,0.7408139534883721,0.2784784347952579,0.0024193548387096,0.3718604241132251,0.2331884541287817,0.513719512195122,0.4862804878048781,0.3527424359624087,0.2511321531494442,1.0,0.7671389396709323,1.0,-3.450000000000017,0
0,41755703.0,0.3127657618889646,0.3481072049580835,0.3296730945491796,0.0031527093596059,0.5525401168379797,0.1704795862644952,0.1810715390440839,0.7327906976744186,0.3335457124154484,0.0021505376344086,0.4991905624388915,0.1524235801240798,0.5979019576379975,0.4020980423620026,0.4055551110044188,0.3466447097571016,0.375,0.7241773308957953,0.0,-5.3300000000000125,0
0,42506540.0,0.3262584912369236,0.3751357547380589,0.3488237514152724,0.0031527093596059,0.7140427419951193,0.2865311104686646,0.345418279948375,0.7195348837209302,0.3241195723325333,0.0021505376344086,0.6015162929362549,0.2388660285367017,0.5415095474967908,0.4584904525032092,0.3587349852853573,0.4479209551255661,0.375,0.6419104204753199,1.0,-1.259999999999991,0
0,43234562.0,0.3402680739253629,0.4051484802269217,0.3704185611846953,0.0031527093596059,0.9287879908304368,0.2576467187048279,0.2652075133595725,0.7396511627906976,0.3781162266346644,0.0018817204301075,0.7278206094022985,0.1997954970771516,0.5876223523748396,0.4123776476251605,0.3764192295039698,0.5821325648414986,0.375,0.6501371115173675,0.2270408163265306,3.0300000000000296,2
0,43958883.0,0.3567424014593356,0.4251206978619235,0.391323257193178,0.0078817733990147,1.0,0.2172496868073624,0.1569229784646891,0.6690697674418604,0.4404451232816933,0.0045698924731182,0.9382423183574028,0.160989551609427,0.6541940789473685,0.3458059210526316,0.3994825424768611,0.7863318237958008,1.0,0.6940127970749543,0.1318027210884353,1.339999999999975,2
0,44695446.0,0.3754197328812838,0.4346483005158194,0.3973473752313858,0.0189162561576354,1.0,0.2680286531110468,0.2215182447495013,0.699186046511628,0.4256891410284385,0.011021505376344,1.0,0.1945037772406437,0.6190528722721438,0.3809471277278562,0.3618735163105812,0.8678468505557841,1.0,0.4664076782449726,0.7967687074829932,3.2799999999999727,2
0,45516501.0,0.3936799393441618,0.444393499315155,0.4028107758388297,0.0819704433497537,1.0,0.2996370177636439,0.2330378761212974,0.6406976744186047,0.4376754673067133,0.0462365591397849,1.0,0.2129255769214869,0.6232449454428756,0.3767550545571245,0.3672881491557974,1.0,1.0,0.5422760511882998,0.5994897959183674,5.75,2
0,46235055.0,0.4019081897480975,0.4567187666961328,0.4066064015240013,0.4066995073891625,1.0,0.3194243679933185,0.1993322880334496,0.6856976744186046,0.4381642301258274,0.2239247311827956,1.0,0.2211718403333784,0.6079007541720154,0.3920992458279846,0.3240599966214114,1.0,1.0,0.5532449725776966,0.5110544217687075,11.04000000000002,2
0,46635182.0,0.3902243198453457,0.427079063170881,0.3834157036824039,0.9552709359605912,1.0,0.3807394558478686,0.2253581218734334,0.6134883720930232,0.3804669430504037,0.5602150537634408,1.0,0.2809241768206135,0.5624398267008986,0.4375601732991014,0.2927547055737821,1.0,1.0,0.5185100548446069,0.7253401360544218,8.100000000000023,2
0,46840469.0,0.3934658588544682,0.4380832110974034,0.3932642021458226,1.0,1.0,0.5024959044039703,0.3609484496496112,0.7208139534883721,0.3203258418794095,0.6489247311827957,1.0,0.3619426124008148,0.4619805038510912,0.5380194961489089,0.2333893467765597,1.0,0.499,0.5221663619744059,0.9430272108843538,8.329999999999984,2
0,46998040.0,0.392575566657931,0.428353554879885,0.3874844993979476,1.0,1.0,0.4498666923645241,0.2611116444273783,0.6711627906976744,0.3395272383446069,0.8666666666666667,1.0,0.3309860513572435,0.5003409820282414,0.4996590179717587,0.2769820312430538,1.0,0.5796666666666667,0.3475776965265082,0.2202380952380952,6.090000000000032,2
0,47018323.0,0.3803725671854886,0.4320993170978114,0.3836026094926586,1.0,1.0,0.4469885323311168,0.1753543886595629,0.7147674418604651,0.3377118335878973,1.0,1.0,0.3261794058390821,0.4935614569961489,0.506438543003851,0.2892783156846532,1.0,0.557,0.5148537477148081,0.3886054421768707,11.199999999999989,2
0,46860394.0,0.3747562569575052,0.4126866324082259,0.3720432039969089,1.0,1.0,0.5725996595033889,0.3146139323541647,0.6596511627906976,0.2627914757436905,1.0,1.0,0.4363794714343593,0.4008845474967908,0.5991154525032092,0.2321534946164857,1.0,0.4376666666666666,0.4892595978062157,0.8767006802721089,6.75,2
0,46720187.0,0.3802638972861785,0.4017757399726062,0.3667523318297001,1.0,1.0,0.5666891522919276,0.3342399709875951,0.6663953488372093,0.2477794748708997,1.0,1.0,0.4429169503157118,0.3876464216944801,0.61235357830552,0.2340472824589012,1.0,0.4043333333333333,0.3155850091407678,0.3818027210884354,3.410000000000025,2
0,46683683.0,0.3956218743537052,0.4060188648086805,0.3753931312114732,1.0,1.0,0.4989496000770935,0.2401203161498832,0.6651162790697674,0.2850650956433195,1.0,1.0,0.3861301818201863,0.4417622753530167,0.5582377246469833,0.2691757132822988,1.0,0.3843333333333333,0.3274680073126143,0.1947278911564626,0.1299999999999954,2
0,46732768.0,0.4082425847683604,0.3959628143730025,0.3773053214240786,1.0,1.0,0.5377533648132087,0.3106033940247245,0.6817441860465117,0.2491061168084952,1.0,1.0,0.4261157398347992,0.395158055198973,0.604841944801027,0.2286593226818881,1.0,0.3643333333333333,0.3667733089579524,0.5314625850340137,-7.670000000000016,0
0,46868594.0,0.4209812509523309,0.398573968118279,0.3818773250903079,1.0,1.0,0.451922520959815,0.1563256642454108,0.6748837209302325,0.2932576914684704,1.0,1.0,0.3558902078378088,0.462542121309371,0.537457878690629,0.2697714118055,1.0,0.4123333333333333,0.3795703839122486,0.1267006802721088,-9.170000000000016,0
0,47092817.0,0.4310515553970122,0.397050795100201,0.3832431752421689,1.0,1.0,0.5338472904821561,0.2929399592546371,0.6484883720930232,0.2591606662302713,1.0,1.0,0.4219264616308971,0.4100910622593068,0.5899089377406932,0.2357099037102237,1.0,0.2983333333333333,0.4079067641681901,0.7066326530612246,-11.100000000000025,0
0,47435121.0,0.4399970709970465,0.3956830479002943,0.3758819617921392,1.0,1.0,0.5190453245960618,0.2103399357887214,0.6784883720930233,0.257810749872718,1.0,1.0,0.4115635102844024,0.4092887516046213,0.5907112483953787,0.1964204742471526,1.0,0.4983333333333333,0.4609232175502742,0.3511904761904762,-6.860000000000014,0
0,47679482.0,0.3879188196646453,0.3785084949923744,0.3548478694534803,1.0,1.0,0.5848318396453696,0.2603436690025919,0.677906976744186,0.202417630373118,1.0,1.0,0.4834757779792796,0.334844351732991,0.665155648267009,0.1541258790998728,1.0,0.621,0.3877970749542961,0.614795918367347,-3.2799999999999727,0
0,47735670.0,0.4104252824572146,0.3960405272820881,0.3675718419208167,1.0,1.0,0.6463011146445664,0.2528345759602359,0.6576744186046511,0.2048847188886464,1.0,1.0,0.5120290162637703,0.3247051508344031,0.6752948491655969,0.1491824704595769,1.0,0.5823333333333334,0.4664076782449726,0.5773809523809524,-0.8500000000000227,0
0,47828386.0,0.4338820786790483,0.4215303614621683,0.3614614596624913,1.0,1.0,0.6317047316180013,0.1500965302443655,0.6812790697674419,0.2449399956360463,1.0,1.0,0.4718780920042665,0.3661043806161746,0.6338956193838254,0.1701563930898971,1.0,0.587,0.3859689213893967,0.3596938775510204,19.799999999999955,2
0,47911583.0,0.4338820786790483,0.4090341256812022,0.3582984382581816,1.0,1.0,0.7389675885773023,0.213326506885113,0.6612790697674418,0.181656847770747,1.0,1.0,0.567911782620559,0.2790336168164313,0.7209663831835686,0.1279684902154295,1.0,0.615,0.3969378427787934,0.6879251700680273,13.960000000000036,2
0,47910533.0,0.4338820786790483,0.4118784181537355,0.3662922559890732,1.0,1.0,0.8278821753236324,0.2936226040766695,0.6340697674418605,0.1510975343661357,1.0,1.0,0.6320959344708694,0.2303233311938382,0.7696766688061617,0.1071101508806558,1.0,0.5083333333333333,0.3457495429616087,0.6028911564625851,10.230000000000018,2
0,47889960.0,0.4338820786790483,0.4226805125166354,0.3726039214276729,1.0,1.0,0.826494491021811,0.279372393416744,0.6287209302325582,0.1689722888937377,1.0,1.0,0.6158018471409555,0.2514441591784339,0.7485558408215661,0.1136717256586025,1.0,0.4276666666666667,0.324725776965265,0.3954081632653061,12.789999999999964,2
0,8872099.0,0.0648828344987043,0.2009500403135715,0.1926136261524361,0.0,0.0272128965466242,0.4273039735312068,0.6705278764412872,0.6665116279069767,0.0101476471016073,0.0,0.040648191187549,0.6311147614178503,0.0300465340179717,0.9699534659820284,0.0170174175135365,0.0172910662824207,0.375,0.4143053016453382,0.4022108843537415,-4.680000000000007,0
0,8896018.0,0.0662636238027941,0.2263932467482004,0.1989396689610553,0.0,0.0283960659616948,0.4282290963990877,0.6746237453734815,0.8384883720930232,0.0134060658957015,0.0,0.0380836365384923,0.5684078813552316,0.0354019576379974,0.9645980423620026,0.0186978208103278,0.0181144503911074,0.375,0.4143053016453382,0.4022108843537415,7.289999999999992,2
0,8925045.0,0.068794650942243,0.2032347998406885,0.1957047607066477,0.0,0.0360866671596539,0.365680511387363,0.566253879875844,0.7919767441860465,0.016361917230344,0.0,0.0533427367003798,0.5346841918138198,0.0479781771501925,0.9520218228498074,0.0271087283170183,0.0222313709345409,0.375,0.6227148080438757,0.1505102040816326,-5.360000000000014,0
0,8958434.0,0.0712902105184169,0.1856561398055234,0.1901838506191255,0.0,0.040227760112401,0.3018470335035816,0.456860047145158,0.783953488372093,0.0205513128227507,0.0,0.0643703216913238,0.47821713139175,0.0655588093709884,0.9344411906290117,0.0380446862802628,0.0255249073692877,0.375,0.4801188299817184,0.1011904761904761,-12.830000000000013,0
0,8993805.0,0.0756172994131491,0.2107884946038098,0.1919666445015546,0.0,0.0508762848480366,0.3504159840673284,0.5130075837573198,0.9010465116279068,0.0127543821368826,0.0,0.0727051243007581,0.4959333684277254,0.0360839216944801,0.96391607830552,0.0198091986521209,0.0321119802387813,0.375,0.6172303473491774,0.6726190476190477,2.0999999999999943,2
0,9029771.0,0.0791338628956111,0.2213574502394529,0.1941376273745125,0.0,0.0550173778007838,0.4174359962738106,0.6212067880494491,0.8416279069767442,0.0101243726816495,0.0,0.0752696789498148,0.5654202645308698,0.0272585044929396,0.9727414955070603,0.0154525975122918,0.0345821325648414,0.375,0.4490402193784277,0.7236394557823129,7.390000000000015,2
0,9080628.0,0.0840860266330514,0.1979192368592328,0.1917653613212803,0.0,0.0579753013384603,0.3652179499534226,0.526660480197967,0.7788372093023256,0.0112415448396247,0.0,0.08770776899774,0.5467559276908533,0.0337873074454428,0.9662126925545572,0.0212851084260222,0.0362289007822149,0.375,0.4243601462522852,0.1862244897959183,-6.039999999999992,0
0,9148280.0,0.0884545293219438,0.2065298271859184,0.1929443056628866,0.0,0.0845966131775493,0.3979570203334297,0.564547267820763,0.7787209302325581,0.0093330424030838,0.0,0.1232268508871756,0.573589357028479,0.0268974646983311,0.9731025353016688,0.0180309941052519,0.0526965829559489,0.375,0.7945612431444241,0.5518707482993197,-1.3199999999999932,0
0,9219903.0,0.08876126518887,0.2082084260221676,0.189781284258577,0.0,0.118316941507062,0.4184125148565737,0.5893784732221902,0.742906976744186,0.0097519819623245,0.0,0.1710557950920835,0.5987360506682176,0.0278903241335044,0.9721096758664955,0.019631378197434,0.0741045697818032,0.375,0.7397166361974405,0.4855442176870748,1.960000000000008,2
0,9298738.0,0.0843070541511728,0.1875367922053952,0.1802203331955502,0.0015763546798029,0.1473045921762922,0.4101892004754103,0.5619020191353876,0.6066279069767442,0.0097985308022401,0.0018817204301075,0.2337591562615204,0.6441125482662728,0.0310293645699614,0.9689706354300384,0.0225387426315649,0.0922190201729106,0.375,0.5989488117001829,0.364795918367347,-4.689999999999998,0
0,9378234.0,0.0917928131667111,0.2059547516586849,0.1935050230936506,0.0015763546798029,0.2064630629298232,0.4219074234685683,0.5665952022868602,0.6724418604651162,0.0188988290057458,0.0018817204301075,0.301463398996618,0.609628173998363,0.0547376444159178,0.9452623555840822,0.0337681043450428,0.1300946891724989,0.375,0.7424588665447898,0.4481292517006803,-2.0800000000000125,0
0,9449263.0,0.0911727325091472,0.2087990441312182,0.1827507503189979,0.0015763546798029,0.3614582563040745,0.4321865664450226,0.5668511940951224,0.7031395348837209,0.0123587169975998,0.0018817204301075,0.5213739601532322,0.6168822399409093,0.0352816110397946,0.9647183889602056,0.0236056653596863,0.2264306298888431,0.375,1.0,0.439625850340136,7.22999999999999,2
0,9519477.0,0.0905196599238898,0.2339158563476875,0.188242905666481,0.0031527093596059,0.4241662353028174,0.505271273007613,0.6735144475376789,0.7446511627906978,0.0085649865444759,0.0032258064516129,0.5524050714068186,0.65116817471495,0.0217526476251604,0.9782473523748396,0.016848488081584,0.2667764512144915,1.0,0.5331352833638026,0.6862244897959184,19.569999999999997,2
0,9600620.0,0.0918304433992146,0.2130732541309268,0.1827219955789587,0.0063054187192118,0.5821193522147452,0.4249911663615046,0.5235885784988213,0.7727906976744185,0.0080762237253618,0.0069892473118279,0.8245043196717371,0.5957043361785516,0.0225349005134788,0.9774650994865212,0.016848488081584,0.3664059283655825,1.0,0.715036563071298,0.1284013605442177,10.0,2
0,9696438.0,0.0947983445672299,0.2138970109672343,0.1754039142389878,0.0078817733990147,0.6649412112696886,0.4407182551154797,0.5440679231597922,0.7544186046511627,0.0058651538293694,0.0088709677419354,0.9386270015547614,0.6156144320634126,0.0162467907573812,0.9837532092426188,0.01282974580566,0.4182791272128447,0.5416666666666667,0.504798903107861,0.461734693877551,15.620000000000005,2
0,9799483.0,0.0999446711414058,0.2270149500208853,0.1775030102618479,0.0157635467980295,0.9654662426976262,0.5268060775432848,0.6426247693407144,0.6552325581395348,0.0063771910684413,0.0166666666666666,1.0,0.6975368697823505,0.0166078305519897,0.9833921694480104,0.0134343353515954,0.608480856319473,1.0,0.7881627056672761,0.7304421768707483,22.599999999999994,2
0,9923281.0,0.1024248751547479,0.2175184325306237,0.1843466383911723,0.0220689655172413,0.91577312726466,0.4580900067456875,0.5292203982805884,0.7337209302325581,0.0075641864862899,0.0241935483870967,1.0,0.6303210034423741,0.0206594993581514,0.9793405006418484,0.0153192321712766,0.5788390284067517,0.6416666666666666,0.328382084095064,0.1777210884353741,11.72999999999999,2
0,10057864.0,0.1055644759960758,0.2304809457661036,0.1858993943532879,0.0362561576354679,1.0,0.4885676656708747,0.5558435463398504,0.7639534883720931,0.0071219725070914,0.0376344086021505,1.0,0.6381152657848972,0.0183027118100128,0.9816972881899872,0.014892463080028,0.6611774392754219,0.8036666666666668,0.5011425959780622,0.5127551020408163,18.98999999999998,2
0,10175400.0,0.1080098431730646,0.229128741148014,0.1871933576550509,0.0646305418719211,0.9832137839236856,0.4684719411519064,0.5308416797329152,0.7970930232558139,0.0075641864862899,0.0674731182795699,1.0,0.6151293577450659,0.019576379974326,0.980423620025674,0.015096956602918,0.630712227254014,0.897,0.3238117001828153,0.3290816326530612,17.220000000000027,2
0,10279120.0,0.1105491352035953,0.2369932875474777,0.1816149380874503,0.1071921182266009,1.0,0.5085092030451961,0.5578061502031936,0.768953488372093,0.0068426794675976,0.1086021505376344,1.0,0.6476403614906114,0.0170591302952503,0.9829408697047496,0.0147502067162785,0.760806916426513,0.8143333333333334,0.5523308957952469,0.5433673469387755,26.16,2
0,10353682.0,0.1077194672434689,0.2297815295843331,0.1766116133206333,0.1655172413793103,1.0,0.5763515466897947,0.6177082333365332,0.572093023255814,0.0047247072514364,0.1723118279569892,1.0,0.7548417858452008,0.0120547175866495,0.9879452824133506,0.0115227654637112,1.0,0.7376666666666667,0.7278336380255941,0.625,25.0,2
0,10416134.0,0.1145894752047755,0.2422155950380307,0.1872939992451881,0.2411822660098522,1.0,0.5949053997622947,0.63050782374964,0.6159302325581395,0.006167721288821,0.239516129032258,1.0,0.7428582452987755,0.014973122593068,0.985026877406932,0.0142167453522178,1.0,0.6796666666666666,0.3658592321755027,0.4532312925170068,25.569999999999997,2
0,10487335.0,0.1181413323242307,0.2441895029288052,0.1781212371726902,0.3121182266009852,1.0,0.6076515370530982,0.5962049214425139,0.603953488372093,0.0057487817295803,0.3075268817204301,1.0,0.7531991478126181,0.0137997432605905,0.9862002567394096,0.0135854827380793,1.0,0.571,0.5760968921389397,0.4345238095238095,33.22,2
0,10551493.0,0.1181413323242307,0.2333096956568198,0.1748575741782434,0.4902463054187192,1.0,0.5923356140181811,0.5648032596290252,0.5636046511627907,0.0044686886319005,0.5034946236559139,1.0,0.7651716639427172,0.011182204749679,0.9888177952503208,0.0112649258044152,1.0,0.7556666666666667,0.4024223034734918,0.3562925170068027,28.49000000000001,2
0,10606993.0,0.1181413323242307,0.2427906705652643,0.1765109717304962,0.6557635467980296,1.0,0.613664835694324,0.5513210243938861,0.5891860465116279,0.0038868281329551,0.6494623655913978,1.0,0.7646314675427405,0.0092265725288831,0.9907734274711169,0.0081441768246601,1.0,0.6003333333333334,0.5404478976234004,0.4600340136054422,33.44,2
0,10656636.0,0.1181413323242307,0.2405525387835987,0.1742105925273619,0.6983251231527093,1.0,0.6246121229642478,0.5822960331936045,0.5476744186046512,0.0038868281329551,0.6975806451612904,1.0,0.784839222668405,0.0093268613607188,0.9906731386392812,0.0084553626203622,1.0,0.4183333333333333,0.3402650822669104,0.429421768707483,33.599999999999994,2
0,7184003.0,0.0682590556065129,0.0779926755583187,0.0619808421544489,0.0015763546798029,0.0,0.1936590536763997,0.3142726099431485,0.3075581395348837,0.0036773583533347,0.0040322580645161,0.0,0.6282484131730752,0.0272986200256739,0.972701379974326,0.0069616708009922,0.0,0.375,0.375,0.6028911564625851,7.070000000000007,2
0,7226391.0,0.0710438996989828,0.0856551683941598,0.0642237118775048,0.0015763546798029,0.0,0.2168899168031865,0.3525007199769607,0.3117441860465116,0.0037937304531238,0.003763440860215,0.0,0.6547952076862232,0.0259046052631578,0.974095394736842,0.0067660683008366,0.0,0.375,0.375,0.6028911564625851,10.439999999999998,2
0,7278744.0,0.072797764571101,0.076889152249303,0.0646406556080729,0.0015763546798029,0.0,0.1855385307250008,0.300107729885977,0.3166279069767442,0.0038868281329551,0.0040322580645161,0.0,0.6084375370351487,0.0290035301668806,0.9709964698331194,0.0075573693241933,0.0,0.375,0.375,0.1522108843537415,4.509999999999998,2
0,7333451.0,0.0745258501985563,0.0767803541765831,0.0665528458206782,0.0031527093596059,0.0,0.1835854935594744,0.2966091751730611,0.3196511627906976,0.0040032002327442,0.0083333333333333,0.0,0.6026827917129464,0.0298058408215661,0.970194159178434,0.0077262987561459,0.0008233841086867,1.0,0.375,0.3801020408163265,3.1100000000000065,2
0,7384196.0,0.0789657285865593,0.0744955946494662,0.0679043186025196,0.0031527093596059,0.0005915847075353,0.1786515049307763,0.2879907842949025,0.3134883720930232,0.0040497490726598,0.0083333333333333,0.0020516437192453,0.5999818097130621,0.0308689024390243,0.9691310975609756,0.0084286895521591,0.0008233841086867,0.375,0.375,0.352891156462585,0.6999999999999957,2
0,7431824.0,0.0837791401405913,0.0650612474864731,0.0693133008644393,0.0031527093596059,0.0005915847075353,0.1659567633548552,0.2664874724008831,0.2713953488372093,0.0040962979125754,0.0094086021505376,0.0021798714516982,0.6158790180552379,0.034760109114249,0.9652398908857508,0.0109448489859788,0.0008233841086867,0.375,0.375,0.2780612244897959,-6.3500000000000085,0
0,7478514.0,0.0899044259852272,0.0717911854132869,0.0702909620257714,0.0031527093596059,0.0005915847075353,0.1651344319167389,0.2641835461265239,0.3234883720930233,0.0041195723325332,0.0086021505376344,0.0020516437192453,0.5701166658857706,0.0323030327342747,0.9676969672657252,0.009300009780125,0.0008233841086867,0.375,0.375,0.3903061224489796,-2.699999999999996,0
0,7545386.0,0.0965372934842032,0.0784744955946494,0.0696296030048703,0.0047290640394088,0.0011831694150706,0.1874915678905271,0.3007903747080093,0.3246511627906976,0.003770456033166,0.0120967741935483,0.003846831973585,0.6054058225454827,0.0277599486521181,0.972240051347882,0.0077529718243489,0.0016467682173734,0.7083333333333334,1.0,0.6284013605442178,2.0600000000000023,2
0,7641730.0,0.1012573554891754,0.0794225930854939,0.071843717987887,0.0063054187192118,0.0011831694150706,0.1918602036555202,0.3075314923255789,0.3220930232558139,0.0037239071932504,0.0161290322580645,0.003846831973585,0.6138725742838954,0.0271782734274711,0.9728217265725289,0.0074773501195842,0.0024701523260601,0.597,0.375,0.4379251700680272,1.1300000000000097,2
0,7737644.0,0.1006984743858704,0.0788475175582604,0.0698308861851446,0.0078817733990147,0.0011831694150706,0.190318332209052,0.3048009130374495,0.3219767441860465,0.0035842606735035,0.0201612903225806,0.003846831973585,0.6123181315819212,0.0264461649550706,0.9735538350449294,0.0073795488695064,0.0024701523260601,0.5416666666666667,0.375,0.3852040816326531,2.1599999999999966,2
0,7825750.0,0.1061153653174997,0.0778838774855988,0.0727926244091799,0.0141871921182266,0.0023663388301412,0.192579743663872,0.307702153531087,0.3062790697674418,0.0042592188522801,0.0365591397849462,0.007821891679623,0.6254151381772782,0.0311196245186136,0.9688803754813864,0.0090066060298916,0.0049403046521202,0.9083333333333332,1.0,0.41921768707483,-0.519999999999996,0
0,7914379.0,0.1105722880687671,0.0729568790495711,0.0712111137070251,0.0267980295566502,0.0041410929527471,0.1748482220294883,0.2763858223203524,0.3105813953488372,0.0040497490726598,0.0725806451612903,0.0142332783022648,0.5964539964887235,0.0314004332477535,0.9685995667522466,0.0093444648937967,0.0090572251955537,0.9676666666666668,1.0,0.2423469387755102,-2.5899999999999963,0
0,7998927.0,0.1121101499843958,0.0811167345035602,0.0718724727279262,0.0472906403940886,0.0053242623678177,0.2083068324178471,0.3293761266306145,0.2958139534883721,0.0040730234926176,0.1182795698924731,0.0169260606837743,0.6558315028208727,0.0289032413350449,0.971096758664955,0.0093355738710623,0.0148209139563606,0.885,0.6364259597806217,0.7236394557823129,2.1999999999999886,2
0,8091199.0,0.1144748430447242,0.081987119085319,0.0723900580486314,0.0788177339901477,0.0053242623678177,0.2090263724261989,0.3281814981920579,0.3022093023255813,0.003770456033166,0.1956989247311827,0.0167978329513215,0.6527336418332503,0.0267470314505776,0.9732529685494224,0.0086865292114551,0.0222313709345409,0.8196666666666668,0.375,0.4039115646258503,2.3999999999999915,2
0,8190238.0,0.1176310107186916,0.084147537957899,0.0699459051453013,0.1324137931034482,0.0059158470753531,0.2090263724261989,0.3245976128763879,0.3204651162790697,0.0033515164739253,0.3223118279569892,0.0183365657407555,0.639790977066458,0.0235879332477535,0.9764120667522465,0.0076818436424741,0.0345821325648414,0.8283333333333334,0.4764625228519196,0.3988095238095238,5.489999999999995,2
0,8283940.0,0.1198918778396758,0.077914962649233,0.0705928867961828,0.176551724137931,0.0065074317828884,0.2113391795959011,0.3264748861369769,0.2684883720930232,0.0033747908938831,0.4556451612903225,0.0212858035871708,0.6861265988848805,0.025342987804878,0.974657012195122,0.0087309843251269,0.0452861259777686,0.597,0.4664076782449726,0.4175170068027211,1.029999999999987,2
0,8374903.0,0.122782434698826,0.0701902994861233,0.0705641320561436,0.2096551724137931,0.0065074317828884,0.1943271979698692,0.2954145467345044,0.2459302325581395,0.004026474652702,0.5852150537634409,0.0230809918415105,0.6822129310891297,0.0322328305519897,0.9677671694480104,0.0121718101233184,0.0535199670646356,0.5003333333333333,0.375,0.2627551020408163,-3.9199999999999946,0
0,8453630.0,0.1247260564765929,0.0687137542134967,0.0715417932174757,0.2648275862068965,0.007690601197959,0.1940702193954578,0.2908920247885401,0.2369767441860465,0.0037239071932504,0.7508064516129033,0.0276971902098126,0.6920687592846257,0.0306282092426187,0.9693717907573812,0.0124296497826144,0.0666941128036228,0.5503333333333333,0.5413619744058501,0.397108843537415,-5.550000000000004,0
0,8516341.0,0.1288612052359298,0.0782568994492097,0.0701040562155168,0.3073891625615763,0.0070990164904237,0.1998265394622723,0.2984864484336501,0.2966279069767442,0.0034678885737144,0.7908602150537635,0.0232092195739633,0.646593041939636,0.02585446084724,0.97414553915276,0.0091577534163754,0.0765747221078633,0.4823333333333333,0.3046160877513711,0.4498299319727891,1.5900000000000034,2
0,8577525.0,0.1305593264245249,0.084909124466938,0.0695433387847528,0.3436453201970443,0.0088737706130296,0.2171468953775978,0.3245976128763879,0.3072093023255814,0.0034678885737144,0.8303763440860215,0.0273125070124541,0.6600318054411007,0.0241094351732991,0.975890564826701,0.0084731446658309,0.0864553314121037,0.4536666666666666,0.6035191956124315,0.5467687074829932,6.259999999999991,2
0,8640582.0,0.12698655642744,0.0816918100307937,0.0675736390920691,0.4098522167487685,0.0088737706130296,0.2189971411133596,0.3231469926295692,0.2793023255813953,0.003398065313841,1.0,0.0280818734071711,0.6857627931461205,0.0244905327342747,0.9755094672657252,0.0096823237577018,0.1020996294771511,0.5036666666666667,0.375,0.4141156462585034,5.560000000000002,2
0,8707019.0,0.1331850278934069,0.0732832732677307,0.0712542458170839,0.4476847290640394,0.0082821859054943,0.2159133982204233,0.3153819077789511,0.2251162790697674,0.0030489490144737,1.0,0.0284665566045296,0.7340828099032334,0.0244504172015404,0.9755495827984596,0.0113538360317587,0.1103334705640181,0.4363333333333333,0.3137568555758683,0.375,-2.4099999999999966,0
0,8792180.0,0.1363361308509756,0.0711539395587849,0.0703340941358302,0.6084729064039409,0.0088737706130296,0.1849731778612958,0.2551385022345951,0.280813953488372,0.0027231071350643,1.0,0.0311593389860392,0.6428557648051022,0.022785622593068,0.977214377406932,0.0102424581899655,0.1482091395636064,0.6143333333333334,0.4398994515539305,0.1556122448979592,-3.140000000000001,0
0,8870564.0,0.1363361308509756,0.0841319953760819,0.0686375644735187,0.7282758620689656,0.0100569400281002,0.2274774340689344,0.319051123697375,0.2834883720930232,0.0023739908356971,1.0,0.0311593389860392,0.6963572572354624,0.0175806322207958,0.982419367779204,0.008064157620051,0.1778509674763277,0.5063333333333333,0.4965722120658135,0.7899659863945578,6.3899999999999935,2
0,8921979.0,0.1363361308509756,0.0970323382842932,0.0690545082040867,0.8922167487684729,0.0106485247356355,0.2716777488676881,0.3834757287766791,0.2793023255813953,0.002513637355444,1.0,0.0294923784641523,0.7435858567762954,0.0161765885750962,0.9838234114249038,0.0078507730744267,0.2165500205846027,0.525,0.4289305301645338,0.7287414965986395,14.400000000000006,2
0,8967413.0,0.1363361308509756,0.0762829915584352,0.0707079057563395,1.0,0.0082821859054943,0.2266551026308181,0.2900387187609997,0.2258139534883721,0.0025369117754018,1.0,0.0275689624773597,0.7477310373148933,0.0202483151476251,0.9797516848523748,0.0119762076231628,0.2972416632358995,0.6376666666666666,0.1720749542961608,0.1164965986394557,-0.1000000000000085,0
0,22332873.0,0.1452056463213352,0.2625142068911922,0.242833779630861,0.0,0.0,0.0288329960489544,0.0389107548558446,0.4476744186046512,0.3265866608480617,0.0,0.0,0.0334591035495864,0.760670731707317,0.2393292682926829,0.541863380544664,0.0,0.375,0.375,0.6437074829931974,0.0,1
0,22446254.0,0.1427522577685415,0.2682494195817102,0.2481390291680894,0.0,0.0005915847075353,0.0329960489544184,0.043433276801809,0.4126744186046512,0.3402952942032148,0.0,0.0006411386622641,0.0375381375902279,0.7770579268292683,0.2229420731707317,0.5587296506717166,0.0,0.375,0.375,0.6437074829931974,0.0,1
0,22566898.0,0.1512514305212051,0.2842738214351631,0.2629620976582859,0.0,0.0011831694150706,0.0226141145481995,0.0237219075656245,0.4598837209302325,0.3595432395083279,0.0,0.0012822773245283,0.0243970333295666,0.7783315949935816,0.2216684050064185,0.5587474327171854,0.0008233841086867,0.375,1.0,0.0,0.0,1
0,22664130.0,0.1577931600524052,0.3001583400522619,0.277655769818306,0.0,0.0011831694150706,0.0247727345732549,0.0258551726344756,0.4522093023255814,0.3838882827842025,0.0,0.0012822773245283,0.02542230404789,0.7903161103979461,0.2096838896020539,0.5690610190890257,0.0008233841086867,0.375,0.375,0.560374149659864,0.0,1
0,22745432.0,0.1686905206164699,0.314690654051271,0.2910986107866219,0.0,0.0017747541226059,0.0261604188750762,0.0273911234840485,0.4591860465116279,0.4036249909084298,0.0,0.0017951882543397,0.0256868900397154,0.7953004653401797,0.2046995346598203,0.5672917055648911,0.0008233841086867,0.375,0.8320383912248629,0.494047619047619,0.0,1
0,22824932.0,0.1781945133577243,0.3288188609230351,0.3041676401344284,0.0,0.0053242623678177,0.0308888246442452,0.0347295553208964,0.4647674418604651,0.4215230198559896,0.0,0.0051291092981134,0.0291265079334456,0.7973062419768935,0.2026937580231065,0.5684831026112933,0.0032935364347468,0.375,1.0,0.7066326530612246,0.0,1
0,22914644.0,0.1884273092802705,0.3413150967040012,0.3157270456301781,0.0,0.0165643718109886,0.0319681346567729,0.0349002165264044,0.4636046511627906,0.439979634882537,0.0,0.0152591001618875,0.0291154835171195,0.8037548138639282,0.1962451861360719,0.5723062423870617,0.0107039934129271,0.375,1.0,0.4583333333333333,0.0,1
0,23006921.0,0.2012516967260473,0.3530808311395627,0.3266107147350072,0.0,0.0260297271315536,0.0346407118306511,0.0377161264172879,0.4713953488372093,0.4548287148156231,0.0,0.0232092195739633,0.0305596820558331,0.8049582798459565,0.1950417201540436,0.5725018448872172,0.016467682173734,0.375,0.8969378427787934,0.5416666666666667,0.0,1
0,23086238.0,0.2019466044422543,0.345620391867344,0.3197095771256043,0.0,0.0349034977445832,0.0345379204008865,0.0367774897869934,0.4747674418604651,0.4430285838970108,0.0,0.0318004776483033,0.0310888540394839,0.7998936938382541,0.2001063061617458,0.5640109181759178,0.0222313709345409,0.375,0.6867001828153565,0.3937074829931973,0.0,1
0,23164353.0,0.1976540581052477,0.3327822192864012,0.3078338694894237,0.0015763546798029,0.0467351918952895,0.0323793003758311,0.0319989760327669,0.4833720930232558,0.4230591315732054,0.0010752688172043,0.0439821122313228,0.0301958763170732,0.7913089698331195,0.2086910301668806,0.5618948547651436,0.0296418279127212,0.375,0.6848720292504571,0.2933673469387755,0.0,1
0,23224049.0,0.2201211455219587,0.3592046083755087,0.3322753985227253,0.0031527093596059,0.0609332248761369,0.036336770421766,0.0357535225539449,0.4840697674418605,0.4606938686449924,0.0021505376344086,0.0534709644328327,0.0315518795251784,0.8023006258023108,0.1976993741976893,0.5578583304437509,0.038699053108275,1.0,0.6528793418647166,0.6062925170068028,0.0,1
0,23273078.0,0.228234174907623,0.367131325102241,0.3396078572327157,0.0094581280788177,0.0881461214227612,0.0379300375831165,0.034132241101618,0.489767441860465,0.470701869226853,0.0064516129032258,0.0757825898796262,0.0322684665863721,0.8031229942233633,0.1968770057766367,0.5570759204431285,0.0576368876080691,1.0,0.7835923217550275,0.473639455782313,0.0,1
0,23345963.0,0.23374632595165,0.3643647455387933,0.3370486853692289,0.0252216748768472,0.0834134437624787,0.0466159133982204,0.0483824517615436,0.47,0.4665822968943197,0.0172043010752688,0.0721922133709468,0.0399414603493086,0.801759066110398,0.198240933889602,0.5544175046455594,0.0584602717167558,1.0,0.3256398537477148,0.7882653061224489,0.0,1
0,23416870.0,0.240045351033967,0.3674110915749492,0.3398666498930683,0.0504433497536945,0.0970198920357908,0.0474382448363367,0.0462491866926925,0.4841860465116279,0.467932213251873,0.0341397849462365,0.0833480260943435,0.0403273149207206,0.7978177150192556,0.2021822849807445,0.5497586087327625,0.0724578015644298,1.0,0.5239945155393053,0.429421768707483,0.0,1
0,23472811.0,0.2523092201629615,0.3792856240832306,0.3508509605880345,0.0835467980295566,0.0887377061302965,0.0425042562076386,0.0368628203897475,0.492906976744186,0.4862026329187578,0.0548387096774193,0.0739874016252865,0.0350686683331909,0.8045671534017973,0.1954328465982028,0.5510211339610395,0.0749279538904899,0.8123333333333334,0.2973034734917733,0.221938775510204,0.0,1
0,23529260.0,0.2562988920401192,0.3764413316106971,0.3482199018744496,0.1339901477832512,0.0905124602529024,0.0451768333815168,0.0381427794310582,0.4240697674418604,0.4945116008436978,0.0884408602150537,0.0760390453445318,0.0375381375902279,0.8241635911424904,0.1758364088575096,0.555262151805322,0.0881020996294771,0.7776666666666667,0.3932815356489945,0.5059523809523809,0.0,1
0,23586140.0,0.2622772393944169,0.3857357955373361,0.3568175691461639,0.174975369458128,0.0863713673001552,0.0567408692300279,0.0559768754066536,0.3681395348837209,0.5143879554876719,0.1129032258064516,0.0709099360464184,0.046082060242923,0.8378630455712452,0.1621369544287548,0.5631751620388892,0.0955125566076574,0.579,0.3329524680073126,0.8341836734693878,0.0,1
0,23632950.0,0.2716180528439265,0.3952789407730491,0.3656452743381917,0.2632512315270935,0.1017525696960733,0.0549934149240307,0.0465051785009546,0.261046511627907,0.5509055204014839,0.1661290322580645,0.0815528378400038,0.0436456642348641,0.8769857188703466,0.1230142811296534,0.5858828341024067,0.1259777686290654,0.7116666666666667,0.5377056672760512,0.3460884353741497,0.0,1
0,23659308.0,0.2797409097555077,0.4034698813906724,0.3732221483385152,0.4256157635467981,0.101160984988538,0.055815746362147,0.0382281100338122,0.3218604651162791,0.5506262273619901,0.2634408602150537,0.0796294218532113,0.0434472247409951,0.8597159820282414,0.1402840179717586,0.574760164661741,0.163030053519967,0.7863333333333333,0.3695155393053016,0.4243197278911564,0.0,1
0,23674137.0,0.2889200059064318,0.401371632845361,0.3712812033858707,0.6336945812807881,0.1118095097241736,0.0690758408017731,0.047273153925741,0.3758139534883721,0.5306800494581425,0.3940860215053763,0.0883489076600041,0.054041688830337,0.8326179396662389,0.1673820603337612,0.5541863380544663,0.2190201729106628,0.7010000000000001,0.4709780621572212,0.8035714285714286,0.0,1
0,23663461.0,0.2993775954449909,0.4104018728811089,0.379634455367252,0.9568472906403942,0.1366560674406566,0.068870257942244,0.0257698420317216,0.3655813953488372,0.5463437340897521,0.5827956989247312,0.1057878792735899,0.0527628565365142,0.8393874358151476,0.1606125641848524,0.5532972357810317,0.3104158089748868,0.7150000000000001,0.5779250457038392,0.3937074829931973,0.0,1
0,23558330.0,0.32021597329106,0.4275608832072117,0.3955070718688784,1.0,0.1342897286105154,0.080794063794931,0.0296097191556536,0.3231395348837209,0.5751341915775694,0.7362903225806451,0.1000176313132122,0.059553896993366,0.8500681964056483,0.1499318035943517,0.5568892089657073,0.3795800741045698,0.5836666666666667,0.3594606946983547,0.6930272108843538,0.0,1
0,23420107.0,0.3285540655100578,0.4231467899711491,0.3914238987833151,1.0,0.211787325297641,0.1135331341749381,0.0498330720083624,0.2761627906976744,0.563101316459379,0.9962365591397848,0.1592588437064226,0.0845021511392356,0.8404805840821566,0.1595194159178434,0.5454464627066051,0.5286125977768629,0.6016666666666667,0.9024223034734918,1.0,0.0,1
0,23317145.0,0.3285540655100578,0.4139611241172298,0.3829268731017379,1.0,0.3691488575020335,0.1291060357842665,0.0337909186906019,0.2069767441860465,0.5561422648919923,1.0,0.2835115164532209,0.0981062808855913,0.8475108311938383,0.1524891688061617,0.5498475189601059,0.7097571016879374,0.5143333333333333,1.0,0.6318027210884354,0.0,1
0,23213964.0,0.3285540655100578,0.4237218654983826,0.3919558614740399,1.0,0.6111070028839753,0.1619478975940381,0.035924183759453,0.1416279069767441,0.5689664702887484,1.0,0.4590552821811537,0.1203866262805548,0.8481526797175867,0.1518473202824133,0.5418544895219297,0.9345409633594072,0.4776666666666667,0.9737202925045704,0.8307823129251701,0.0,1
0,23112797.0,0.3285540655100578,0.4234576416074915,0.3917114461837069,1.0,0.7104932337499075,0.181426873534419,0.0470171621174789,0.0377906976744186,0.5805338570077825,1.0,0.5339402779336101,0.1349388558309516,0.8659439184852376,0.1340560815147625,0.5400940670205293,1.0,0.4096666666666667,0.5239945155393053,0.6028911564625851,0.0,1
2,63007815.0,0.1418731999562046,0.1236878661006576,0.1184695289614147,0.0,0.0,0.0329960489544184,0.0502597250221326,0.0,0.2064208306058622,0.0,0.0,0.0740951021274367,0.9325958761232348,0.067404123876765,0.5167818054110763,0.0,0.375,0.375,0.4974489795918367,-2.8200000000000074,0
2,63651137.0,0.1466836909241483,0.1321896583546234,0.1261757992919145,0.0,0.0,0.0348976904050624,0.0526489818992458,0.0,0.218290784784348,0.0,0.0,0.0741171509600888,0.932575818356868,0.0674241816431322,0.5140522614316324,0.0,0.375,0.375,0.4974489795918367,-2.710000000000008,0
2,64266433.0,0.1561005349457087,0.1437688818083794,0.1367575436263322,0.0,0.0,0.0417333204844046,0.0628886542297313,0.0,0.2325347297985308,0.0,0.0,0.0825508294495233,0.9249037227214378,0.0750962772785622,0.5032407777866688,0.0,0.375,0.375,0.7321428571428572,-2.6200000000000045,0
2,64868164.0,0.1679451320426815,0.1554258181712209,0.1470373631903384,0.0,0.0,0.0433779833606373,0.0615233645856665,0.0,0.2492457633282421,0.0,0.0,0.0802577508537032,0.92698973042362,0.0730102695763799,0.5017204128990956,0.0,0.375,0.375,0.4651360544217687,-2.269999999999996,0
2,65452049.0,0.1789907387534642,0.1681551926794439,0.160034505688047,0.0,0.0,0.0397802833188782,0.0503450556248866,0.0,0.2699367226707397,0.0,0.0,0.0687372357929725,0.9374699133504494,0.0625300866495507,0.5087887759729001,0.0,0.375,0.375,0.2576530612244898,-3.1200000000000045,0
2,66017415.0,0.1865490662394848,0.1779470192242309,0.1701705515518574,0.0,0.0,0.0387009733063505,0.0483824517615436,0.0,0.2850883700632774,0.0,0.0,0.0636439554503336,0.942103257381258,0.0578967426187419,0.5101757755194579,0.0,0.375,0.375,0.352891156462585,-3.870000000000005,0
2,66567685.0,0.1959936123912859,0.1878165586781034,0.1803065974156677,0.0063054187192118,0.0,0.0512929234525071,0.0678378291894659,0.0,0.2941653938468253,0.0077956989247311,0.0,0.0804341415149201,0.926829268292683,0.073170731707317,0.5081130582450899,0.0016467682173734,0.375,0.375,0.951530612244898,-4.569999999999993,0
2,67102388.0,0.2067703645330028,0.1967535432229486,0.1873802634653056,0.0063054187192118,0.0,0.0535543349073271,0.0679231597922199,0.0,0.3065241108444251,0.0075268817204301,0.0,0.080599507759811,0.9266788350449294,0.0733211649550706,0.515510389160065,0.0016467682173734,0.375,0.375,0.473639455782313,-3.740000000000009,0
2,67619835.0,0.2096609034627022,0.2012764345317311,0.1888036230972449,0.0063054187192118,0.0,0.046924287687514,0.0593047689140614,0.0,0.3162993672267075,0.0075268817204301,0.0,0.0692112856949929,0.9370386713735558,0.0629613286264441,0.5174486321161522,0.0016467682173734,0.375,0.375,0.1879251700680272,-1.8199999999999927,0
2,68121077.0,0.2071032427793461,0.2019913932953188,0.1885016983268336,0.0063054187192118,0.0,0.0475924319809835,0.0594754301195695,0.0,0.3170674230853153,0.007258064516129,0.0,0.069971970421491,0.9363466784338896,0.0636533215661104,0.5147724342731144,0.0016467682173734,0.375,0.375,0.4226190476190476,-1.1500000000000057,0
2,68579443.0,0.2230866401570421,0.2201295862759002,0.2121668493790773,0.0094581280788177,0.0,0.0450740419517522,0.0456518724734141,0.0,0.3453691177540186,0.0102150537634408,0.0,0.0613619012708396,0.9441792362002568,0.0558207637997432,0.5152436584780347,0.0024701523260601,0.7083333333333334,0.375,0.3086734693877551,-5.939999999999998,0
2,69007212.0,0.2240731394732129,0.2134929038399891,0.211059791887569,0.0141871921182266,0.0,0.061674857858726,0.0676671679839578,0.0,0.3279133027856572,0.0158602150537634,0.0,0.0862991310003831,0.9214939024390244,0.0785060975609756,0.5103891600650822,0.0032935364347468,0.7083333333333334,0.375,1.0,-9.439999999999998,0
2,69436091.0,0.2417396043447454,0.2378325869656023,0.2323958089966393,0.0788177339901477,0.0011831694150706,0.0701551508143008,0.0719336981216601,0.0,0.3605207651465562,0.0795698924731182,0.001538732789434,0.0890662594982237,0.9189766527599488,0.0810233472400513,0.5078018724493878,0.0189378344997941,1.0,0.375,0.6318027210884354,-8.620000000000005,0
2,69845112.0,0.2487681555097393,0.2373352243474543,0.2357744909512428,0.1986206896551724,0.0207054647637358,0.0650155793260736,0.0461638560899384,0.0,0.3621034257036876,0.2008064516129032,0.0266713683501899,0.0826941468617621,0.9247733472400512,0.0752266527599486,0.51218514665742,0.0592836558254425,1.0,1.0,0.2746598639455782,-11.29000000000002,0
2,70216362.0,0.2514112269897935,0.2452930262378209,0.2415541936991176,0.3042364532019704,0.0236633883014124,0.073033310847708,0.0440305910210873,0.0,0.3703891192086698,0.2986559139784946,0.0294923784641523,0.0901576767145034,0.9179837933247754,0.0820162066752246,0.5117139224524996,0.0864553314121037,0.7296666666666667,0.5057129798903108,0.6079931972789117,-10.189999999999998,0
2,70540787.0,0.2599121682423975,0.2516188570373896,0.2502237478209299,0.3751724137931034,0.0195222953486652,0.0709774822524172,0.032084306635521,0.0,0.3807927849298131,0.3596774193548387,0.0238503582362275,0.0856156171881675,0.9221156931964056,0.0778843068035943,0.5080241480177464,0.1004528612597776,0.5303333333333333,0.2150365630712979,0.3511904761904762,-12.149999999999975,0
2,70859835.0,0.2695215697495421,0.2547118308189969,0.2620563233470518,0.5596059113300492,0.0224802188863417,0.0825929138158106,0.030207033374932,0.0,0.3801643755909522,0.5306451612903226,0.0270560515475484,0.0985252087059815,0.9103718709884469,0.0896281290115532,0.5065482382438451,0.1457389872375463,0.7030000000000001,0.5139396709323583,0.6777210884353742,-18.39000000000001,0
2,71160183.0,0.2816109680355065,0.2499091730375061,0.2647017594306562,0.7156650246305419,0.0656659025364194,0.1008897883138993,0.0400200526916472,0.0,0.3646868863190051,0.6905913978494623,0.0805270159803811,0.1224481921335277,0.8886091944801028,0.1113908055198973,0.4957367545988815,0.2091395636064223,0.5609999999999999,1.0,0.7763605442176871,-23.32000000000002,0
2,71376081.0,0.2943411481824953,0.2515100589646697,0.269431914167101,0.7156650246305419,0.0970198920357908,0.1311618643795573,0.0648512580930743,0.0,0.3533755182195069,0.6865591397849461,0.1183541970539678,0.1582665207768906,0.8560253530166881,0.1439746469833119,0.4819289962924435,0.2289007822149032,0.375,0.8110146252285193,0.9090136054421768,-25.580000000000013,0
2,71522264.0,0.3009860404102129,0.2651098180546515,0.2778139208885214,0.8118226600985222,0.2171115876654588,0.1424689216536571,0.0538436103378025,0.0,0.3686202632918758,0.7422043010752688,0.2523521774671817,0.163844875437876,0.8509507381258025,0.1490492618741977,0.4770300427658193,0.3268834911486208,0.4643333333333334,1.0,0.5450680272108843,-22.66,0
2,71641484.0,0.2812200869484942,0.2495206084920781,0.2695325557572381,0.7929064039408867,0.1904902758263698,0.1289004529247373,0.0387400936503365,0.0,0.3514204669430505,0.7661290322580645,0.2340156117264261,0.1566679804096122,0.8574795410783056,0.1425204589216945,0.4843295724307166,0.3054755043227665,0.3596666666666667,0.2625685557586837,0.2372448979591837,-26.930000000000007,0
2,71727338.0,0.2859256201454739,0.2493340975102727,0.2757723343457398,0.7866009852216749,0.2088294017599644,0.1360444572933731,0.0387400936503365,0.0,0.3479060295294203,0.760483870967742,0.2567119203705781,0.1654654646378066,0.8494764922978177,0.1505235077021822,0.4803908493594017,0.315356113627007,0.3696666666666666,0.4627513711151736,0.4923469387755102,-31.389999999999983,0
2,71735321.0,0.2940099911335554,0.2555666728189386,0.2844418884675521,0.7929064039408867,0.1768838275530577,0.1463749959847097,0.0563181978176698,0.0,0.3525609135209834,0.749731182795699,0.2126015804068025,0.174075533788458,0.8416439345314506,0.1583560654685494,0.4752607292416846,0.2972416632358995,0.3803333333333333,0.2351462522851919,0.528061224489796,-33.41,0
2,71702436.0,0.2940099911335554,0.271280223036049,0.2948654817317542,0.8102463054187192,0.221252680618206,0.1529536474896405,0.0562328672149157,0.0,0.3731122263437342,0.725268817204301,0.2517110388049176,0.1722454806783323,0.843308729139923,0.156691270860077,0.4654361491202333,0.3293536434746809,0.3896666666666666,0.6044332723948812,0.4753401360544218,-30.55000000000001,0
2,71668010.0,0.2940099911335554,0.2853307169987275,0.3105368150531065,0.8559605911330049,0.1999556311469348,0.1521827117664064,0.0546969163653429,0.0,0.3945014182849662,0.7317204301075269,0.2172177787751046,0.1636133626950288,0.8511613446726574,0.1488386553273427,0.4703173206013887,0.3260601070399341,0.4123333333333333,0.2872486288848263,0.3903061224489796,-32.41,0
2,71619866.0,0.2940099911335554,0.2677986847090137,0.300717071329727,1.0,0.2017303852695407,0.1603546304326876,0.0650219192985824,0.0,0.3645472397992582,1.0,0.2323486512045393,0.1827297006044136,0.8337712612323492,0.1662287387676508,0.4623242911632125,0.4965006175380815,0.9336666666666666,0.3832266910420475,0.4906462585034014,-36.85999999999999,0
2,65425957.0,0.1993404904391055,0.168543757224872,0.1607246194489873,0.0,0.0017747541226059,0.1601490475731585,0.2635009013044916,0.0,0.2160098916284821,0.0,0.003077465578868,0.2761836778004085,0.7487564184852374,0.2512435815147625,0.4875659047060183,0.0008233841086867,0.375,1.0,0.026360544217687,-3.3500000000000085,0
2,66245125.0,0.1846076415858117,0.1652176447160079,0.1587980518663623,0.0,0.0035495082452118,0.1250971700234492,0.2048787772124625,0.0,0.2269023201687396,0.0,0.0062831588901889,0.2195181778844696,0.8003048780487805,0.1996951219512195,0.5152703315462377,0.0024701523260601,0.375,1.0,0.026360544217687,-4.150000000000006,0
2,67048792.0,0.2024166685630573,0.1748851306062578,0.1663030390165879,0.0,0.0029579235376765,0.1745398477401946,0.2873934700756242,0.0,0.2189890173830824,0.0,0.0050008815656606,0.2914414699956729,0.7348764441591784,0.2651235558408216,0.4540467489975371,0.0016467682173734,0.375,0.2223491773308958,1.0,-3.1500000000000057,0
2,67831735.0,0.2170674319872428,0.1921063112596291,0.1785238035332387,0.0,0.0035495082452118,0.1827631621213581,0.3014730195300417,0.0,0.2410531675030912,0.0,0.0055137924954719,0.2809462256532656,0.7444239409499359,0.2555760590500642,0.4437064895574937,0.0024701523260601,0.375,0.5578153564899452,0.4787414965986395,-0.5700000000000216,0
2,68592621.0,0.2401292561434734,0.2079752872949108,0.1914059270707906,0.0,0.0035495082452118,0.2380135556198002,0.3932034174906403,0.0,0.2397963488253691,0.0,0.0051291092981134,0.340930074883348,0.6898567875481387,0.3101432124518614,0.4165177420358664,0.0024701523260601,0.375,0.375,0.9124149659863946,0.6800000000000068,2
2,69329557.0,0.2642038897132713,0.2264398744936518,0.2077961288931222,0.0,0.0035495082452118,0.2042465709421476,0.3375678644950028,0.0,0.282737653647538,0.0,0.0047444261007549,0.2710573242087915,0.7534198491655969,0.2465801508344031,0.4604127212753283,0.0024701523260601,0.375,0.375,0.157312925170068,1.1599999999999966,2
2,70045351.0,0.2863832306051584,0.2491631291102843,0.2280969753607821,0.0,0.007690601197959,0.2288137226558735,0.377502586583896,0.0,0.3056396828860281,0.0,0.0094888522015098,0.2784767563962286,0.7466704107830552,0.2533295892169448,0.4549803063846434,0.0049403046521202,0.375,1.0,0.6028911564625851,1.6599999999999966,2
2,70750593.0,0.3035758730107668,0.2728966515450298,0.2501949930808907,0.0,0.0212970494712711,0.1873887764607625,0.3059102108732521,0.0,0.3599389046476108,0.0,0.0241068137011332,0.2098718135991688,0.8090801508344031,0.1909198491655969,0.4908289100495229,0.0131741457389872,0.375,1.0,0.090986394557823,1.5600000000000025,2
2,71562343.0,0.3095676276166709,0.2835433200897584,0.2618119080567188,0.0,0.0502847001405013,0.1769040506247791,0.2838949153627084,0.0,0.3806298639901084,0.0,0.0548814694898139,0.1912846476734347,0.8259888478819,0.1740111521181001,0.5048233798333821,0.0312885961300946,0.375,1.0,0.3035714285714286,0.3300000000000125,2
2,72464846.0,0.2936227657669163,0.2780101609628629,0.2561184695289614,0.0,0.0887377061302965,0.1960746522758664,0.3068488475035466,0.0,0.3636628118408612,0.0,0.0987353539886839,0.2158911449131965,0.8036043806161747,0.1963956193838254,0.490135410276244,0.0559901193906957,0.375,1.0,0.582482993197279,0.7299999999999898,2
2,73346766.0,0.3264943609442639,0.3034533673974918,0.2795967147709505,0.0,0.1727427346003105,0.2863769233240178,0.4420125222659541,0.0,0.3608698814459234,0.0,0.1773389539822725,0.290879224763044,0.7353879172015404,0.2646120827984596,0.4439287651258524,0.107863318237958,0.375,1.0,1.0,0.7700000000000102,2
2,74215203.0,0.3611934907828212,0.3317564088864711,0.3081933037399134,0.0,0.2792279819566663,0.2985577077511162,0.4466203748146726,0.0,0.3977365626591026,0.0,0.263892673387937,0.2791823190410963,0.7460285622593069,0.2539714377406932,0.4581099463871328,0.1745574310415809,0.375,0.9380712979890312,0.4719387755102041,-0.910000000000025,0
2,75197196.0,0.3794382247366147,0.3474544165217644,0.325532411983538,0.0,0.3466686386156917,0.3351514567472936,0.4937228675349056,0.0,0.4046723398065315,0.0,0.3137732613120903,0.300183832142237,0.7269235397946086,0.2730764602053915,0.4463649053550629,0.2173734046932894,0.375,0.5962065813528337,0.6079931972789117,-2.8700000000000045,0
2,76403032.0,0.4133204019422528,0.3484802269216945,0.331268982621354,0.0,0.4472380388966944,0.3557611384150846,0.5070344415645366,0.0,0.3968754091206634,0.0,0.4036609017615285,0.3177677761822998,0.7109274711168165,0.2890725288831836,0.43052110284246,0.2799505969534788,0.375,0.6400822669104205,0.5025510204081634,-6.199999999999989,0
2,78036154.0,0.4347174339612316,0.3668204734658986,0.3468828064626278,0.0031527093596059,0.5040301708200842,0.2704442517105136,0.3467835695924397,0.0,0.4629747618008584,0.0021505376344086,0.4336661911554922,0.2302449349697242,0.7905467747111682,0.2094532252888318,0.4814577720875232,0.3161794977356937,0.375,0.4910877513711151,0.0,-5.259999999999991,0
2,80014222.0,0.4623740442784851,0.3820832888103124,0.3591035709792786,0.0299507389162561,0.6891961842786363,0.4299251549902027,0.5729949974934136,0.0,0.4136097170703325,0.0196236559139784,0.5706134094151214,0.3522962481155139,0.6795170089858793,0.3204829910141207,0.425782187725054,0.4388637299300123,1.0,0.7104661791590494,1.0,-3.9399999999999977,0
2,81652087.0,0.4783987321123595,0.4017135696453376,0.3786136620958611,0.1639408866995074,0.9181394660948012,0.4637949310976196,0.5736776423154459,0.0,0.4276674667248528,0.1018817204301075,0.7252560547532418,0.362548955298748,0.6701901476251606,0.3298098523748395,0.441910502965156,0.6134211609715933,1.0,0.6784734917733091,0.5331632653061225,-4.879999999999996,0
2,83083667.0,0.5157768952889914,0.4372905394247302,0.403673418040005,0.4555665024630542,1.0,0.4483762166329381,0.4967947692340512,0.0,0.4879249399956362,0.2612903225806451,0.772059177098527,0.323511497088176,0.7057024229781772,0.2942975770218228,0.4521173970641842,0.7706875257307534,1.0,0.5148537477148081,0.342687074829932,0.5800000000000409,2
2,84415966.0,0.5317368209833829,0.441735717824427,0.4077134590155096,1.0,1.0,0.4976133114901544,0.5098503514554201,0.0,0.4722845297839844,0.6986559139784946,0.8484829056404175,0.3556145974296574,0.6764983151476252,0.3235016848523748,0.4588479012740836,1.0,1.0,0.4746343692870201,0.5858843537414966,0.6299999999999955,2
2,85357670.0,0.5360583748120848,0.4417823455698785,0.4078284779756664,1.0,1.0,0.6756994635572259,0.7563704628118567,0.0,0.3917084878900285,0.8569892473118279,0.924009040055138,0.4828363618323683,0.5607650032092427,0.4392349967907574,0.4113787308954149,1.0,0.5263333333333333,0.4563528336380256,1.0,0.5799999999999841,2
2,86091691.0,0.5468441806480283,0.4446110954605947,0.410430781949212,1.0,1.0,0.6544216375959654,0.664384073042996,0.0,0.4055800421848862,0.997043010752688,1.0,0.4648114411392632,0.5771622272143775,0.4228377727856226,0.4060530082775421,1.0,0.4883333333333333,0.5011425959780622,0.3460884353741497,0.589999999999975,2
2,86686254.0,0.6111821637099719,0.4848352972033067,0.4458278669374405,1.0,1.0,0.5965500626385274,0.4736701758877049,0.0,0.4920212379082116,1.0,1.0,0.3902643379424581,0.6449775353016688,0.3550224646983312,0.4221991055631129,1.0,0.499,0.6126599634369287,0.2491496598639455,1.8500000000000227,2
2,87058469.0,0.6463040488364703,0.4734581273131733,0.4418884675520731,1.0,1.0,0.69050142944332,0.5688137979584653,0.0,0.4324387228162049,1.0,1.0,0.4620443126414227,0.5796794768934532,0.4203205231065469,0.4109252887359633,1.0,0.4696666666666667,0.4828610603290676,0.6658163265306123,-2.730000000000018,0
2,87270502.0,0.6463040488364703,0.4722613485132549,0.4426360907930917,1.0,1.0,0.6904500337284378,0.5437266007487761,0.0,0.4306698668994109,1.0,1.0,0.4631247054413763,0.5786966463414634,0.4213033536585366,0.4160820819218834,1.0,0.5176666666666667,0.3539762340036563,0.3988095238095238,-4.019999999999982,0
2,87473800.0,0.6463040488364703,0.5055846439291648,0.4662581097352767,1.0,1.0,0.7999743021425588,0.6363103047369151,0.0,0.4309724343588625,1.0,1.0,0.502867726296816,0.5425425224646984,0.4574574775353016,0.3947525183821895,1.0,0.6383333333333334,0.4462979890310786,0.66921768707483,0.9900000000000092,2
2,87685427.0,0.6463040488364703,0.52521492476419,0.4830652552881764,1.0,1.0,0.7867142077029327,0.4886883619724169,0.0,0.4663728271146993,1.0,1.0,0.4768831770162969,0.5661806001283698,0.4338193998716303,0.3991980297493621,1.0,0.6756666666666666,0.4472120658135283,0.3698979591836735,1.9300000000000068,2
0,3493583.0,0.0249808240912212,0.037302196361093,0.034505688047014,0.0,0.0,0.0,0.043433276801809,0.0,0.0920037820932431,0.0,0.0,0.0,1.0,0.0,0.5788233620513367,0.0,0.375,0.375,0.3988095238095238,0.0,1
0,3723596.0,0.0296547487826365,0.0423224502880234,0.0391495785633413,0.0,0.0,0.0,0.043433276801809,0.0,0.0995214197396174,0.0,0.0,0.0,1.0,0.0,0.5786988877330559,0.0,0.375,0.375,0.3988095238095238,0.0,1
0,3956829.0,0.0347144842173529,0.0480421203967244,0.0444404507305501,0.0,0.0,0.0,0.043433276801809,0.0,0.1080864062840934,0.0,0.0,0.0,1.0,0.0,0.5788855992104771,0.0,0.375,0.375,0.3988095238095238,0.0,1
0,4192465.0,0.0428534703743699,0.0520831916691761,0.0481785669356433,0.0,0.0,0.0,0.043433276801809,0.0,0.1141377554731253,0.0,0.0,0.0,1.0,0.0,0.5787077787557902,0.0,0.375,0.375,0.3988095238095238,0.0,1
0,4428964.0,0.0505313433041742,0.0566837958870442,0.0524342684614416,0.0,0.0,0.0,0.043433276801809,0.0,0.1210269837806386,0.0,0.0,0.0,1.0,0.0,0.578832253074071,0.0,0.375,0.375,0.3988095238095238,0.0,1
0,4664797.0,0.0534252152975587,0.0695685962134385,0.0643531082076811,0.0,0.0,0.0,0.043433276801809,0.0,0.1403214779256673,0.0,0.0,0.0,1.0,0.0,0.5788233620513367,0.0,0.375,0.375,0.3988095238095238,0.0,1
0,5009106.0,0.0659789852954997,0.0722730054496177,0.0668547705910896,0.0,0.0,0.0,0.043433276801809,0.0,0.1443712269983272,0.0,0.0,0.0,1.0,0.0,0.578858926142274,0.0,0.375,0.375,0.3988095238095238,0.0,1
0,5624640.0,0.0828524369571999,0.097638498975161,0.0903186384630591,0.0,0.0,0.0,0.043433276801809,0.0,0.1823550803694814,0.0,0.0,0.0,1.0,0.0,0.5787966889831336,0.0,0.375,0.375,0.3988095238095238,0.0,1
0,6302669.0,0.1098991306151107,0.1002807378840717,0.0927627913663893,0.0,0.0,0.0,0.043433276801809,0.0,0.18631173176231,0.0,0.0,0.0,1.0,0.0,0.5787877979603994,0.0,0.375,0.375,0.3988095238095238,0.0,1
0,6707063.0,0.1143267950929808,0.1084250507562437,0.100296533256654,0.0015763546798029,0.0,5.139571488227168e-05,0.043433276801809,0.0,0.1984842534002473,0.0032258064516129,0.0,0.0001322929959126,0.9998796534017972,0.0001203465982028,0.5787255608012588,0.0,0.375,0.375,0.3988095238095238,0.0,1
0,6938372.0,0.1169783480754459,0.1212476807553694,0.1121578635228151,0.0031527093596059,0.0,0.0001027914297645,0.043433276801809,0.0,0.217662375445487,0.0056451612903225,0.0,0.0002315127428472,0.9997893934531452,0.0002106065468549,0.5787077787557902,0.0008233841086867,1.0,0.375,1.0,0.0,1
0,7199436.0,0.1340147777667575,0.1292987381366387,0.1195765864529231,0.0031527093596059,0.0,0.0001027914297645,0.043433276801809,0.0,0.2297185249836352,0.0053763440860215,0.0,0.0002204883265211,0.9997994223363288,0.0002005776636713,0.5786633236421185,0.0008233841086867,0.375,0.375,0.3988095238095238,0.019999999999996,2
0,7497122.0,0.1413643047035273,0.1403028860631611,0.1297413870567726,0.0031527093596059,0.0,0.0001027914297645,0.043433276801809,0.0,0.2461968143137683,0.0051075268817204,0.0,0.0002094639101951,0.999809451219512,0.0001905487804878,0.5786544326193842,0.0008233841086867,0.375,0.375,0.3988095238095238,0.0299999999999869,2
0,7831851.0,0.1495146473780303,0.1461779819900333,0.1351904102941969,0.0141871921182266,0.0,0.0004625614339404,0.043433276801809,0.0,0.2548316241181177,0.0220430107526881,0.0,0.0009040021387367,0.9991776315789476,0.0008223684210526,0.5782721186418073,0.0032935364347468,1.0,0.375,1.0,0.019999999999996,2
0,8236880.0,0.156569863182328,0.1563583730802483,0.1445932102870082,0.0488669950738916,0.0,0.0015932671613504,0.043433276801809,0.0,0.2695643319514147,0.071505376344086,0.0,0.0029324947427314,0.9973323170731708,0.0026676829268292,0.5772941061410293,0.0115273775216138,1.0,0.375,1.0,0.0300000000000011,2
0,8674633.0,0.1685426278636383,0.1732065317700086,0.1602070341282821,0.0472906403940886,0.0,0.0015418714464681,0.043433276801809,0.0,0.2948170776056441,0.0634408602150537,0.0,0.0026017622529497,0.9976331835686778,0.0023668164313222,0.5774452535275132,0.0115273775216138,0.3536666666666667,0.375,0.3443877551020408,0.0099999999999909,2
0,9030873.0,0.1790184327780408,0.1766725275152269,0.1643333393239042,0.0504433497536945,0.0,0.0016446628762326,0.043433276801809,0.0,0.2999607244163212,0.0663978494623655,0.0,0.0027230308325363,0.9975228658536586,0.0024771341463414,0.5774808176184506,0.0115273775216138,0.4196666666666667,0.375,0.5127551020408163,-0.6299999999999955,0
0,9234330.0,0.1804800147486993,0.1843816480965194,0.1704149668421904,0.1182266009852216,0.0,0.0038546786161703,0.043433276801809,0.0,0.3105040366572115,0.1497311827956989,0.0,0.0061405998936143,0.9944139120667524,0.0055860879332477,0.5757026130715815,0.0279950596953478,1.0,0.375,1.0,0.0999999999999943,2
0,9346870.0,0.1831121813139858,0.186619779878185,0.1725859497151483,0.1891625615763546,0.0,0.0061674857858726,0.043433276801809,0.0,0.3128082042330352,0.2370967741935483,0.0,0.0097235351995832,0.9911545250320924,0.0088454749679075,0.5738710623883064,0.0444627418690819,0.775,0.375,1.0,0.0300000000000011,2
0,9377855.0,0.1853608543343397,0.1904121698415627,0.1761227827399673,0.5769458128078818,0.0,0.0188108316469114,0.043433276801809,0.0,0.3127616553931195,0.710752688172043,0.0,0.0291485567660977,0.9734836328626444,0.0265163671373555,0.563993136130449,0.1358583779333058,1.0,0.375,1.0,0.0099999999999909,2
0,9448529.0,0.1751891917753332,0.1886403155144109,0.1744550078176949,0.816551724137931,0.0,0.0266229803090167,0.043433276801809,0.018953488372093,0.3027769292312169,1.0,0.0,0.0415840983818912,0.9502567394094996,0.0497432605905006,0.551190063392992,0.1918484973240016,0.6516666666666666,0.375,1.0,0.0300000000000011,2
0,9789055.0,0.1828264327288391,0.2068873065677122,0.1916790971011628,0.9852216748768472,0.0,0.0321223218014198,0.043433276801809,0.1226744186046511,0.3068499527238345,1.0,0.0,0.0462253776551617,0.8869644576379975,0.1130355423620025,0.515279222568972,0.2313709345409633,0.513,0.375,0.7508503401360545,-0.2099999999999795,0
0,10242085.0,0.1978458652829607,0.216787931185219,0.2003774059630142,1.0,0.0,0.0398316790337605,0.043433276801809,0.2337209302325581,0.295957524183577,1.0,0.0,0.0549677398017258,0.820292442233633,0.1797075577663671,0.4736603451495025,0.2865376698229724,0.5336666666666667,0.375,0.8069727891156463,0.1099999999999852,2
0,10642089.0,0.1978458652829607,0.2356099977657539,0.2178027784267563,1.0,0.0035495082452118,0.0753975137322925,0.043433276801809,0.4004651162790697,0.2746614299221762,1.0,0.0046161983683021,0.0965408137672911,0.7060133183568679,0.2939866816431322,0.4072444053239444,0.5360230547550432,0.9483333333333334,0.375,1.0,0.0999999999999943,2
0,11027135.0,0.1978458652829607,0.2507329298738136,0.2315906762755423,1.0,0.0118316941507062,0.0802801066461083,0.043433276801809,0.4724418604651163,0.2806895046912503,1.0,0.0144897337671704,0.0971471566652243,0.6817534499358151,0.3182465500641849,0.3927698203124305,0.5706051873198847,0.4123333333333333,1.0,0.5093537414965987,0.2399999999999806,2
0,59057333.0,0.5077064677695674,0.5612737145799132,0.5395683194651619,0.0,0.0556089625083191,0.0509331534483312,0.043433276801809,0.9890697674418604,0.6555938613717363,0.0,0.0319287053807562,0.0289721661048807,0.7474025192554558,0.2525974807445443,0.4412081121691428,0.0345821325648414,0.375,0.3941956124314442,0.3358843537414966,-14.170000000000016,0
0,59288095.0,0.5215829526326184,0.5732570451609144,0.54523300325288,0.0,0.0567921319233897,0.0490315119976871,0.0345588941153883,1.0,0.6626925594588698,0.0,0.0319287053807562,0.0273295280722981,0.7403221277278562,0.2596778722721438,0.4474318280831844,0.0354055166735282,0.375,0.3941956124314442,0.3358843537414966,-10.400000000000034,0
0,59540764.0,0.5340699122054346,0.5770960628697435,0.5459231170138203,0.0,0.0739480884419137,0.0571520349490861,0.0408733587191876,1.0,0.669977452905666,0.0,0.0414175575822661,0.0316621236884389,0.7436818035943518,0.2563181964056483,0.4402300996683648,0.0461095100864553,0.375,0.6510511882998171,0.681122448979592,-8.409999999999968,0
0,59820385.0,0.5526725114518848,0.5941462751231265,0.5527092356630664,0.0,0.076314427272055,0.0549420192091484,0.0275617846895566,1.0,0.6945552403811187,0.0,0.0415457853147189,0.0296005578354661,0.7497091623876766,0.2502908376123235,0.4543579347932392,0.0477562783038287,0.375,0.4042504570383912,0.3324829931972789,-2.160000000000025,0
0,60169964.0,0.5663251485120719,0.5874785075235811,0.5542044821451038,0.0,0.1147674332618501,0.0726735408435321,0.0413000117329578,0.9302325581395348,0.6967663102771111,0.0,0.0630880443667954,0.0395776546105487,0.7603297496790759,0.2396702503209242,0.453682217065429,0.0716344174557431,0.375,0.8356946983546618,0.9481292517006804,-7.490000000000009,0
0,60596107.0,0.5836914407496051,0.5943638712685662,0.5617669787754076,0.0015763546798029,0.1715595651852399,0.0870129452956859,0.0419826565549902,0.9490697674418606,0.6968128591170268,0.0008064516129032,0.0933497892256648,0.046853769385747,0.751885430038511,0.2481145699614891,0.4530064993376188,0.107863318237958,0.375,0.8274680073126143,0.7338435374149661,-8.319999999999993,0
0,61051093.0,0.5978991365074612,0.592685272432317,0.5590640332117248,0.0015763546798029,0.2496487465799008,0.0930262439369117,0.0391667466641067,0.8773255813953489,0.7059364317404905,0.0008064516129032,0.1361778518649121,0.0502272407815208,0.7638398587933248,0.2361601412066752,0.4744160820819219,0.1564429806504734,0.375,0.7909049360146252,0.5161564625850341,-7.520000000000039,0
0,61535859.0,0.6132580107122744,0.5919703136687293,0.5550815017162986,0.0015763546798029,0.3117651408711084,0.1011467668883106,0.0433479461990549,0.732906976744186,0.7300952796567025,0.0008064516129032,0.1702864286973665,0.0546811049772483,0.7909579589216946,0.2090420410783055,0.4714998266250566,0.1959654178674351,0.375,0.6026051188299817,0.5467687074829932,-5.20999999999998,0
0,62027303.0,0.60890357893213,0.5797693869422885,0.5521485182323025,0.0031527093596059,0.4217998964726761,0.112762198451704,0.0438599298155792,0.6103488372093023,0.7310960797148884,0.0013440860215053,0.2350414335860488,0.0621887324952939,0.8080872913992299,0.1919127086007702,0.4700061348056866,0.2651296829971181,1.0,0.6976691042047531,0.5943877551020409,-11.02000000000004,0
0,62506222.0,0.5808296797590725,0.5608074371253995,0.5228761928724189,0.0031527093596059,0.5489906085927677,0.1297227843628537,0.0446279052403656,0.8034883720930232,0.6563619172303442,0.0013440860215053,0.3158249050313357,0.0738525649682634,0.7488767650834403,0.2511232349165597,0.4257910787477883,0.3441745574310415,0.375,0.6510511882998171,0.6539115646258504,-2.8600000000000136,0
0,63006482.0,0.5918410515018809,0.5690450054884743,0.5302086515824094,0.0063054187192118,0.6087406640538341,0.1345539815617872,0.0306336863887022,0.7225581395348837,0.6827085606225909,0.0026881720430107,0.345317283495488,0.0755393006661503,0.7681623074454429,0.2318376925545571,0.4369493122793915,0.3828736105393166,1.0,0.4746343692870201,0.461734693877551,-2.660000000000025,0
0,63509285.0,0.6008006043126766,0.5471455077081493,0.515069280951782,0.0378325123152709,0.9441691932263552,0.1809129163855963,0.0485531129670517,0.802093023255814,0.6130016728489347,0.0174731182795698,0.5561236756479508,0.1054595665750721,0.7160622593068037,0.2839377406931964,0.4213277853351471,0.600247015232606,1.0,0.8786563071297989,0.9855442176870748,-6.21999999999997,0
0,63960488.0,0.6097902217860639,0.5407730491631292,0.5172833959347988,0.212807881773399,1.0,0.2119559281744884,0.045310550062398,0.8187209302325581,0.5860731689577425,0.0997311827956989,0.6990975973328633,0.1249507346395429,0.6922737483953788,0.3077262516046213,0.4547580308162848,0.7855084396871139,1.0,0.5971206581352834,0.6913265306122449,-11.860000000000014,0
0,64389386.0,0.6212486674603481,0.5320847459273579,0.5129414301888827,0.3168472906403941,1.0,0.2734765988885676,0.0401053832944012,0.821046511627907,0.5447377991126628,0.1508064516129032,1.0,0.1637346312746155,0.6534017971758665,0.3465982028241335,0.4278093409084847,1.0,0.7010000000000001,0.7689670932358319,0.8920068027210886,-14.430000000000009,0
0,64865914.0,0.6417614316000346,0.5006887306567712,0.4926549610912425,0.638423645320197,1.0,0.3315537567055346,0.0502597250221326,0.7412790697674418,0.4873896283366064,0.3220430107526881,1.0,0.2103568879175153,0.6195242297817716,0.3804757702182285,0.3886532767864287,1.0,1.0,0.4892595978062157,0.7593537414965987,-20.52000000000004,0
0,65382107.0,0.6575942689926713,0.5019165946203239,0.4946390381539458,1.0,1.0,0.4284346792586168,0.0537582797350484,0.8179069767441861,0.4300181831405921,0.5973118279569892,1.0,0.2711896172047042,0.5451199454428756,0.4548800545571245,0.3307816098085763,1.0,0.9476666666666668,0.6126599634369287,0.8954081632653061,-21.110000000000014,0
0,65893359.0,0.6722620080638678,0.5023984146566547,0.4902539402979711,1.0,1.0,0.4266358292377373,0.0458225336789222,0.8340697674418605,0.4283191504836716,0.825,1.0,0.2698115651639469,0.5424622913992299,0.4575377086007702,0.2735767695357997,1.0,0.6296666666666667,0.3046160877513711,0.3920068027210884,-17.75,0
0,66354473.0,0.6891739658957786,0.500906326802211,0.4845748791402333,1.0,1.0,0.5082522244707847,0.0501743944193785,0.8179069767441861,0.3923601716488473,0.9107526881720428,1.0,0.3223318845412878,0.4982048299101412,0.5017951700898587,0.2457923234909711,1.0,0.4423333333333333,0.6821297989031079,0.7236394557823129,-14.759999999999993,0
0,66752473.0,0.7012627005664795,0.4939743353117744,0.4844167280700179,1.0,1.0,0.5660724037133403,0.0464198478982006,0.7565116279069768,0.3680849516328461,1.0,1.0,0.3638057387599186,0.4735538350449294,0.5264461649550707,0.2310776808656299,1.0,0.4456666666666666,0.5084552102376599,0.592687074829932,-19.110000000000014,0
0,67110958.0,0.7128313856278568,0.4837628590579252,0.4779325341911832,1.0,1.0,0.6154122900003212,0.0506010474331488,0.6532558139534883,0.3511178994835989,1.0,1.0,0.4034495398684236,0.4607770378690629,0.5392229621309371,0.215749557671619,1.0,0.3616666666666667,0.4865173674588665,0.5467687074829932,-21.170000000000016,0
0,67351860.0,0.6320117710203859,0.457511438368806,0.449450964182377,1.0,1.0,0.6868009379717965,0.0587074546947831,0.584186046511628,0.2933042403083861,1.0,1.0,0.4747664890816937,0.4057284980744545,0.5942715019255456,0.1927484818578681,1.0,0.3816666666666666,0.5441042047531992,0.5960884353741497,-18.25,0
0,67668788.0,0.6815358171919351,0.4537812187326966,0.4553313085203889,1.0,1.0,0.6295461115929458,0.0462491866926925,0.536046511627907,0.323281693214052,1.0,1.0,0.4385733302832448,0.450868501283697,0.549131498716303,0.2145848336934197,1.0,0.353,0.2461151736745886,0.2576530612244898,-24.74000000000001,0
0,68179315.0,0.7103034944917384,0.4797062452036564,0.4375608791761767,1.0,1.0,0.6941505251999615,0.0482971211587895,0.5511627906976744,0.329821805222198,1.0,1.0,0.4587369877436052,0.4362363607188704,0.5637636392811297,0.2038089141393934,1.0,0.4416666666666666,0.5898080438756855,0.5739795918367347,4.300000000000011,2
0,68682965.0,0.7103034944917384,0.42989227047978,0.4311629495174595,1.0,1.0,0.6972856638077799,0.047273153925741,0.472093023255814,0.2696341552112881,1.0,1.0,0.5112903803699244,0.3956895860077022,0.6043104139922978,0.1866047851484356,1.0,0.4016666666666666,0.3969378427787934,0.407312925170068,-23.30000000000001,0
0,69138185.0,0.7103034944917384,0.4168831294988489,0.4333483097604371,1.0,1.0,0.739687128585654,0.04915042718633,0.4719767441860465,0.2309753436613572,1.0,1.0,0.5583646380821927,0.3488045571245186,0.6511954428754815,0.1695962586576334,1.0,0.419,0.3877970749542961,0.5025510204081634,-33.19,0
0,69551334.0,0.7103034944917384,0.4295503336798034,0.4391423898783315,1.0,1.0,0.7808037004914714,0.047358484528495,0.4230232558139535,0.2411229907629646,1.0,1.0,0.5729609652978936,0.353959403080873,0.6460405969191272,0.1704053417264588,1.0,0.579,0.4033363802559415,0.494047619047619,-29.069999999999997,0
0,191786219.25,1.0,1.0,1.0,0.0772413793103448,0.3306958515122383,1.0,1.0,1.0,1.0,0.0034946236559139,0.0188494766705669,0.1017553626895166,0.7085807124518614,0.2914192875481387,0.5172530296159966,0.2256072457801564,0.443,0.5632998171846435,0.0552721088435374,-52.14374999999996,0
0,191786219.25,1.0,1.0,1.0,0.0851231527093596,0.398728092878799,1.0,1.0,1.0,1.0,0.003763440860215,0.0232092195739633,0.0828264398576748,0.7177972560975611,0.282202743902439,0.5193602020040364,0.2700699876492383,0.443,0.5632998171846435,0.0552721088435374,-52.14374999999996,0
0,191786219.25,1.0,1.0,1.0,0.0866995073891625,0.6122901722990459,1.0,1.0,1.0,1.0,0.003763440860215,0.0344932600298129,0.0964526184366826,0.7087512034659821,0.291248796534018,0.5111537880202358,0.4034582132564842,0.3876666666666666,0.8649451553930531,0.7406462585034015,-52.14374999999996,0
0,191786219.25,1.0,1.0,1.0,0.0835467980295566,0.661983287732012,1.0,1.0,1.0,1.0,0.003763440860215,0.0370578146788696,0.0994953573426747,0.711519175224647,0.288480824775353,0.5162038889333439,0.433923425277892,0.351,0.4490402193784277,0.4634353741496599,-52.14374999999996,0
0,191786219.25,1.0,1.0,1.0,0.0914285714285714,0.8365007764549286,1.0,1.0,1.0,1.0,0.0040322580645161,0.0459055282181153,0.0962762277754657,0.7123114569961488,0.2876885430038511,0.5127363900669494,0.5450802799505969,0.4376666666666666,0.6163162705667276,0.3784013605442177,-52.14374999999996,0
0,191786219.25,1.0,1.0,1.0,0.0866995073891625,1.0,1.0,1.0,1.0,1.0,0.003763440860215,0.0565484300117007,0.0964526184366826,0.7178875160462131,0.2821124839537869,0.5144701395001466,0.6801152737752161,0.3403333333333333,0.6126599634369287,0.4379251700680272,-52.14374999999996,0
0,191786219.25,1.0,1.0,1.0,0.0803940886699507,1.0,1.0,1.0,1.0,1.0,0.0034946236559139,0.0842456202215134,0.1038279529588155,0.7104561136071889,0.2895438863928113,0.5065304561983764,1.0,0.3263333333333333,0.8256398537477148,0.5348639455782314,-52.14374999999996,0
0,191786219.25,1.0,1.0,1.0,0.0961576354679803,1.0,1.0,1.0,1.0,1.0,0.0040322580645161,0.1066854734007597,0.0925830483062362,0.7205451700898589,0.2794548299101412,0.5092066540414143,1.0,0.5056666666666667,0.6455667276051189,0.2508503401360544,-52.14374999999996,0
0,191786219.25,1.0,1.0,1.0,0.1355665024630541,1.0,1.0,1.0,1.0,1.0,0.0056451612903225,0.1728509833464232,0.1012151662895397,0.7110779043645701,0.2889220956354301,0.5028584638090919,1.0,0.6483333333333334,0.9298446069469836,0.5416666666666667,-52.14374999999996,0
0,191786219.25,1.0,1.0,1.0,0.140295566502463,1.0,1.0,1.0,1.0,1.0,0.0061827956989247,0.2404269983490679,0.1162855434072612,0.6908697047496791,0.3091302952503209,0.4794661829950299,1.0,0.3983333333333333,0.6812157221206581,0.5722789115646258,-52.14374999999996,0
0,191786219.25,1.0,1.0,1.0,0.1907389162561576,1.0,1.0,1.0,1.0,1.0,0.0077956989247311,0.2950520123739762,0.1137499276522678,0.6997954107830553,0.3002045892169448,0.4846140851582156,1.0,0.615,0.631855575868373,0.4345238095238095,-52.14374999999996,0
0,191786219.25,1.0,1.0,1.0,0.2868965517241379,1.0,1.0,1.0,1.0,1.0,0.0120967741935483,0.3768613056788857,0.1374413983369668,0.6811617458279846,0.3188382541720154,0.466538635939292,1.0,0.7110000000000001,0.621800731261426,0.7406462585034015,-52.14374999999996,0
0,191786219.25,1.0,1.0,1.0,0.6825615763546798,1.0,1.0,1.0,1.0,1.0,0.028763440860215,0.4468736475981343,0.1343214885166923,0.6868581514762516,0.3131418485237484,0.4507926346767668,1.0,1.0,0.5322212065813529,0.3409863945578231,-52.14374999999996,0
0,191786219.25,1.0,1.0,1.0,1.0,1.0,1.0,1.0,1.0,1.0,0.0599462365591397,0.5306063568898364,0.1414542858796519,0.6762074775353017,0.3237925224646983,0.4513794421772336,1.0,1.0,0.5505027422303473,0.4957482993197279,-52.14374999999996,0
0,191786219.25,1.0,1.0,1.0,1.0,1.0,1.0,1.0,1.0,1.0,0.1897849462365591,0.5686899934283287,0.1471759579528761,0.6709322849807446,0.3290677150192554,0.4478052510380269,1.0,1.0,0.4499542961608775,0.4855442176870748,-52.14374999999996,0
0,191786219.25,1.0,1.0,1.0,1.0,1.0,1.0,1.0,1.0,1.0,0.2569892473118279,0.5988235105547453,0.1502186968588682,0.6675826379974327,0.3324173620025674,0.4260133543161469,1.0,0.6083333333333334,0.4207038391224862,0.429421768707483,-52.14374999999996,0
0,191786219.25,1.0,1.0,1.0,1.0,1.0,1.0,1.0,1.0,1.0,0.360752688172043,0.7120485983105997,0.1685412767927768,0.64899911745828,0.3510008825417202,0.4068532003236332,1.0,0.6456666666666666,0.5486745886654479,0.6079931972789117,-52.14374999999996,0
0,191786219.25,1.0,1.0,1.0,1.0,1.0,1.0,1.0,1.0,1.0,0.5126344086021505,0.8046290211415476,0.1923981137223666,0.6257621951219512,0.3742378048780488,0.3941123647453166,1.0,0.647,0.4846892138939671,0.6232993197278912,-52.14374999999996,0
0,191786219.25,1.0,1.0,1.0,1.0,1.0,1.0,1.0,1.0,1.0,0.5973118279569892,0.8321979836189073,0.1923760648897145,0.6323511713735559,0.3676488286264441,0.3884132191726014,1.0,0.5136666666666667,0.4408135283363802,0.461734693877551,-52.14374999999996,0
0,191786219.25,1.0,1.0,1.0,1.0,1.0,1.0,1.0,1.0,1.0,0.6908602150537634,0.91234031640193,0.2016916966852336,0.6213193998716303,0.3786806001283697,0.367821610519858,1.0,0.4716666666666667,0.4526965265082266,0.4634353741496599,-52.14374999999996,0
0,191786219.25,1.0,1.0,1.0,1.0,1.0,1.0,1.0,1.0,1.0,0.8690860215053763,1.0,0.2239720420801971,0.6003289473684211,0.3996710526315789,0.3431756955002534,1.0,0.5236666666666667,0.504798903107861,0.5348639455782314,-52.14374999999996,0
0,191786219.25,1.0,1.0,1.0,1.0,1.0,1.0,1.0,1.0,1.0,1.0,1.0,0.2286794678514239,0.6037287387676509,0.3962712612323492,0.3538893778951392,1.0,0.547,0.4837751371115174,0.4821428571428572,-52.14374999999996,0
0,191786219.25,1.0,1.0,1.0,1.0,1.0,1.0,1.0,1.0,1.0,1.0,1.0,0.2463957048873994,0.595354621309371,0.404645378690629,0.3419842984538511,1.0,0.5396666666666667,0.5102833638025595,0.5892857142857143,-52.14374999999996,0
0,191786219.25,1.0,1.0,1.0,1.0,1.0,1.0,1.0,1.0,1.0,1.0,1.0,0.2500227378586725,0.5898788510911426,0.4101211489088575,0.3264250086687471,1.0,0.485,0.3475776965265082,0.4107142857142857,-52.14374999999996,0
0,191786219.25,1.0,1.0,1.0,1.0,1.0,1.0,1.0,1.0,1.0,1.0,1.0,0.265280530053937,0.5801006899871631,0.419899310012837,0.3183252869577587,1.0,0.5556666666666668,0.4417276051188299,0.560374149659864,-52.14374999999996,0
0,191786219.25,1.0,1.0,1.0,1.0,1.0,1.0,1.0,1.0,1.0,1.0,1.0,0.2826439857674785,0.5687379653401797,0.4312620346598203,0.3188765303672881,1.0,0.5616666666666666,0.4005941499085923,0.5637755102040817,-52.14374999999996,0
1,24787052.0,0.0127929161490897,0.0480576629785415,0.0462951314630771,0.0,0.0,0.0181426873534419,0.0301217027721779,0.0,0.0998938104589425,0.0,0.0,0.0830469281841959,0.9244524229781772,0.0755475770218228,0.9582299751940464,0.0,0.375,0.375,0.7984693877551021,-1.2800000000000011,0
1,25090289.0,0.0136344457682139,0.0497673469784249,0.0467408299336843,0.0,0.0,0.0224085316886704,0.0372041428007637,0.0,0.1005222197978035,0.0,0.0,0.1002229688201945,0.9088274229781772,0.0911725770218228,0.9418438202946484,0.0,0.375,0.375,0.7984693877551021,-0.490000000000002,0
1,25399987.0,0.0144350971066753,0.0520054787600905,0.0479916611253886,0.0,0.0,0.0309402203591275,0.0513690228579352,0.0,0.1000101825587315,0.0,0.0,0.1343435373493444,0.8777880295250321,0.1222119704749679,0.910120651178505,0.0,0.375,0.375,1.0,0.0799999999999983,2
1,25711261.0,0.0153190620396704,0.0509796683601604,0.0471433962942328,0.0,0.0,0.0419902990588159,0.0697151024500549,0.0,0.0934700705505855,0.0,0.0,0.1847912664573865,0.8318958600770219,0.1681041399229781,0.8638339868235042,0.0,0.375,0.375,1.0,0.0100000000000051,2
1,26029350.0,0.0173314557599363,0.0524717562146042,0.0481785669356433,0.0,0.0,0.0313513860781857,0.0520516676799675,0.0,0.1005222197978035,0.0,0.0,0.1353136859860376,0.8769054878048781,0.1230945121951219,0.9177313666391044,0.0,0.375,0.375,0.0,0.25,2
1,26356977.0,0.0193157083009298,0.0493166121057284,0.0452168287116079,0.0,0.0,0.0458963733898686,0.0762002282593623,0.0,0.0892108516983053,0.0,0.0,0.2065203910360471,0.812128931322208,0.187871068677792,0.8525957340872921,0.0,0.375,0.375,1.0,0.2800000000000011,2
1,26699046.0,0.0215954983116981,0.0518811381055535,0.0473878115845659,0.0,0.0,0.0238990074202563,0.039678730280631,0.0,0.1030125827332897,0.0,0.0,0.1039381971220761,0.9054476893453146,0.0945523106546855,0.9601326540591965,0.0,0.375,0.375,0.0,0.4200000000000017,2
1,27076013.0,0.0248309165600491,0.0514148606510399,0.0489836996567402,0.0,0.0,0.0240017988500208,0.0398493914861391,0.0,0.1022678012946396,0.0,0.0,0.1050296143383558,0.9044548299101411,0.0955451700898587,0.968321285997528,0.0,0.375,0.375,0.4056122448979592,-0.9899999999999948,0
1,27494780.0,0.0280971035458952,0.0532799704690945,0.0494293981273475,0.0,0.0,0.0230766759821399,0.0383134406365663,0.0,0.1054796712488181,0.0,0.0,0.0985693063712858,0.9103317554557124,0.0896682445442875,0.981640038053577,0.0,0.375,0.375,0.3324829931972789,-0.1000000000000014,0
1,27939333.0,0.0311746436307976,0.053093459487289,0.0490412091368186,0.0,0.0,0.033304423243712,0.0552942305846212,0.0,0.1005687686377191,0.0,0.0,0.1425898007612359,0.8702864249037228,0.1297135750962773,0.941808256203711,0.0,0.375,0.375,1.0,0.0500000000000042,2
1,28385509.0,0.0346489584153219,0.0559999222870909,0.0501195118882878,0.0,0.0,0.0420930904885805,0.069885763655563,0.0,0.1009411593570441,0.0,0.0,0.1737337768823502,0.8419548299101413,0.1580451700898588,0.9139437909542734,0.0,0.375,0.375,0.8477891156462585,1.1700000000000017,2
1,28823194.0,0.0382513819648643,0.057289956577912,0.0519454378807756,0.0,0.0,0.0292955574828948,0.0486384435698057,0.0,0.1086682667830388,0.0,0.0,0.1190085742397976,0.8917382060333762,0.1082617939666238,0.9714509260000176,0.0,0.375,0.375,0.0,0.7299999999999969,2
1,29261908.0,0.0423768465693983,0.0576008082142544,0.0523192495012849,0.0,0.0,0.0341781503967106,0.05674485083144,0.0,0.1069226852862026,0.0,0.0,0.1383233516430514,0.8741676026957639,0.1258323973042362,0.9536066433721868,0.0,0.375,0.375,0.6828231292517007,0.6700000000000017,2
1,29724065.0,0.0469166207608513,0.0601031638868111,0.0543320813040274,0.0,0.0,0.0292955574828948,0.0486384435698057,0.0,0.1128809367954033,0.0,0.0,0.1150728576113948,0.8953185173299102,0.1046814826700898,0.9782169943008544,0.0,0.375,0.375,0.1556122448979592,0.8800000000000026,2
1,30222994.0,0.0515052954170212,0.061875018213963,0.0561148751864565,0.0,0.0,0.0311971989335389,0.0517956758717054,0.0,0.1146730671321551,0.0,0.0,0.120033844958121,0.8908055198973043,0.1091944801026957,0.9738603931610252,0.0,0.375,0.375,0.5093537414965987,0.7800000000000011,2
1,30749349.0,0.0566555220398425,0.0644550867956053,0.0577682727387092,0.0,0.0,0.0350518775497092,0.0581954710782588,0.0,0.1167910393483162,0.0,0.0,0.1309590415372446,0.8808668966623877,0.1191331033376123,0.9654761587225378,0.0,0.375,0.375,0.6096938775510204,1.2899999999999991,2
1,31284565.0,0.0611930852153672,0.0664756224318312,0.0593354060708445,0.0,0.0,0.0352574604092383,0.058536793489275,0.0,0.1197236162630009,0.0,0.0,0.1288203047699893,0.8828125,0.1171875,0.9676722413379208,0.0,0.375,0.375,0.4090136054421769,1.5,2
1,31819172.0,0.0647543672778429,0.0697861923588782,0.0636342397067016,0.0015763546798029,0.0,0.0408081976165237,0.0676671679839578,0.0,0.1221674303585715,0.0043010752688172,0.0,0.1438796574713848,0.8691130455712452,0.1308869544287548,0.9524330283712534,0.0,0.375,0.375,0.6658163265306123,0.6400000000000006,2
1,32373489.0,0.0697283696095541,0.0733765287586334,0.0673148464317164,0.0015763546798029,0.0,0.0303748674954225,0.0503450556248866,0.0,0.1322685286202633,0.0043010752688172,0.0,0.1031775123955781,0.9061396822849808,0.0938603177150192,0.9899620353329244,0.0,0.375,0.375,0.0,0.3900000000000005,2
1,32964700.0,0.0750862001878921,0.0740137746131354,0.0703484715058498,0.0015763546798029,0.0,0.0332530275288297,0.0551235693791132,0.0,0.1319194123208961,0.0043010752688172,0.0,0.1122175337829458,0.8979159980744544,0.1020840019255455,0.9722422270233744,0.0,0.375,0.375,0.560374149659864,-1.3100000000000025,0
1,33586373.0,0.0769808648310907,0.0786299214128207,0.076358212174038,0.0015763546798029,0.0,0.0257492531560181,0.0426653013770226,0.0,0.1422299803622082,0.0040322580645161,0.0,0.0830138549352177,0.924482509627728,0.0755174903722721,0.9987819298853946,0.0,0.375,0.375,0.0144557823129251,-2.519999999999996,0
1,34243696.0,0.0841483296079257,0.0862613290850276,0.0849558794457524,0.0078817733990147,0.0,0.0258006488709003,0.0424093095687604,0.0,0.1536344461415376,0.0188172043010752,0.0,0.0774685735232105,0.929527037869063,0.0704729621309371,1.0,0.0016467682173734,1.0,0.375,0.4022108843537415,-3.5900000000000034,0
1,34938953.0,0.0900432817705413,0.0919032862846429,0.088363316140395,0.06935960591133,0.0,0.035565834698532,0.0552942305846212,0.0,0.1576609207942396,0.15752688172043,0.0,0.1016230696936039,0.907553754813864,0.092446245186136,0.9741004507748524,0.016467682173734,1.0,0.375,1.0,-2.3300000000000125,0
1,35652311.0,0.0900432817705413,0.094592152939005,0.0917132433549593,0.070935960591133,0.032537158914442,0.0390607433105264,0.0563181978176698,0.0,0.1601047348898102,0.15752688172043,0.0918110564362307,0.1090976239626713,0.9007541720154044,0.0992458279845956,0.966925395428236,0.0370522848909016,0.3903333333333333,0.375,0.5654761904761905,-2.930000000000007,0
1,36361859.0,0.0900432817705413,0.1018971663930524,0.0984706072641662,0.4571428571428571,0.1124010944317089,0.0668144293469532,0.069971094258317,0.0,0.1584755254927631,0.9564516129032256,0.2988988443475613,0.1758504648169533,0.8400292843388961,0.159970715661104,0.9018786731037668,0.1778509674763277,1.0,1.0,1.0,-2.930000000000007,0
1,37053428.0,0.0900432817705413,0.1099793089379559,0.1059468396743525,1.0,0.236633883014124,0.0863448010022164,0.0537582797350484,0.0,0.1617339442868572,1.0,0.5916427575373865,0.2136201151500285,0.8056703305519898,0.1943296694480102,0.8662078898935743,0.3886372993001235,1.0,1.0,0.8954081632653061,-2.9299999999999926,0
2,24526707.0,0.0723605563511961,0.1077567197381074,0.0996064194957137,0.0,0.0,0.3232276508946066,0.5366441607201903,0.0,0.0511339006473198,0.0,0.0,0.813094801712092,0.2603297496790757,0.7396702503209244,0.1662532341095196,0.0,0.375,0.375,0.3324829931972789,0.0499999999999971,2
2,24979934.0,0.0760113323828655,0.1152793293375946,0.1065938213252341,0.0,0.0,0.31063570074845,0.5157381630454492,0.0,0.068100952796567,0.0,0.0,0.7394517006540237,0.3273226893453145,0.6726773106546855,0.2096680981213269,0.0,0.375,0.375,0.3324829931972789,0.0300000000000011,2
2,25435674.0,0.0678286462572442,0.1179837385737738,0.1093398989989756,0.0,0.0,0.3059586906941633,0.5079730781948312,0.0,0.074268674085388,0.0,0.0,0.7145144709244801,0.3500080231065469,0.6499919768934531,0.2208441136983987,0.0,0.375,0.375,0.3732993197278912,-0.1400000000000005,0
2,25892710.0,0.061499511224419,0.118139164391945,0.1086929173480941,0.0,0.0,0.3110982621823905,0.5165061384702356,0.0,0.0721739762891846,0.0,0.0,0.7257263023280812,0.3398086489088575,0.6601913510911425,0.2115885590319454,0.0,0.375,0.375,0.4277210884353741,0.4099999999999966,2
2,26340843.0,0.0768502532130153,0.1283972683912456,0.1193177937925705,0.0,0.0,0.3601297741800777,0.5979115334975947,0.0,0.065331296821587,0.0,0.0,0.7838470251990598,0.2869363767650835,0.7130636232349166,0.1803721782116596,0.0,0.375,0.375,0.6675170068027212,-0.3800000000000096,0
2,26785797.0,0.0872508222644538,0.1390283943541571,0.1277716873640889,0.0,0.0,0.3969291060357842,0.6590082450694912,0.0,0.0645865153829369,0.0,0.0,0.8078692283735405,0.2650834403080873,0.7349165596919127,0.1649017986538991,0.0,0.375,0.375,0.5722789115646258,0.5799999999999983,2
2,27224691.0,0.0985043798700932,0.1468463130081695,0.135046636594001,0.0,0.0,0.4193890334393369,0.6962977184730088,0.0,0.0661226271001527,0.0,0.0,0.8147043664956966,0.2588655327342747,0.7411344672657254,0.1613364985374267,0.0,0.375,0.375,0.4957482993197279,0.5499999999999972,2
2,27649369.0,0.1092246876231823,0.1527369515168588,0.1405100372014449,0.0,0.0,0.4268928078121486,0.7087559864750995,0.0,0.0715455669503236,0.0,0.0,0.8017617017289043,0.2706394415917844,0.7293605584082157,0.1706365083175517,0.0,0.375,0.375,0.429421768707483,0.539999999999992,2
2,28053694.0,0.1164864588591099,0.160648125661774,0.1479287601315529,0.0,0.0,0.4463203880376473,0.7410109543161286,0.0,0.0745945159647974,0.0,0.0,0.802478288790098,0.2699875641848524,0.7300124358151476,0.168867194793417,0.0,0.375,0.375,0.4770408163265306,0.4699999999999988,2
2,28438296.0,0.1125978015225482,0.1610677753708362,0.1484607228222777,0.0,0.0,0.4417975651280074,0.7335018612737726,0.0,0.0772710742599462,0.0,0.0,0.7925563140966457,0.2790135590500642,0.7209864409499359,0.1746019044570697,0.0,0.375,0.375,0.3818027210884354,0.3699999999999903,2
2,28813101.0,0.1135004514258147,0.1520375353350883,0.1399780745107201,0.0,0.0,0.394616298866082,0.6551683679455591,0.0,0.0851145537857298,0.0,0.0,0.744070931094642,0.3231205872913992,0.6768794127086007,0.2011771714100273,0.0,0.375,0.375,0.2168367346938775,0.4600000000000079,2
2,29185220.0,0.1205071986292458,0.1585654196982796,0.1459734378088888,0.0,0.0,0.4300279464199672,0.7139611532430963,0.0,0.0788537348170776,0.0,0.0,0.7819728744236298,0.2886412869062901,0.7113587130937099,0.1790296337787736,0.0,0.375,0.375,0.5518707482993197,0.4899999999999949,2
2,29553829.0,0.1284029961375126,0.174651991879001,0.1610696763294574,0.0,0.0029579235376765,0.4217532363239215,0.6997962731859247,0.0,0.1066899410866245,0.0,0.0050008815656606,0.7050555217167223,0.3586128048780488,0.6413871951219513,0.2259386697251784,0.0016467682173734,0.375,0.375,0.3664965986394558,0.3400000000000034,2
2,29912195.0,0.1303938609876509,0.1852520326782782,0.1711769674532286,0.0,0.0053242623678177,0.429822363560438,0.7128518554072937,0.0,0.1189090115644774,0.0,0.00859125807434,0.6822901020034122,0.3793224486521181,0.6206775513478819,0.2418713824651249,0.0032935364347468,0.375,1.0,0.4311224489795918,0.1299999999999954,2
2,30254080.0,0.1245438466050089,0.1543222948622053,0.1415020757327966,0.0,0.0053242623678177,0.3308856124120651,0.5485904451057567,0.0,0.1173961742672194,0.0,0.0100017631313212,0.6159451645531944,0.4396762676508344,0.5603237323491657,0.2807251518142132,0.0032935364347468,0.375,0.375,0.0076530612244897,0.8700000000000045,2
2,30573968.0,0.1155618972400123,0.1734241279154483,0.1590280897866758,0.0015763546798029,0.0053242623678177,0.3854678616170376,0.6391262146277986,0.0,0.1212830024001745,0.0021505376344086,0.0091041690041513,0.6483900218007834,0.4101612644415918,0.5898387355584083,0.2606670045255305,0.0032935364347468,0.375,0.375,0.679421768707483,0.9699999999999988,2
2,30765719.0,0.0924898570636304,0.1569800763529331,0.1436155491256762,0.0015763546798029,0.0053242623678177,0.3241013780476052,0.5372414749394686,0.0,0.1244483235144374,0.0024193548387096,0.0098735353988683,0.5944916503826851,0.4591924743260591,0.540807525673941,0.2943017435295582,0.0032935364347468,0.375,0.375,0.1284013605442177,1.1099999999999994,2
2,30565331.0,0.0748870436920023,0.1365571238452347,0.1247955717700339,0.0015763546798029,0.0053242623678177,0.3115094279014487,0.5163354772647275,0.0,0.099567968579533,0.0026881720430107,0.0111558127233967,0.6437266936948608,0.4144034820282414,0.5855965179717587,0.2623385167995875,0.0032935364347468,0.375,0.375,0.3324829931972789,1.0600000000000025,2
2,29807591.0,0.0562689525711531,0.1302002078820318,0.1189727369121003,0.0015763546798029,0.0023663388301412,0.2991230606148212,0.4961974550147728,0.0,0.0956578660266201,0.0026881720430107,0.0051291092981134,0.6434841565356876,0.4146241174582799,0.5853758825417201,0.2624452090723996,0.0016467682173734,0.375,0.0,0.3307823129251701,1.019999999999996,2
2,28938096.0,0.035210325049188,0.107570208756302,0.0982549467138723,0.0015763546798029,0.0035495082452118,0.2554880986797725,0.4235811120710804,0.0,0.0815302931122263,0.0032258064516129,0.0089759412716985,0.6435944006989481,0.4145238286264442,0.5854761713735559,0.2623740808905248,0.0024701523260601,0.375,0.8320383912248629,0.1505102040816326,0.8700000000000045,2
2,28444080.0,0.0186987576444345,0.1003584507931573,0.0919001491652139,0.0015763546798029,0.0011831694150706,0.3214288008737271,0.5334015978155365,0.0,0.0408698814459233,0.0032258064516129,0.0032056933113209,0.8563766602081964,0.2209563543003851,0.779043645699615,0.1412072230668693,0.0008233841086867,0.375,0.0,0.8375850340136055,0.6500000000000057,2
2,28237830.0,0.0188737094476345,0.1041197555929009,0.0963140017612278,0.0015763546798029,0.0011831694150706,0.3377212424914072,0.560451398888569,0.0,0.0391242999490872,0.0032258064516129,0.003077465578868,0.8735196275952166,0.2053514120667522,0.7946385590500642,0.1320227965822908,0.0008233841086867,0.375,0.375,0.4855442176870748,0.0,1
2,28213015.0,0.021952018086179,0.1032338284293249,0.0954944916701112,0.0015763546798029,0.0011831694150706,0.3317079438501815,0.5504677183663457,0.0,0.0405207651465561,0.0032258064516129,0.003077465578868,0.8639063365588939,0.2141066270860077,0.7858933729139923,0.1375263396548505,0.0008233841086867,0.375,0.375,0.3681972789115647,0.0,1
2,28300861.0,0.021952018086179,0.0870695433395179,0.0805420268497385,0.0015763546798029,0.0011831694150706,0.3341235424496482,0.5544782566957858,0.0,0.015221470652411,0.003763440860215,0.0035903765086794,0.9959678197287444,0.0939706354300385,0.9060293645699616,0.0587785512967556,0.0008233841086867,0.375,0.375,0.4107142857142857,0.0,1
2,28405544.0,0.021952018086179,0.0997678326841067,0.0922883381557428,0.0015763546798029,0.0011831694150706,0.3753429057852301,0.62291340010453,0.0,0.0155705869517783,0.0032258064516129,0.0032056933113209,1.0,0.0859776155327342,0.9140223844672656,0.0534439376561485,0.0008233841086867,0.375,0.375,0.6079931972789117,0.0,1
1,77154016.0,0.0416908854860941,0.0165062218897836,0.0152687669608036,0.0,0.0,0.0747807651537053,0.1241560270071357,0.0,0.0269983271510655,0.0,0.0,0.6039395751741169,0.4505977214377408,0.5494022785622593,0.2633165293003654,0.0,0.375,0.375,0.8273809523809524,0.0,1
1,77969357.0,0.0457288542945128,0.0228009675257181,0.0210916018187373,0.0,0.0,0.0935915968006167,0.1553870276151163,0.0,0.0279060295294203,0.0,0.0,0.6558425272371987,0.4033817394094994,0.5966182605905007,0.2356209934828803,0.0,0.375,0.375,0.8273809523809524,0.0,1
1,78772227.0,0.050150366806773,0.0308675674888044,0.028553456858904,0.0,0.0,0.0935402010857344,0.1553016970123622,0.0,0.0400087279074841,0.0,0.0,0.5604592771841437,0.4901516367137356,0.5098483632862645,0.2833213304526419,0.0,0.375,0.375,0.397108843537415,0.0,1
1,79563778.0,0.0550416122556313,0.0388409119609881,0.0359290476789533,0.0,0.0,0.0976004625614339,0.1620428146299318,0.0,0.0501098261691759,0.0,0.0,0.5114888198637935,0.5346999358151476,0.4653000641848524,0.3111946867248139,0.0,0.375,0.375,0.4719387755102041,0.0,1
1,80338977.0,0.0606103189793076,0.0470318525786114,0.0435059216792768,0.0,0.0,0.0915871639202081,0.1520591341077085,0.0,0.0650985526220088,0.0,0.0,0.4252227621123884,0.6131759467265726,0.3868240532734274,0.3390947160651889,0.0,0.375,0.375,0.2933673469387755,0.0,1
1,81088309.0,0.066428499959595,0.0561708906870792,0.0525061553115396,0.0,0.0,0.0852140952748064,0.1410514863524367,0.0,0.0816699396319732,0.0,0.0,0.3509733181563869,0.6807204749679077,0.3192795250320924,0.3883687640589296,0.0,0.375,0.375,0.2797619047619047,-0.3800000000000025,0
1,82167901.0,0.0721342020404253,0.0652166733046443,0.0617220494940962,0.0,0.0,0.1016093283222511,0.1681866180282231,0.0,0.0877911120808786,0.0,0.0,0.3764286954532552,0.6575637836970476,0.3424362163029525,0.3757435117761596,0.0,0.375,0.375,0.7253401360544218,-0.9699999999999988,0
1,83633374.0,0.0783771253209141,0.0749463295221627,0.0731089265496109,0.0,0.0,0.1157431499148758,0.1914818725800774,0.0,0.0959604334860717,0.0,0.0,0.3869570130446407,0.6479862002567395,0.3520137997432606,0.367332604269469,0.0,0.375,0.375,0.6352040816326532,-2.6300000000000097,0
1,85175789.0,0.0836524917717774,0.0854997425759886,0.0837194256240677,0.0,0.0,0.1337830458385532,0.2216889059550094,0.0,0.1035944432322351,0.0,0.0,0.404463786170421,0.6320603337612324,0.3679396662387676,0.3521734105074107,0.0,0.375,0.375,0.6641156462585034,-3.219999999999999,0
1,86460023.0,0.0889540100067835,0.1005605043567799,0.0983843430440487,0.0,0.0005915847075353,0.1544441232212264,0.2558211470566275,0.0,0.1167910393483162,0.0,0.001538732789434,0.4108138499742305,0.6262836970474968,0.3737163029525032,0.3433712980004089,0.0,0.375,0.375,0.6607142857142858,-3.730000000000004,0
1,87455148.0,0.0956532269443795,0.1177816850101512,0.1156228096975361,0.0015763546798029,0.0023663388301412,0.1470945359930615,0.2433628790545369,0.0,0.1459073387155429,0.0029569892473118,0.0056420202279247,0.3440058870383182,0.687058729139923,0.312941270860077,0.3778417931414651,0.0016467682173734,0.375,1.0,0.3171768707482993,-4.640000000000001,0
1,88468315.0,0.1025459464190838,0.1329978726091138,0.1285911974552055,0.0015763546798029,0.0023663388301412,0.211698949600077,0.3505381161136177,0.0,0.1394370499672703,0.0026881720430107,0.0050008815656606,0.4473377412624611,0.5930580070603338,0.4069419929396662,0.3376188062912877,0.0016467682173734,0.375,0.375,1.0,-3.8699999999999903,0
1,89510355.0,0.1092831557093685,0.1542134967894854,0.1447369839872041,0.0015763546798029,0.0023663388301412,0.2745559089010954,0.454897443281815,0.0,0.1427420176012801,0.0024193548387096,0.0044879706358492,0.5114006245331849,0.5347801668806162,0.4652198331193838,0.3055399962657704,0.0016467682173734,0.375,0.375,0.9039115646258504,-1.4500000000000028,0
1,90573103.0,0.11645450663073,0.1686680978794089,0.1593731466671459,0.0015763546798029,0.0041410929527471,0.2978895634576467,0.4933815451238894,0.0,0.1538206415012001,0.0021505376344086,0.0071807530173588,0.5133960438882015,0.5329649390243902,0.4670350609756098,0.3072826367217021,0.0032935364347468,0.375,1.0,0.5433673469387755,-2.3300000000000125,0
1,91679582.0,0.1252071721051066,0.194764092750357,0.1822331649982927,0.0015763546798029,0.0041410929527471,0.3201953037165526,0.530415026719145,0.0,0.1827972943486799,0.0018817204301075,0.0064113866226418,0.4862429064771203,0.55766607830552,0.4423339216944801,0.3337512114018475,0.0032935364347468,0.375,0.375,0.5263605442176871,-1.4399999999999975,0
1,92823254.0,0.1353414385242928,0.2269061519481655,0.211304207177902,0.0015763546798029,0.0070990164904237,0.2894606662169541,0.4788753426557017,0.0,0.244846897956215,0.0016129032258064,0.0094888522015098,0.3834291998203021,0.6511954428754815,0.3488045571245186,0.4071910591875383,0.0049403046521202,0.375,1.0,0.2355442176870748,-0.9799999999999898,0
1,94000115.0,0.1457229013286961,0.2537015630008839,0.2365940010423593,0.0015763546798029,0.0118316941507062,0.3303202595483601,0.545603874009365,0.0,0.2664688340970253,0.0016129032258064,0.0143615060347176,0.3954568380320315,0.6402539313222081,0.3597460686777921,0.4119566473731473,0.0074104569781803,0.375,0.9846892138939672,0.6386054421768708,-1.3300000000000125,0
1,95176978.0,0.1572127955921938,0.2778702777265088,0.258059414481606,0.0015763546798029,0.0207054647637358,0.4446243294465324,0.7333312000682645,0.0,0.2508982471452469,0.0013440860215053,0.0230809918415105,0.4897927685341109,0.5544367779204109,0.4455632220795892,0.3598819272180878,0.0131741457389872,0.375,1.0,0.9872448979591838,-0.710000000000008,0
1,96237319.0,0.1704295852331216,0.312778916487765,0.2916593282173859,0.0031527093596059,0.0289876506692301,0.4321351707301403,0.7089266476806075,0.0,0.3088282784202488,0.0024193548387096,0.0289794675343409,0.4267992536470147,0.6117418164313223,0.3882581835686778,0.4064264312323846,0.0189378344997941,1.0,0.7406307129798904,0.3511904761904762,-1.6200000000000043,0
1,97173778.0,0.184431338241514,0.3434133452493127,0.3194651618352713,0.7598029556650246,0.0425940989425423,0.3701005428672384,0.564205945409747,0.0,0.3827943850461852,0.5470430107526881,0.0389812306656622,0.3351202074795153,0.6951420089858794,0.3048579910141207,0.4695704746917037,0.2050226430629889,1.0,0.8037020109689215,0.1539115646258503,-1.25,0
1,98079196.0,0.1902877166447474,0.3544641209212865,0.3300612835397085,1.0,0.0579753013384603,0.436606597924898,0.6218041022687275,0.0,0.3692253982107791,1.0,0.0515475484460401,0.3838260788080402,0.6508344030808729,0.3491655969191271,0.4469428218327954,0.4347468093865788,1.0,0.704981718464351,0.7049319727891157,-1.509999999999991,0
1,98935101.0,0.1956711356310516,0.3694005420475408,0.3428858975971821,1.0,0.1975892923167935,0.5575407150428833,0.6712958518660737,0.0,0.3368274056295004,1.0,0.1688759236403853,0.4715583839308108,0.5710245507060334,0.4289754492939666,0.3994825424768611,1.0,1.0,1.0,0.8698979591836735,-0.8199999999999932,0
1,99680656.0,0.2129506008052482,0.3872745111372312,0.361576478622648,1.0,0.5377504991495969,0.6739520092512286,0.8184058110140475,0.0,0.3108764273765365,1.0,0.4396928945807755,0.5452896803194878,0.503951379974326,0.496048620025674,0.3464475918664924,1.0,0.365,1.0,0.7542517006802721,-2.319999999999993,0
1,100352189.0,0.2129506008052482,0.4051173950632874,0.3797494743274087,1.0,0.6856466760334244,0.6104269056567408,0.6879353194031125,0.0,0.3663626445559678,1.0,0.5372741989773839,0.4733994614572626,0.5693497272143774,0.4306502727856226,0.3971175304295252,1.0,0.3736666666666666,0.6263711151736746,0.2389455782312925,-3.480000000000018,0
1,100987685.0,0.2129506008052482,0.4470668233876999,0.4187265244505149,1.0,0.7542705021075204,0.6597153962288395,0.7570531076338891,0.0,0.4068601352825661,1.0,0.5385564763019123,0.4661343710983902,0.5759587612323492,0.4240412387676508,0.4077156295288647,1.0,0.3796666666666666,0.4664076782449726,0.5365646258503401,-3.6000000000000227,0
1,101598530.0,0.2129506008052482,0.4570296183324752,0.4279424186330716,1.0,0.8501072247282406,0.723600269827503,0.8733587191876526,0.0,0.3928489344679614,1.0,0.5944637676513489,0.5007069406969086,0.5445081835686778,0.4554918164313222,0.3867417068985445,1.0,0.3023333333333333,0.4910877513711151,0.5637755102040817,-3.599999999999966,0
